rank,sector,group,ticker_a,ticker_b,latest_corr,min_corr,std_corr,passed_stage_a,pvalue_ab,pvalue_ba,cointegrated,hedge_ratio,n_crossings,passed_stage_b
1,Communication Services,Telecom Services (1),CHTR,LBRDA,0.960671869587993,0.9582069410591046,0.0009182006415912,True,2.2608963354221344e-15,2.621042679003473e-15,True,4.3254247238274015,41.0,True
2,Financial Services,Banks - Regional (1),PNC,FITB,0.8171388357265882,0.77442967019684,0.0141822501785295,True,0.0028988278798868,0.0024638623754376,True,3.794100110132195,35.0,True
3,Financial Services,Banks - Regional (1),FITB,CBSH,0.6617893524269272,0.6617893524269272,0.0198936459430288,True,0.0009069459972514,0.0014667389127152,True,1.184799478436552,32.0,True
4,Consumer Cyclical,Residential Construction,SKY,KBH,0.732321546189768,0.7083338670640201,0.0097798912463693,True,0.000654862346916,0.0021593923916223,True,1.3423967108297945,31.0,True
5,Technology,Electronic Components (1),JBL,TTMI,0.6992707837842861,0.6807780550177943,0.0097708977372274,True,0.0109198257281255,0.0128060323160514,True,1.1953391616945177,29.0,True
6,Consumer Cyclical,Residential Construction,TOL,SKY,0.7484852783559923,0.7484852783559923,0.0029525532261975,True,0.0011920110233501,0.000478221695434,True,1.160300141647117,29.0,True
7,Financial Services,Banks - Diversified,JPM,BAC,0.766470523084134,0.7608590464734816,0.0120166446996309,True,0.0002834288097725,0.0004895481440751,True,4.18561581400861,29.0,True
8,Technology,Electronic Components (1),JBL,LFUS,0.6844016940846406,0.6844016940846406,0.0088461389752077,True,0.0273879720555893,0.0178255912169129,True,0.8294897827855092,27.0,True
9,Consumer Cyclical,Residential Construction,PHM,SKY,0.7604436943118267,0.7604436943118267,0.0163945078321342,True,0.0003912114233217,0.0001007903436284,True,1.0043858154534264,27.0,True
10,Consumer Cyclical,Residential Construction,PHM,KBH,0.8204624606829386,0.80460592874874,0.0069512067306358,True,0.0214753465205194,0.0259127855929898,True,1.4528514446559266,26.0,True
11,Financial Services,Asset Management (2),BX,KKR,0.8192393947630606,0.796741363019649,0.0101653811701897,True,0.0018140588992016,0.0007826306835031,True,1.2619818230051374,26.0,True
12,Technology,Information Technology Services (1),CTSH,GLOB,0.7331350694557244,0.6847869871689551,0.0190757655228339,True,0.0083566617352827,0.0052203907358335,True,1.122774053912431,25.0,True
13,Technology,Software - Application (3),MNDY,ASAN,0.7536876898889514,0.7536876898889514,0.0161238451684283,True,0.0132902925450931,0.0191747566095853,True,11.129614839887346,25.0,True
14,Technology,Semiconductor Equipment & Materials (1),KLAC,UCTT,0.8147990459431919,0.7868032016187276,0.0179559128646388,True,0.0334713675373488,0.0108214115789472,True,1.6368779792970056,24.0,True
15,Consumer Cyclical,Residential Construction,MTH,GRBK,0.7591276008533718,0.6978915921503096,0.0218733130596413,True,0.0016533917477805,0.0013123144418541,True,1.2218232742270791,24.0,True
16,Technology,Semiconductors (1),LSCC,AIP,0.7192660830206383,0.6516408563521698,0.022154265412826,True,0.0202785405142751,0.0333228903475917,True,2.118568654054028,23.0,True
17,Financial Services,Asset Management (4),AMP,RJF,0.768333346715903,0.768333346715903,0.0127311349294794,True,0.0296326521112462,0.011264803716213,True,3.2101077391909247,23.0,True
18,Financial Services,Banks - Regional (1),FITB,MTB,0.7670375344144632,0.7592312826330164,0.0059581919249209,True,0.0188408536007076,0.0217790088107352,True,0.2776299322334409,23.0,True
19,Technology,Electronic Components (1),PLXS,BHE,0.7414684228668975,0.7079971419523565,0.0120592848922591,True,0.0197252806800062,0.0224539375674184,True,2.4067155227680384,22.0,True
20,Consumer Cyclical,Packaging & Containers,CCK,GEF,0.7472622690481537,0.7087626088066008,0.0195183407928499,True,0.019918923481409,0.0238762024292734,True,1.421091099226183,22.0,True
21,Technology,Software - Application (2),CRM,ADBE,0.7664478312961704,0.6919061087747037,0.0375654643606144,True,0.0087582662592798,0.0250518195445847,True,0.6292574370716648,21.0,True
22,Consumer Cyclical,Residential Construction,TOL,KBH,0.7345941207702974,0.6941089590661859,0.0162699975438813,True,0.0127892800255971,0.028907719409305,True,1.6457975935303235,21.0,True
23,Financial Services,Capital Markets (3),HUT,CLSK,0.6740854888038144,0.661530989884359,0.011317246570809,True,0.0256798305028552,0.0204869632526449,True,9.337989198255084,17.0,True
24,Financial Services,Capital Markets (3),RIOT,CLSK,0.7052107132171642,0.7047739599024797,0.0149071863596938,True,0.004025950108988,0.0033989236718921,True,1.6761305717428958,16.0,True
25,Consumer Cyclical,Residential Construction,CVCO,GRBK,0.7295455863773886,0.7295455863773886,0.0149861813778325,True,0.0001112274721979,0.0164580474184103,True,7.533825234856135,14.0,True
26,Consumer Cyclical,Lodging,MAR,HLT,0.815394651378209,0.815394651378209,0.0082988643039437,True,0.2805809893017873,0.2714553022181802,False,1.4498393175625528,31.0,False
27,Consumer Cyclical,Packaging & Containers,SW,AMCR,0.7106804736373487,0.6606246135784962,0.022760937086198,True,0.0218991083266084,0.0950374755251079,False,0.732951523605625,31.0,False
28,Consumer Cyclical,Residential Construction,TOL,GRBK,0.7773862591022085,0.7734656470790982,0.0055683714874936,True,0.1315327319843273,0.0588115026052402,False,1.7457362936893135,30.0,False
29,Technology,Semiconductor Equipment & Materials (1),UCTT,ICHR,0.8639796550212863,0.8214865042543144,0.0151364092246789,True,0.3288029807050969,0.3957065511981272,False,1.048329621284143,27.0,False
30,Consumer Cyclical,Residential Construction,PHM,TOL,0.8706457153719331,0.8706457153719331,0.0087539577092711,True,0.242440231356753,0.2273050455519707,False,0.7973430043357301,27.0,False
31,Consumer Cyclical,Residential Construction,TOL,CVCO,0.664525460070785,0.664525460070785,0.0077620671651329,True,0.0582638247787749,0.4364716683292051,False,0.1410817292311225,27.0,False
32,Consumer Defensive,Household & Personal Products,KVUE,KMB,0.8814689068101859,0.8600664199487112,0.0090360506275763,True,0.4966441549790164,0.5118457473878906,False,0.1358001349541288,27.0,False
33,Financial Services,Banks - Regional (2),WTFC,RNST,0.7769504345031929,0.6817745164283041,0.0521557352385226,True,0.0555061351004297,0.0487552402374627,False,3.4707821598082744,27.0,False
34,Technology,Semiconductor Equipment & Materials (1),ENTG,ONTO,0.7642519703998378,0.7157914204434477,0.0241528505797986,True,0.0223496479291785,0.095005771193605,False,0.3167316631812971,26.0,False
35,Consumer Cyclical,Lodging,HLT,H,0.7875874724811815,0.7487881521471023,0.0158205335159303,True,0.1694195924573497,0.4592244712639057,False,0.768215553415652,26.0,False
36,Financial Services,Asset Management (4),CRBG,EQH,0.8377277950517962,0.8324312044723728,0.0140400703534714,True,0.1847493506445439,0.6494742127752899,False,0.7397546368951291,26.0,False
37,Technology,Software - Infrastructure (2),PLTR,RBRK,0.6668540489332334,0.6668540489332334,0.0226546728527455,True,0.0011904908769034,0.2041598074227087,False,-0.3689065311968911,25.0,False
38,Technology,Electronic Components (1),JBL,PLXS,0.6992556241453391,0.6992556241453391,0.015353050967718,True,0.0554979793144222,0.2507939943410444,False,1.256115036132738,25.0,False
39,Consumer Cyclical,Residential Construction,DHI,GRBK,0.7877929149613828,0.7707229104106997,0.0077620334649827,True,0.4625052541012042,0.7096850201074734,False,1.5622432574123808,25.0,False
40,Consumer Cyclical,Residential Construction,DHI,MTH,0.746821954907252,0.6827498025097013,0.0251162715582174,True,0.2155222524641773,0.3430850611594532,False,1.1730918603404246,24.0,False
41,Consumer Cyclical,Residential Construction,DHI,KBH,0.7406652661745294,0.7202271941135173,0.0119266118146362,True,0.6693999139920499,0.8196876152397308,False,1.3227757289137756,24.0,False
42,Consumer Cyclical,Packaging & Containers,SW,GEF,0.7087441968531927,0.6856781353041486,0.0140917563405758,True,0.059715866804778,0.308804056119715,False,0.6294212047620176,24.0,False
43,Financial Services,Banks - Regional (1),PNC,KEY,0.7253269799115585,0.6800768972450365,0.0214578303843901,True,0.8284767955119723,0.5238083562349899,False,11.81535881564435,24.0,False
44,Technology,Software - Infrastructure (2),TWLO,BAND,0.6742647623753361,0.6613464223343646,0.0166757873657885,True,0.0650979218039562,0.0830972001726785,False,1.6892222029071575,23.0,False
45,Technology,Semiconductor Equipment & Materials (1),ONTO,UCTT,0.7433367249256522,0.6564715975781023,0.0337004627223359,True,0.4108610402897348,0.4082233474948383,False,1.9605700065455325,23.0,False
46,Technology,Information Technology Services (1),ACN,GLOB,0.7144417869295058,0.6942575068554961,0.0106631828019232,True,0.0596181766800428,0.0554101776418838,False,3.580350589821192,23.0,False
47,Technology,Software - Application (2),HUBS,RNG,0.6659755625113536,0.6659755625113536,0.0092498909324535,True,0.0557470280440098,0.2176752107701103,False,-2.037201056854538,23.0,False
48,Technology,Electronic Components (1),TTMI,BHE,0.6984801012681876,0.6955283948900154,0.0077721560090083,True,0.2916629180708994,0.2977147721328647,False,2.418791455485489,23.0,False
49,Financial Services,Insurance - Property & Casualty (1),CB,WRB,0.660601311445843,0.6541350665957565,0.02731826346155,True,0.0652995707802893,0.6861027597149727,False,3.50261122190133,23.0,False
50,Technology,Semiconductor Equipment & Materials (1),AMAT,UCTT,0.8182324320114059,0.7772528823127566,0.0180641039194265,True,0.7927179765660686,0.6361892303191006,False,4.30635912140295,22.0,False
51,Technology,Semiconductor Equipment & Materials (1),NVMI,ACLS,0.726110978527152,0.6973472047964059,0.0103114118690347,True,0.2842493713937875,0.6851991594953171,False,0.948393100125964,22.0,False
52,Consumer Cyclical,Residential Construction,TOL,MTH,0.6899888452338893,0.6559448632873889,0.0124786032719023,True,0.0439949794831838,0.193587281834275,False,1.364088532074706,22.0,False
53,Financial Services,Insurance - Property & Casualty (2),AFG,THG,0.766409097715885,0.7411195070636409,0.009850889025437,True,0.0639794095555633,0.1418001409523334,False,0.2833680741070612,22.0,False
54,Financial Services,Banks - Regional (1),TFC,BOKF,0.6696648808530915,0.6696648808530915,0.0184331545839968,True,0.6765794752383498,0.8281148711402576,False,0.4186228084306322,22.0,False
55,Financial Services,Banks - Regional (1),CFG,KEY,0.790769136502506,0.6526770471201359,0.0527699447405095,True,0.6773472919735992,0.4978919568071465,False,3.420282309284505,22.0,False
56,Financial Services,Banks - Regional (1),BOKF,SYBT,0.7680106770012144,0.7494005111176724,0.0125548943371293,True,0.1814792955379923,0.4651194677340561,False,0.8756273896338785,22.0,False
57,Technology,Semiconductors (3),TXN,MPWR,0.6782407725916157,0.6782407725916157,0.0049457521189144,True,0.8020210541867641,0.7548017347208968,False,0.1919282975929258,21.0,False
58,Technology,Software - Infrastructure (2),BAND,FIVN,0.6565428902189592,0.6565428902189592,0.0132555580336762,True,0.1381133905487314,0.0968085312884168,False,5.963089635032475,21.0,False
59,Technology,Semiconductor Equipment & Materials (1),AMAT,ICHR,0.7829908196525783,0.7502245906470655,0.0154648549947656,True,0.3943428108865912,0.360841927253483,False,4.590472318332111,21.0,False
60,Technology,Semiconductor Equipment & Materials (1),NVMI,ICHR,0.6872325040151164,0.666032983322838,0.0106585742132498,True,0.7179294054201116,0.8759801747071951,False,1.1055991146197806,21.0,False
61,Technology,Semiconductor Equipment & Materials (1),KLIC,ACLS,0.7269734481290498,0.6976317627748486,0.009426669431005,True,0.4691649358513042,0.5057659879959828,False,0.5908645205938938,21.0,False
62,Consumer Cyclical,Packaging & Containers,SW,PKG,0.6626719239604766,0.6626719239604766,0.0199398334561151,True,0.0626428020320003,0.1774096126710474,False,0.2473456850430749,21.0,False
63,Consumer Defensive,Household & Personal Products,PG,CL,0.7552272138607337,0.6937206244801943,0.020882656288839,True,0.452746501868034,0.2129362250883754,False,1.1993750807712076,21.0,False
64,Consumer Defensive,Education & Training Services,UTI,LINC,0.7720426527112391,0.6942301786597236,0.0300436372242043,True,0.1867343654321187,0.2751421442461609,False,0.6149913118588101,21.0,False
65,Financial Services,Capital Markets (3),IREN,WULF,0.7367253492836341,0.7367253492836341,0.0164173508052813,True,0.2088042436317823,0.365374545501451,False,1.2182157154031543,21.0,False
66,Financial Services,Capital Markets (3),IREN,HUT,0.7123958752846706,0.6733387709399089,0.0195890748694875,True,0.380803993516694,0.9350089614721528,False,0.1922858930273164,21.0,False
67,Financial Services,Banks - Regional (1),MTB,CFG,0.735698655015401,0.6887342794005296,0.0188944271862349,True,0.6807789227111146,0.624244626518657,False,2.992301408895037,21.0,False
68,Financial Services,Banks - Regional (1),MTB,KEY,0.7593105047535826,0.7255408441716567,0.0116835201796175,True,0.9109886099078306,0.7586097976832508,False,10.298381351399804,21.0,False
69,Financial Services,Banks - Regional (2),RNST,CBU,0.8282927527047711,0.8161296604916878,0.0072807699725947,True,0.5839493913472436,0.5823826053006829,False,0.6851006173982033,21.0,False
70,Technology,Semiconductor Equipment & Materials (1),LRCX,ACMR,0.7567495683287124,0.6903048360977327,0.0226896397039797,True,0.4706216539142594,0.53524055200131,False,2.472698451826989,20.0,False
71,Technology,Semiconductor Equipment & Materials (1),CAMT,UCTT,0.6753788513668971,0.6716310088276808,0.0121022726595168,True,0.5031261429957227,0.8859582539065405,False,0.2370830617978458,20.0,False
72,Technology,Electronic Components (1),GLW,JBL,0.701375333496009,0.6589833167580896,0.0162704624735008,True,0.048431976437311,0.1967977983544643,False,0.5929547779717804,20.0,False
73,Consumer Cyclical,Travel Services,CCL,NCLH,0.8189450542001183,0.8189450542001183,0.011026136787483,True,0.5871981693349211,0.6367478458795222,False,0.930869072929748,20.0,False
74,Consumer Cyclical,Auto & Truck Dealerships,PAG,GPI,0.7507152319847695,0.6561185616038676,0.0398084203115359,True,0.9885313935478528,0.0319747170160802,False,-0.1537095258677325,20.0,False
75,Consumer Cyclical,Residential Construction,PHM,CVCO,0.6937056000926305,0.6937056000926305,0.0109223626011284,True,0.0541268163564336,0.002797656157237,False,0.1036597769168111,20.0,False
76,Consumer Cyclical,Packaging & Containers,AMCR,SLGN,0.6554359057205299,0.6554359057205299,0.0129566633955014,True,0.2852498081663019,0.1595353208038481,False,0.8918522494638655,20.0,False
77,Financial Services,Capital Markets (3),WULF,HUT,0.7629686634681968,0.7613038291156174,0.0081069309193861,True,0.6704399774206822,0.8645704194513628,False,0.1482666375120079,20.0,False
78,Financial Services,Capital Markets (3),WULF,RIOT,0.7186827739472136,0.7186827739472136,0.0189220020558881,True,0.1480590344819529,0.2714652928730272,False,0.848025240555604,20.0,False
79,Financial Services,Banks - Regional (1),FITB,CFG,0.6948083443297944,0.6926982775083093,0.0073541366905925,True,0.3088061522821025,0.3328987505894189,False,0.8741946423016058,20.0,False
80,Financial Services,Banks - Regional (1),KEY,BOKF,0.7165496028461041,0.664625009953942,0.0158937101736981,True,0.256611222385403,0.0796276808610733,False,0.2229333481523016,20.0,False
81,Technology,Semiconductors (3),MPWR,SITM,0.6864163254657674,0.6864163254657674,0.0055185569424467,True,0.3131071381454371,0.4531410312450943,False,1.1157518881356046,19.0,False
82,Technology,Software - Infrastructure (1),PATH,GTLB,0.6999242211195278,0.6665613685108432,0.0172009704360961,True,0.1436319812385382,0.9273947402135112,False,0.1522142689665306,19.0,False
83,Technology,Semiconductor Equipment & Materials (1),LRCX,ONTO,0.8100673257415159,0.7541305993884144,0.023078479810005,True,0.5423082429563792,0.4691981565132087,False,1.0776423865790532,19.0,False
84,Technology,Semiconductor Equipment & Materials (1),ONTO,ICHR,0.7328697205231139,0.6851870940881304,0.0160663070754264,True,0.1173952294117211,0.1806065820909946,False,2.098118661502319,19.0,False
85,Technology,Semiconductor Equipment & Materials (1),ACLS,VECO,0.870271681795209,0.839215460687388,0.0143243182760595,True,0.4128120911470297,0.3926492082003882,False,2.199694919864191,19.0,False
86,Technology,Information Technology Services (1),ACN,EPAM,0.7918809688006981,0.7792740069343267,0.0087864164586477,True,0.5312481389169734,0.5554823475583709,False,0.9573600013675464,19.0,False
87,Technology,Electronic Components (2),KN,CTS,0.675977206800879,0.6560758141153675,0.0077284469346683,True,0.6416142595419533,0.4403283091478779,False,0.8663629710802823,19.0,False
88,Consumer Cyclical,Residential Construction,TOL,MHO,0.7712556986275515,0.7367686858744875,0.0131672735061906,True,0.8009188076110016,0.9301766861347364,False,0.7374362371420388,19.0,False
89,Consumer Cyclical,Packaging & Containers,SW,IP,0.738767855610411,0.738767855610411,0.0203137656889446,True,0.0776041667483789,0.4186895466012085,False,0.5582458030253022,19.0,False
90,Financial Services,Credit Services (2),COF,OMF,0.7406473762562551,0.6660930725139008,0.0344951622981969,True,0.0385335259861991,0.0721321381434571,False,3.1502351147173258,19.0,False
91,Financial Services,Capital Markets (3),IREN,CLSK,0.712364612546283,0.7016005442085855,0.0078498010614035,True,0.5629457521377628,0.9882275176228724,False,2.4360546760385846,19.0,False
92,Financial Services,Asset Management (2),KKR,ARES,0.776849623392233,0.7640791637919532,0.0154284989143587,True,0.500404477134892,0.7346853633437391,False,0.4783745658362522,19.0,False
93,Financial Services,Banks - Regional (1),PNC,MTB,0.7802145089927651,0.7386747887080871,0.0135145068140951,True,0.0779689654217362,0.0629105571714533,False,1.063361368149636,19.0,False
94,Financial Services,Banks - Regional (1),TFC,HBAN,0.7506005365815388,0.7506005365815388,0.0186350602889195,True,0.6170858714265743,0.7865244069336893,False,2.363874462773947,19.0,False
95,Financial Services,Banks - Regional (1),HBAN,MTB,0.8209362372202227,0.7656446298724795,0.025322825811162,True,0.8778834335100916,0.9852647537203992,False,0.0658544267283922,19.0,False
96,Financial Services,Banks - Regional (1),MTB,UMBF,0.6787512436032409,0.6756104016463157,0.012294562388623,True,0.568212234793696,0.6466534900185241,False,1.1087832529348327,19.0,False
97,Technology,Semiconductors (2),MTSI,SMTC,0.7548042030969896,0.6853545716444354,0.0272486532064452,True,0.4833564891651287,0.703827807336466,False,1.8668541647349075,18.0,False
98,Technology,Semiconductors (3),SITM,DIOD,0.6902016220117252,0.6516812064110522,0.0159227840303864,True,0.1481309924539943,0.1278715811212332,False,7.468282572244523,18.0,False
99,Consumer Cyclical,Auto & Truck Dealerships,AN,ABG,0.8192059850171484,0.773530788002935,0.0146692331055795,True,0.172424986479529,0.4517806129401157,False,0.4341535203294289,18.0,False
100,Consumer Cyclical,Packaging & Containers,SLGN,GEF,0.732346227922748,0.694085988833879,0.0144454213697589,True,0.2202270800006199,0.2274624423759431,False,0.8337355916109547,18.0,False
101,Financial Services,Capital Markets (1),MS,GS,0.8122889433524999,0.7940958445562876,0.008499472232047,True,0.1048932874421589,0.0830836126851751,False,0.2331290753898473,18.0,False
102,Financial Services,Capital Markets (1),MC,PJT,0.7514050317180364,0.6843549364701879,0.0250184855424577,True,0.092512390361133,0.0423582451701389,False,0.4727354366646487,18.0,False
103,Financial Services,Asset Management (2),BX,BN,0.7765212121011122,0.6983221626369106,0.0337600018194574,True,0.0124336888992423,0.7590968446303901,False,2.851284573558349,18.0,False
104,Financial Services,Banks - Regional (1),PNC,CFG,0.7202387600958414,0.6553470525744651,0.0235332414087583,True,0.105958534608092,0.0977966858780086,False,3.4115991405745545,18.0,False
105,Financial Services,Banks - Regional (1),KEY,UMBF,0.6593866536093503,0.6593866536093503,0.0106689417282116,True,0.337691513066116,0.4838906862637884,False,0.1056719187105932,18.0,False
106,Technology,Semiconductors (1),LSCC,RMBS,0.7613045697450731,0.6682910905308935,0.0377632841210534,True,0.6377290066367745,0.3729838474930737,False,0.837157419326144,17.0,False
107,Technology,Semiconductors (2),ALAB,CRDO,0.7835959263683272,0.7448496869253259,0.0172016700128666,True,0.0701527229021118,0.0610674920514047,False,1.7830843095636308,17.0,False
108,Technology,Semiconductors (3),ADI,MPWR,0.6803723128016081,0.6624256630244728,0.0101288638929969,True,0.2648371849763548,0.2725271085978169,False,0.1880486670246043,17.0,False
109,Technology,Software - Infrastructure (2),RBRK,ZETA,0.651412506497596,0.651412506497596,0.0219408770194582,True,0.3529764763215715,5.124181576109213e-05,False,4.472231489414401,17.0,False
110,Technology,Semiconductor Equipment & Materials (1),LRCX,KLIC,0.7034923267039312,0.6769515729829211,0.0266616977015408,True,0.0985938674162362,0.108884666821012,False,2.5286690867568384,17.0,False
111,Technology,Semiconductor Equipment & Materials (1),ENTG,CAMT,0.7253486971783959,0.6560263474521424,0.0292920664886288,True,0.3081415551451015,0.5617631309435308,False,0.5241732195917814,17.0,False
112,Technology,Semiconductor Equipment & Materials (2),TER,AMKR,0.712212382462242,0.6664080266109214,0.0252351387846975,True,0.0296633340880153,0.3338417034563864,False,3.235016482210535,17.0,False
113,Technology,Information Technology Services (1),G,GLOB,0.7529047334047863,0.7529047334047863,0.0058812634466211,True,0.478761244660973,0.3408688410583963,False,0.4296471299272255,17.0,False
114,Technology,Software - Application (2),CRM,NOW,0.7891908950312416,0.7880574755082163,0.011605632055294,True,0.8377565514231944,0.4908524668696985,False,1.0734856226554872,17.0,False
115,Technology,Software - Application (2),CRM,HUBS,0.7726059122191121,0.7437398530837754,0.0140861335303815,True,0.1329697298447976,0.1428390830926552,False,0.4322024349906944,17.0,False
116,Technology,Software - Application (7),ADP,PAYX,0.848978257069647,0.7523184373153005,0.038895035844891,True,0.1758248342825488,0.3688003924235645,False,2.409939173672843,17.0,False
117,Technology,Electronics & Computer Distribution,ARW,AVT,0.8075319824269507,0.8075319824269507,0.0047391777898119,True,0.065208654097279,0.0501528577351482,False,2.7950963979160983,17.0,False
118,Consumer Cyclical,Travel Services,BKNG,EXPE,0.6969353450912957,0.6949258779171834,0.0173788440555992,True,0.1554341141452718,0.4012553803595216,False,0.4481022927500087,17.0,False
119,Consumer Cyclical,Auto & Truck Dealerships,AN,GPI,0.8386471079637065,0.7697365633928405,0.0258338278767773,True,0.4691113873487573,0.1874635837455347,False,0.3338473154929715,17.0,False
120,Consumer Cyclical,Residential Construction,DHI,PHM,0.8407780872058903,0.8407780872058903,0.012884791860358,True,0.4176286458595211,0.5326278776651753,False,0.9747443689736734,17.0,False
121,Consumer Cyclical,Residential Construction,PHM,MHO,0.821925330085509,0.7892674259497129,0.0137159044623974,True,0.4708403600850264,0.9470622116138132,False,0.5235948164379446,17.0,False
122,Consumer Cyclical,Packaging & Containers,CCK,SLGN,0.7492166488362424,0.7492166488362424,0.0145706455324737,True,0.0718128665625915,0.079512008926332,False,1.6166095562712506,17.0,False
123,Healthcare,Diagnostics & Research (2),IQV,CRL,0.7503681343712695,0.7231874596097584,0.0098519205312463,True,0.1137206752739612,0.6323260983760505,False,0.6983814843108748,17.0,False
124,Healthcare,Biotechnology (11),ROIV,IMVT,0.6779181539745459,0.659770274929088,0.0145748140694465,True,0.2015930604703852,0.4899704464931997,False,0.5487732734930959,17.0,False
125,Financial Services,Capital Markets (3),HUT,RIOT,0.8249821626514724,0.8249821626514724,0.0088366941749418,True,0.2490214283014612,0.2170243878149103,False,5.478658815507175,17.0,False
126,Financial Services,Asset Management (2),APO,OWL,0.6839916917319051,0.6675302030439642,0.009313321760733,True,0.7191796613549457,0.0196390215666747,False,3.1655245440480773,17.0,False
127,Financial Services,Insurance - Property & Casualty (1),CB,CINF,0.710285376562561,0.6934273779947426,0.0163873318159325,True,0.1624946878144783,0.4962916550260691,False,1.1833527533174124,17.0,False
128,Financial Services,Insurance - Property & Casualty (1),L,CNA,0.7926946330187068,0.7758312656140913,0.0075705845706387,True,0.0129621161837764,0.3285160791632408,False,1.045025660409808,17.0,False
129,Financial Services,Financial Data & Stock Exchanges,SPGI,MCO,0.7806391975717812,0.7445239092540674,0.0226062113935716,True,0.5114427608419903,0.817103237514768,False,0.8732385002422389,17.0,False
130,Financial Services,Financial Data & Stock Exchanges,SPGI,MSCI,0.7021471614158309,0.6749789905310641,0.0127414826919766,True,0.0060296817876139,0.3652590030105329,False,0.3340253322522388,17.0,False
131,Technology,Semiconductors (3),TXN,ADI,0.8271352842267622,0.813082881565321,0.0125892707084863,True,0.5237703996125492,0.3647275739282664,False,1.0403340421077454,16.0,False
132,Technology,Semiconductor Equipment & Materials (1),CAMT,ICHR,0.6854442851037771,0.6827098994513999,0.0194176673681986,True,0.5224789070935917,0.9463605032405504,False,0.2227848358995113,16.0,False
133,Technology,Information Technology Services (1),CTSH,EPAM,0.7756553231564521,0.7588197538892317,0.0075837360770625,True,0.2241202680469027,0.1812853382238453,False,0.3033123215099029,16.0,False
134,Technology,Software - Application (7),PCTY,QTWO,0.7695156183783268,0.7356944057836141,0.0132690933062003,True,0.1205892883597181,0.3609285412942588,False,1.5257769883217474,16.0,False
135,Consumer Cyclical,Lodging,WH,CHH,0.7034431106196386,0.7034431106196386,0.0129844820669019,True,0.2835059705744133,0.1940721172934554,False,0.4752676848130496,16.0,False
136,Consumer Cyclical,Residential Construction,DHI,SKY,0.6967583992235244,0.6851643980872472,0.0048337847320776,True,0.1719823674383593,0.249753059282681,False,0.938953017334979,16.0,False
137,Consumer Cyclical,Packaging & Containers,AMCR,GEF,0.6866285938351061,0.666943197745469,0.0105040022490591,True,0.6366389873171674,0.7331412011962566,False,0.7465373528935737,16.0,False
138,Consumer Defensive,Discount Stores,WMT,COST,0.712092628651534,0.7051215552501582,0.0064879834027013,True,0.2194265937360417,0.1761496954400115,False,0.1626714849091012,16.0,False
139,Financial Services,Asset Management (2),BX,APO,0.7316234744244493,0.6996467314603769,0.0201734206630581,True,0.2333910487252097,0.6876882179801893,False,0.6200259020912923,16.0,False
140,Financial Services,Asset Management (3),ARCC,FSK,0.7252858129220673,0.7252858129220673,0.0119314337876055,True,0.0099531316357198,0.0971690491848955,False,0.4539926017271978,16.0,False
141,Technology,Semiconductors (2),MCHP,ON,0.7222239419854318,0.7025840686900195,0.009253590834921,True,0.2868913452868384,0.3025827225516169,False,0.468274763867223,15.0,False
142,Technology,Semiconductor Equipment & Materials (1),AMAT,KLAC,0.8851226875970627,0.8690456538572364,0.0084127737785094,True,0.5899261298990621,0.5494454928066103,False,2.59866042009769,15.0,False
143,Technology,Semiconductor Equipment & Materials (1),NVMI,ONTO,0.8044461579853781,0.7868128578986016,0.0111294052347088,True,0.6042562344753145,0.736403122388542,False,0.6412614897910198,15.0,False
144,Technology,Semiconductor Equipment & Materials (1),NVMI,CAMT,0.7896143373342567,0.786496183713792,0.0135044303758496,True,0.2145808410428827,0.1449146841650497,False,1.8070661093575149,15.0,False
145,Technology,Information Technology Services (1),ACN,CTSH,0.8274749730426308,0.8190984185751395,0.0050215379871134,True,0.0418316483254319,0.0599264896256846,False,3.1608723040815496,15.0,False
146,Technology,Information Technology Services (1),IT,GLOB,0.7224666555788132,0.7133779384189347,0.009296303904264,True,0.0382703800262445,0.5413285821828968,False,1.6914818488657244,15.0,False
147,Technology,Computer Hardware,QBTS,RGTI,0.9442371922050344,0.9442371922050344,0.0009221148323328,True,0.3887745786934167,0.1670918588304202,False,1.2031041635400466,15.0,False
148,Technology,Software - Application (7),ADP,PCTY,0.7856325143053187,0.7181528073698766,0.0247513148173038,True,0.869206469019596,0.1753825764337806,False,1.3533450040255723,15.0,False
149,Consumer Cyclical,Auto Parts (3),ALV,LEA,0.7126394549159888,0.7126394549159888,0.0139617065123766,True,0.2546708101175891,0.3636230457230788,False,0.6270971721773638,15.0,False
150,Consumer Cyclical,Residential Construction,MTH,MHO,0.7647962359113303,0.6852121906367378,0.0293535952306751,True,0.3030342862958027,0.4223658531139923,False,0.5545306655828676,15.0,False
151,Consumer Cyclical,Resorts & Casinos,HGV,VAC,0.6699961716466095,0.6644715504277083,0.0076821761160814,True,0.4841866735497132,0.8178726236138687,False,0.1758415646771012,15.0,False
152,Consumer Defensive,Household & Personal Products,PG,KMB,0.708571813283624,0.693310232532952,0.0068682691231416,True,0.7949699133079245,0.8056164566932671,False,0.8197934567723014,15.0,False
153,Healthcare,Biotechnology (3),CRSP,BEAM,0.7038048290015025,0.7038048290015025,0.0276785752951952,True,0.0817185628579897,0.7016931883350016,False,0.7539425004995817,15.0,False
154,Financial Services,Capital Markets (3),IREN,RIOT,0.682012386790404,0.6629267614440569,0.0105149082960961,True,0.3293424926702193,0.859765942757905,False,1.214589819577947,15.0,False
155,Financial Services,Banks - Regional (1),TFC,MTB,0.739155926276291,0.739155926276291,0.0214994582011576,True,0.702885588772387,0.987941749196668,False,0.1537329165097216,15.0,False
156,Financial Services,Banks - Regional (1),MTB,CBSH,0.7888435555053179,0.7888435555053179,0.0103429336388055,True,0.174813775442063,0.3420255445941472,False,4.030845676027879,15.0,False
157,Technology,Semiconductors (3),TXN,DIOD,0.6658293056310985,0.6542310092713575,0.012363112189752,True,0.6174565728095817,0.4459761114066028,False,2.140717969633079,14.0,False
158,Technology,Software - Infrastructure (4),PANW,FTNT,0.6777049313674132,0.6664940291859935,0.0066855543708118,True,0.0878924252199625,0.0813710722797705,False,2.0828545844973614,14.0,False
159,Technology,Semiconductor Equipment & Materials (1),AMAT,KLIC,0.6952683610662233,0.6900743441028164,0.0213773481842268,True,0.7308119940875093,0.5940988133439994,False,4.35294017946486,14.0,False
160,Technology,Semiconductor Equipment & Materials (1),KLAC,ENTG,0.7795564769740735,0.724006277515989,0.0229025139844175,True,0.6674397524969911,0.1921406161536726,False,1.850984346562817,14.0,False
161,Technology,Semiconductor Equipment & Materials (2),AMKR,FORM,0.7544344591778692,0.6773987076421389,0.0302650402554593,True,0.4425600744249897,0.7527641095415563,False,0.5258897497391108,14.0,False
162,Technology,Computer Hardware,IONQ,QUBT,0.8768968604343844,0.8726799366925334,0.0023945315163173,True,0.2170995245074085,0.009715893623376,False,6.676541259855702,14.0,False
163,Technology,Electronic Components (1),GLW,LFUS,0.6650614946391189,0.6650614946391189,0.0338705390165844,True,0.1197599383047827,0.2983559809107395,False,0.5051692197608464,14.0,False
164,Technology,Electronic Components (1),FLEX,JBL,0.716544342625244,0.7101390340733663,0.0097797114120448,True,0.6936634062210282,0.528276746969892,False,0.7134406839751583,14.0,False
165,Technology,Scientific & Technical Instruments,MKSI,CGNX,0.7112961444273879,0.7112961444273879,0.0113398383802192,True,0.3150482460700099,0.1391320940419851,False,5.636329376550891,14.0,False
166,Communication Services,Telecom Services (1),TMUS,T,0.6599249167394123,0.6599249167394123,0.0126146724574844,True,0.200891574664919,0.236113081475467,False,4.596374171515009,14.0,False
167,Consumer Cyclical,Lodging,MAR,H,0.755163747935965,0.7377081400575741,0.0070552386401444,True,0.1911521070585749,0.4758116312095637,False,1.1894280299614504,14.0,False
168,Consumer Cyclical,Residential Construction,DHI,LEN,0.8625049003565816,0.8059394302656177,0.0216244539513295,True,0.3406382370963964,0.7648171138833155,False,0.4206251043824659,14.0,False
169,Consumer Defensive,Grocery Stores,KR,ACI,0.6839908897673623,0.6689650737338322,0.008115636139842,True,0.2275557332430905,0.3067641080006058,False,3.209267877235715,14.0,False
170,Financial Services,Capital Markets (3),WULF,CLSK,0.6587331143235956,0.6587331143235956,0.0287818707176895,True,0.0662028848117212,0.1544629365917828,False,1.4001054947901297,14.0,False
171,Financial Services,Capital Markets (3),MARA,CLSK,0.7900699331717282,0.7468234323067624,0.0132817554004479,True,0.208820299241018,0.2241050927794835,False,0.7727032790314619,14.0,False
172,Financial Services,Asset Management (2),BX,CG,0.8088701222622147,0.7852080727827774,0.007513037658848,True,0.3770251267205289,0.9639092186582195,False,1.3563029034947984,14.0,False
173,Financial Services,Asset Management (2),BX,OWL,0.6772722883481695,0.6648979541777184,0.0117000126044895,True,0.5059143473016816,0.6804380617512328,False,4.989034170007072,14.0,False
174,Financial Services,Asset Management (2),BN,CG,0.7497614426639804,0.6979928684931079,0.0197534633781584,True,0.6281936808362824,0.2307250809123837,False,0.2378388610255581,14.0,False
175,Financial Services,Insurance - Property & Casualty (1),CINF,L,0.6598122899300036,0.6598122899300036,0.030257544606249,True,0.2958797662165298,0.0689661683174202,False,1.891897197313115,14.0,False
176,Financial Services,Banks - Regional (1),BOKF,CBSH,0.8123012783941252,0.7404516246511601,0.0313844000210127,True,0.328377537237133,0.6892664213642842,False,1.2396620089894594,14.0,False
177,Technology,Semiconductor Equipment & Materials (1),LRCX,ENTG,0.8046641409933926,0.7437499472876298,0.0253230686214124,True,0.6463490696736144,0.2048457218045277,False,2.751917213743431,13.0,False
178,Technology,Semiconductor Equipment & Materials (1),LRCX,UCTT,0.7845716369017491,0.7523046652910202,0.0149058917347107,True,0.4874171549486311,0.2821964273511074,False,2.3909271307153004,13.0,False
179,Technology,Semiconductor Equipment & Materials (1),AMAT,ENTG,0.7470233094369756,0.7348039351253939,0.0100186777620924,True,0.7373539336824796,0.2113612975811299,False,4.694020659933417,13.0,False
180,Technology,Semiconductor Equipment & Materials (1),AMAT,ACLS,0.6991298538500067,0.6564770859794322,0.0135632404702967,True,0.9120125409902464,0.8733233799386877,False,2.4089735596059785,13.0,False
181,Technology,Semiconductor Equipment & Materials (1),NVMI,UCTT,0.7083167454808216,0.6904298263889954,0.0116212859931019,True,0.6449402844926685,0.8675968651611222,False,1.1617779012906433,13.0,False
182,Technology,Semiconductor Equipment & Materials (1),ONTO,ACLS,0.7404579937903412,0.6587212524529399,0.0316810043709861,True,0.4169218501849933,0.5491968183900596,False,1.2448588206352489,13.0,False
183,Technology,Information Technology Services (1),CTSH,G,0.7783309093455175,0.7724831341047822,0.0037319951261676,True,0.3922662787854024,0.312699707409146,False,2.357483545355224,13.0,False
184,Technology,Computer Hardware,RGTI,QUBT,0.8945223079283454,0.8881994657053728,0.003884988662442,True,0.2058192732766275,0.4261420291810341,False,1.8430784900600636,13.0,False
185,Technology,Software - Application (3),WDAY,TEAM,0.7151339897534528,0.6922160255362961,0.0083397965006065,True,0.5444367283620117,0.5412530424508971,False,0.8613105892522694,13.0,False
186,Technology,Software - Application (3),TEAM,MNDY,0.7323153271763815,0.7091612533518896,0.0103146139975067,True,0.0844736064255005,0.0287738849894359,False,1.0285575628253347,13.0,False
187,Technology,Software - Application (3),TEAM,ASAN,0.6930334249829128,0.6860376124982609,0.0053448961998852,True,0.6945836308349407,0.6033507806364977,False,11.6848300299711,13.0,False
188,Communication Services,Telecom Services (1),CMCSA,LBRDA,0.7807964118910544,0.7569170278108285,0.0084484701576281,True,0.2184999103574188,0.2633045000807972,False,0.2923076673508761,13.0,False
189,Consumer Cyclical,Travel Services,RCL,CCL,0.7768848590695816,0.7768848590695816,0.0260937951519806,True,0.1002558307065416,0.1566676469638764,False,8.392033908476265,13.0,False
190,Consumer Cyclical,Residential Construction,DHI,TOL,0.8231951066876206,0.814347167751602,0.0077017668081933,True,0.2291122951607161,0.7742441377622078,False,0.8253297665008312,13.0,False
191,Consumer Cyclical,Apparel Manufacturing,KTB,COLM,0.6770869532456781,0.6618564121964288,0.0073395618381583,True,0.7518103584863456,0.3423249768557169,False,1.0293192153262762,13.0,False
192,Consumer Cyclical,Packaging & Containers,AMCR,CCK,0.6680028478844744,0.6680028478844744,0.0194364545635455,True,0.526703838848094,0.5945536394161068,False,0.4643499700920522,13.0,False
193,Consumer Cyclical,Packaging & Containers,AVY,GEF,0.7464780036643415,0.7330396061938648,0.0092232219454932,True,0.9929404557336116,0.9865030760996732,False,1.7936415976140467,13.0,False
194,Financial Services,Credit Services (2),SYF,ALLY,0.7115622114521803,0.7115622114521803,0.022144979892095,True,0.0200284990658593,0.0666135024220037,False,1.1908991160900495,13.0,False
195,Financial Services,Asset Management (2),KKR,APO,0.7567773498164118,0.7567773498164118,0.0113727812798688,True,0.0660714828729128,0.5270488849976084,False,0.4858898563364034,13.0,False
196,Financial Services,Asset Management (2),APO,CG,0.6898211229493107,0.6823772534803005,0.0072073982740227,True,0.6196723398539911,0.3757816082118961,False,0.4516610955093553,13.0,False
197,Financial Services,Banks - Regional (1),HBAN,UMBF,0.6657111815181073,0.6657111815181073,0.0154918667272039,True,0.5302976941707154,0.7983759661482606,False,0.0669682764734198,13.0,False
198,Technology,Semiconductors (1),AMD,INTC,0.8216779378886568,0.804208739553464,0.0067483118667455,True,0.6899416072053337,0.5238865338001167,False,3.9605627451202414,12.0,False
199,Technology,Semiconductors (3),MPWR,VSH,0.6776357112890812,0.6776357112890812,0.0082239546420509,True,0.7876875073478536,0.8399156959282641,False,9.429993706176823,12.0,False
200,Technology,Semiconductor Equipment & Materials (1),LRCX,KLAC,0.8975387033610162,0.8707664742529849,0.0112524864873796,True,0.0918607801082545,0.1094093924707296,False,1.4528430034720512,12.0,False
201,Technology,Semiconductor Equipment & Materials (1),KLAC,ONTO,0.8220658675596162,0.775650835782527,0.0229714508916095,True,0.4674352515117852,0.3461039947974262,False,0.7467491047110997,12.0,False
202,Technology,Semiconductor Equipment & Materials (1),ENTG,VECO,0.716590488902677,0.65522763160465,0.0273564495918624,True,0.0957854203834034,0.4805317781717295,False,0.8506570759304878,12.0,False
203,Technology,Semiconductor Equipment & Materials (1),ENTG,ICHR,0.7310057013226765,0.7211817860500483,0.012046894511198,True,0.1987076899727736,0.6982648467869688,False,0.6354968270608042,12.0,False
204,Technology,Information Technology Services (1),EPAM,GLOB,0.7561226219348751,0.7176038905491443,0.0148923147638222,True,0.1863277549995505,0.1612030776109245,False,3.568623033212461,12.0,False
205,Technology,Computer Hardware,IONQ,QBTS,0.8680181162535698,0.8680181162535698,0.0015275931175672,True,0.62563970811544,0.01457733672935,False,2.677840421517617,12.0,False
206,Technology,Computer Hardware,QBTS,QUBT,0.8988084864678006,0.8939081809648667,0.0021293313820387,True,0.1402962833962137,0.1156102061407252,False,2.367018845396724,12.0,False
207,Technology,Software - Application (7),PAYC,PCTY,0.8428850505761197,0.7973039131023939,0.0172549443937231,True,0.3605223865708601,0.4579454818222517,False,0.6048005457260811,12.0,False
208,Technology,Software - Application (7),QTWO,BLKB,0.7979155393799713,0.7616630788937699,0.0162200394169003,True,0.1842941030871833,0.952491877326184,False,0.4101144152211622,12.0,False
209,Communication Services,Entertainment (1),LYV,LLYVA,0.8344406536920906,0.8344406536920906,0.0078266723402499,True,0.9752115332520218,0.3071649955375147,False,1.8243723220422048,12.0,False
210,Consumer Cyclical,Apparel Retail,GAP,AEO,0.6606888841207935,0.6606888841207935,0.0158626598389447,True,0.8379093311404497,0.5397624163325304,False,0.7640023204899193,12.0,False
211,Consumer Cyclical,Residential Construction,PHM,MTH,0.8031228202129415,0.7568824121927403,0.0175473553828735,True,0.7155143626347811,0.7389936237789568,False,1.0620307796999175,12.0,False
212,Consumer Cyclical,Packaging & Containers,PKG,GEF,0.6765999105025684,0.6765999105025684,0.0071521275597224,True,0.4290494677774856,0.6239794400043915,False,1.8239542451016484,12.0,False
213,Financial Services,Credit Services (2),COF,SYF,0.762677795486527,0.7486765282659621,0.0118415045020102,True,0.6816878697594979,0.673716245280314,False,2.2130709769756454,12.0,False
214,Financial Services,Credit Services (2),SYF,OMF,0.7890226857295877,0.7218122989280572,0.0274118097650379,True,0.2804126164665852,0.4038687806676861,False,0.7257806697500961,12.0,False
215,Financial Services,Capital Markets (1),EVR,MC,0.7770904214067142,0.732159605390695,0.0165500515537982,True,0.1156467244532355,0.0530700268611203,False,4.413901839031336,12.0,False
216,Financial Services,Capital Markets (1),EVR,LAZ,0.7289586510717025,0.7224848832368277,0.0093840450567092,True,0.7467260938513983,0.7839281409677779,False,2.668466051512317,12.0,False
217,Financial Services,Asset Management (2),BX,ARES,0.7421983973134479,0.7270039940392305,0.0221036550444185,True,0.1796882810325056,0.6155519170400449,False,0.6404258584918133,12.0,False
218,Financial Services,Asset Management (2),BX,STEP,0.6530517100339767,0.6530517100339767,0.0199559400650147,True,0.5103267685902312,0.8975872659216055,False,0.9533244167989224,12.0,False
219,Financial Services,Asset Management (2),KKR,CG,0.7478169601423628,0.7447786617340649,0.0045895654290925,True,0.1686928286467393,0.7893613850877923,False,1.0951654794465642,12.0,False
220,Financial Services,Asset Management (2),ARES,OWL,0.7080262829630519,0.7080262829630519,0.0203436359214186,True,0.6701547280426401,0.6303139813125055,False,6.716427567797093,12.0,False
221,Financial Services,Financial Data & Stock Exchanges,FDS,MORN,0.7892770246227366,0.7380778441572176,0.0159604993492924,True,0.6684948288410796,0.4254401769336849,False,0.8859492163785977,12.0,False
222,Technology,Semiconductor Equipment & Materials (1),AMAT,ACMR,0.7525496664420331,0.7071442643808161,0.0177863436003774,True,0.4128145072764212,0.4112271632767852,False,4.382497655441075,11.0,False
223,Technology,Semiconductor Equipment & Materials (2),AMKR,COHU,0.7447115171059097,0.6791403058293966,0.0276611668921569,True,0.6976046365508057,0.7980110381335899,False,1.0144030717982466,11.0,False
224,Technology,Information Technology Services (1),ACN,G,0.7695055538493375,0.7345581395740957,0.0129681389174567,True,0.4760459966968994,0.4829916576192676,False,7.443752090333886,11.0,False
225,Technology,Information Technology Services (1),IT,G,0.7813552428009928,0.7349122793461476,0.0191036084293835,True,0.0446276018775471,0.7222449536139248,False,3.437161477757318,11.0,False
226,Technology,Software - Application (2),CRM,FRSH,0.7557228485731124,0.7305471671185759,0.0090542737197668,True,0.3197783901165067,0.5913424126205661,False,1.7542356578383207,11.0,False
227,Technology,Solar,ENPH,SEDG,0.7666218888675306,0.7221313527996746,0.021083023222657,True,0.6777905437940932,0.6949230584355758,False,0.5789089028691955,11.0,False
228,Communication Services,Telecom Services (1),CMCSA,CHTR,0.8143430737741169,0.8038327415528974,0.0037089554385933,True,0.2311104922292522,0.2636916463240284,False,0.0678639967466793,11.0,False
229,Consumer Cyclical,Travel Services,RCL,NCLH,0.7907808720726712,0.7907808720726712,0.0076731096828861,True,0.1627722269416504,0.2789179202086683,False,9.023886710701488,11.0,False
230,Consumer Cyclical,Auto & Truck Dealerships,PAG,LAD,0.7462247095230682,0.7110792080608769,0.0179506650485579,True,0.8761717393729019,0.2968062537273606,False,0.4233600633090978,11.0,False
231,Consumer Cyclical,Residential Construction,DHI,MHO,0.7701792494278011,0.7665094791223284,0.0042225733266428,True,0.6945688130200343,0.9722029920416816,False,0.6014635412781405,11.0,False
232,Consumer Cyclical,Residential Construction,PHM,LEN,0.8335375283719807,0.774717066722156,0.0209727106407462,True,0.2861528319678988,0.7108481934259303,False,0.4932314351783264,11.0,False
233,Consumer Cyclical,Residential Construction,LEN,TOL,0.820981909603644,0.6946555131120336,0.0462594624932322,True,0.9025235856415088,0.6266614473087763,False,0.6547329524202465,11.0,False
234,Consumer Cyclical,Residential Construction,SKY,GRBK,0.7901586112920701,0.7826657005705288,0.0160695754312587,True,0.2080885781577889,0.1358168856400281,False,1.2068033047778388,11.0,False
235,Consumer Cyclical,Residential Construction,CVCO,MHO,0.6932290405382442,0.6932290405382442,0.0098009426180567,True,0.0061487484543399,0.6049785758887543,False,3.5614091100671423,11.0,False
236,Consumer Cyclical,Packaging & Containers,AVY,CCK,0.7555466106534683,0.7555466106534683,0.0126303792266986,True,0.964738546775254,0.950437051014361,False,1.1364552940934043,11.0,False
237,Consumer Cyclical,"Furnishings, Fixtures & Appliances",MHK,TILE,0.7034285394496136,0.6591949196499475,0.0141344292075255,True,0.7459883184069556,0.97375230036785,False,2.694305425459518,11.0,False
238,Financial Services,Credit Services (2),COF,ALLY,0.6566117585451163,0.6566117585451163,0.0142064499545421,True,0.1421231853001975,0.5872294440454047,False,2.0953969702897948,11.0,False
239,Financial Services,Banks - Regional (1),PNC,HBAN,0.8076303897183132,0.7345689496034297,0.0247705073119117,True,0.74690432360546,0.4048597007748815,False,12.867651411731588,11.0,False
240,Financial Services,Banks - Regional (1),TFC,CFG,0.6910459898938871,0.6910459898938871,0.0314605306188667,True,0.7781043464163394,0.9856690563106156,False,0.4684715559743631,11.0,False
241,Financial Services,Banks - Regional (1),FITB,HBAN,0.8040457320064985,0.7739135054755809,0.014342375575371,True,0.8353298531861424,0.5856418431820665,False,3.3385853343561385,11.0,False
242,Financial Services,Banks - Regional (1),FITB,BOKF,0.6966828161907727,0.6778535397215181,0.0109755257637203,True,0.4252692921709005,0.2676939582733262,False,0.7023413393788228,11.0,False
243,Financial Services,Banks - Regional (1),HBAN,CFG,0.7261793308583612,0.652365840946234,0.0280250520660342,True,0.4982528843007402,0.7496632937682995,False,0.1928917411530661,11.0,False
244,Financial Services,Banks - Regional (1),HBAN,BOKF,0.7642195794894642,0.7201378798846909,0.0172443444724752,True,0.5744708882487267,0.489795395863134,False,0.1631730876379625,11.0,False
245,Financial Services,Banks - Regional (1),HBAN,CBSH,0.7345793453613458,0.6919908289366903,0.0160988962394913,True,0.4458595039707115,0.7430810759028436,False,0.2619640587509838,11.0,False
246,Technology,Semiconductors (3),MPWR,DIOD,0.7920321567735262,0.7815342037055335,0.0037721205430898,True,0.3186517201732776,0.3096821834831313,False,9.696325315990782,10.0,False
247,Technology,Semiconductor Equipment & Materials (1),ENTG,ACMR,0.7156352814344661,0.6599614878436245,0.0257095297432769,True,0.3261657130864704,0.8564392909563572,False,0.5330533540770073,10.0,False
248,Technology,Information Technology Services (1),G,EPAM,0.8213926503153306,0.8207745873877695,0.0050980388719162,True,0.2870740637077688,0.0185903181519583,False,0.1167539544635755,10.0,False
249,Technology,Computer Hardware,STX,WDC,0.907797328759746,0.8815509912458085,0.009047288607701,True,0.1327546711589237,0.1061105067683677,False,1.6467039206999847,10.0,False
250,Technology,Software - Application (7),PAYC,BILL,0.7198360344266431,0.6779723645472062,0.0154074361720503,True,0.1682869781550622,0.4693373300770709,False,0.4579155615330622,10.0,False
251,Communication Services,Telecom Services (1),VZ,T,0.8411967323640712,0.7562653595849328,0.0338586163349838,True,0.0654097843196904,0.5225277735828502,False,0.9144071423146822,10.0,False
252,Consumer Cyclical,Auto & Truck Dealerships,AN,SAH,0.7535732458764991,0.6740188256771208,0.0249514266778761,True,0.3050483750956353,0.9933910331626312,False,-0.1358533631846782,10.0,False
253,Consumer Cyclical,Residential Construction,SKY,CVCO,0.8172127059728157,0.8172127059728157,0.0076173506924198,True,0.687526030191303,0.1562081713502415,False,0.1138773817128322,10.0,False
254,Healthcare,Diagnostics & Research (1),TMO,A,0.6860372843935203,0.6860372843935203,0.0141548059198605,True,0.0821762863338526,0.7651455380375969,False,2.6349290208691576,10.0,False
255,Financial Services,Credit Services (1),ENVA,BFH,0.659973744927807,0.659973744927807,0.0185629680905707,True,0.0820914381016535,0.33649443491982,False,2.4278870442082794,10.0,False
256,Financial Services,Capital Markets (1),MC,LAZ,0.6758358260524319,0.6595858515183904,0.0154435481576797,True,0.700931491205267,0.8381056587439664,False,0.7269895956959431,10.0,False
257,Technology,Semiconductor Equipment & Materials (1),LRCX,ICHR,0.7510712251520388,0.7456656167268895,0.0086436388349164,True,0.5601281494877166,0.6048511930166232,False,2.488446171805772,9.0,False
258,Technology,Semiconductor Equipment & Materials (1),AMAT,ONTO,0.8428353469156795,0.8103145571419639,0.0124710751616968,True,0.6699482881095147,0.5426462318944635,False,1.8850216122751855,9.0,False
259,Technology,Semiconductor Equipment & Materials (1),KLAC,ICHR,0.7476210460697577,0.7329036733538329,0.0091098881209909,True,0.1086684017102143,0.0583664421215354,False,1.7132058064077496,9.0,False
260,Technology,Semiconductor Equipment & Materials (1),ONTO,CAMT,0.7584481824525233,0.7580969646395972,0.0082138442816297,True,0.9447619520262084,0.4946188494333456,False,1.1838209945561775,9.0,False
261,Technology,Computer Hardware,IONQ,RGTI,0.8445926838706819,0.8358530904452096,0.0045662383852979,True,0.6611672356788677,0.0059812459874965,False,3.2616092827320786,9.0,False
262,Technology,Software - Application (2),CRM,INTA,0.751862858146799,0.7035936088143966,0.0245937103402714,True,0.8083701188126546,0.2432687829983437,False,2.482083399128174,9.0,False
263,Technology,Software - Application (2),CRM,CXM,0.7699357177768451,0.7092498313228275,0.0202614126979882,True,0.6212278484979179,0.3648583435502001,False,30.315330505392527,9.0,False
264,Technology,Software - Application (7),PAYX,PAYC,0.7866288008970598,0.734501380140188,0.0165818753912113,True,0.9335332265135076,0.1668627965363707,False,0.5705085607625806,9.0,False
265,Technology,Scientific & Technical Instruments,ESE,VNT,0.6693050614197465,0.6693050614197465,0.0252558416851411,True,0.1496396836008025,0.5466600569327865,False,-4.0065172204148265,9.0,False
266,Consumer Cyclical,Auto & Truck Dealerships,PAG,AN,0.8131925020006162,0.7861200528667273,0.010782756336732,True,1.0,0.276730981189618,False,0.2040557099465669,9.0,False
267,Consumer Cyclical,Auto & Truck Dealerships,GPI,ABG,0.8123498052934628,0.7165795036688715,0.0366334272179587,True,0.3086509408797493,0.8723939841108806,False,0.8097735601062219,9.0,False
268,Consumer Cyclical,Residential Construction,PHM,GRBK,0.8652417489741373,0.8600913897572712,0.0079515438364447,True,0.7918454798422523,0.8766277399217358,False,1.4009913068270723,9.0,False
269,Consumer Cyclical,Residential Construction,LEN,SKY,0.7410907005687353,0.682903214717522,0.0244939403259922,True,0.9288012628367092,0.3944898011593856,False,1.0838853568453108,9.0,False
270,Consumer Cyclical,Residential Construction,SKY,MHO,0.7443418733183645,0.7437000197985523,0.0058013562702974,True,0.7005987468106818,0.730201453744669,False,0.443484579688411,9.0,False
271,Consumer Cyclical,Residential Construction,MHO,GRBK,0.8858437712783295,0.8747399487899604,0.0035990255901237,True,0.741192953601953,0.5719599216832046,False,1.8433367314525664,9.0,False
272,Consumer Cyclical,Packaging & Containers,AMCR,AVY,0.7779605542371046,0.7779605542371046,0.005794192303863,True,0.9140795022050564,0.9696704478642696,False,0.2318357533776932,9.0,False
273,Consumer Cyclical,Packaging & Containers,AVY,SLGN,0.7576688669129537,0.7455748769242867,0.0057822402046679,True,0.9702666702697542,0.8827992720814959,False,2.364873293293943,9.0,False
274,Consumer Cyclical,Packaging & Containers,SON,GEF,0.7521069018041951,0.6772274899860115,0.025367600795519,True,0.1232855484161821,0.6117619489770566,False,0.4254904148757332,9.0,False
275,Consumer Defensive,Household & Personal Products,PG,KVUE,0.6745542397834488,0.6681393318030153,0.0064716122837473,True,0.8414496599542769,0.8324398149595498,False,4.97012271555716,9.0,False
276,Financial Services,Asset Management (2),STEP,HLNE,0.7580785583011637,0.7508054375097328,0.0194474154416105,True,0.5309348959446609,0.8541139600959,False,0.3460016518101331,9.0,False
277,Financial Services,Banks - Regional (1),PNC,TFC,0.7973940116854075,0.743537126268288,0.0205615230644123,True,0.9763360726931304,0.5733436665088056,False,4.259295055146633,9.0,False
278,Financial Services,Banks - Regional (1),TFC,KEY,0.7409886077787744,0.7167018585643619,0.012470779307512,True,0.6383867253403441,0.7883504569320706,False,1.7796288805500673,9.0,False
279,Financial Services,Banks - Regional (1),HBAN,KEY,0.7846347206070012,0.7846347206070012,0.0092783347975479,True,0.8019546006679718,0.8789359555688132,False,0.683618699366964,9.0,False
280,Financial Services,Banks - Regional (1),MTB,BOKF,0.8095471581474307,0.7292922094613001,0.0337446105359728,True,0.4936540039877165,0.263582529172212,False,2.450028150099539,9.0,False
281,Technology,Software - Infrastructure (5),CRWD,OKTA,0.7755623112280786,0.7422600076961053,0.012606968389505,True,0.5053268889765381,0.4398428207811818,False,1.3742304189117946,8.0,False
282,Technology,Semiconductor Equipment & Materials (1),KLAC,ACMR,0.7476688547568471,0.7009953343618238,0.0197983642374213,True,0.4880623784693686,0.5412785100033191,False,1.5808634769120382,8.0,False
283,Technology,Information Technology Services (1),EPAM,EXLS,0.6662158270229706,0.6662158270229706,0.0067298532751084,True,0.420677187393294,0.0097418327749194,False,9.822139359499497,8.0,False
284,Technology,Software - Application (7),PCTY,BLKB,0.7468524125868596,0.6627348713237176,0.0284204800134021,True,0.1663040907532691,0.9465610442239524,False,0.478833229246107,8.0,False
285,Consumer Cyclical,Packaging & Containers,BALL,CCK,0.7198358097820484,0.7198358097820484,0.0086835704946824,True,0.1043060802449586,0.4186498042347263,False,0.4779254590856091,8.0,False
286,Consumer Cyclical,Packaging & Containers,BALL,SLGN,0.657098094122058,0.657098094122058,0.0117133173831251,True,0.2958671427760726,0.5524547720961659,False,0.8124207624717104,8.0,False
287,Consumer Cyclical,Recreational Vehicles,THO,LCII,0.6650061171468012,0.6579428378569132,0.0524678785964189,True,0.6269592057511724,0.7546320607478463,False,0.7210074741323509,8.0,False
288,Consumer Cyclical,Recreational Vehicles,PATK,LCII,0.7026472317247218,0.6684700910613399,0.0271060095947252,True,0.4216978887009324,0.3533857860513801,False,0.9581768288523504,8.0,False
289,Financial Services,Banks - Regional (1),TFC,CBSH,0.662969233912326,0.662969233912326,0.0136975093698425,True,0.5640300482455962,0.9878664763823176,False,0.5668171713548443,8.0,False
290,Financial Services,Banks - Regional (1),MTB,SYBT,0.7240432163624202,0.6580531047213383,0.0247214243447766,True,0.7804046679129832,0.8648065112610723,False,2.3572551297002784,8.0,False
291,Financial Services,Banks - Regional (1),UMBF,BOKF,0.7601015085596207,0.7601015085596207,0.0090103919538239,True,0.555330134863087,0.1619069750604472,False,1.7211622605818406,8.0,False
292,Financial Services,Banks - Regional (1),CBSH,SYBT,0.7142600945575242,0.7142600945575242,0.0135809187457322,True,0.6183319320785405,0.6263900920948878,False,0.5849502276242119,8.0,False
293,Technology,Semiconductors (1),AMD,RMBS,0.7032286944989736,0.6610008222497366,0.0188735519079245,True,0.9459739198515412,0.4491934866854447,False,4.582868073241862,7.0,False
294,Technology,Semiconductor Equipment & Materials (1),LRCX,AMAT,0.910973929046983,0.899574076302126,0.0054606610010733,True,0.4654647708381395,0.5362801602277394,False,0.5407380364093033,7.0,False
295,Technology,Semiconductor Equipment & Materials (1),ENTG,NVMI,0.7702895961601739,0.6865845330551192,0.0333841087036481,True,0.2740149209316403,0.1392098586445507,False,0.3012065617218047,7.0,False
296,Technology,Semiconductor Equipment & Materials (1),ACMR,ICHR,0.7595577952732981,0.6785224526700389,0.0283207414895354,True,0.6711809260238784,0.6998841423831399,False,0.8464544779308931,7.0,False
297,Technology,Software - Application (7),PAYX,PCTY,0.7541218657480694,0.7276199374387448,0.0150283705501469,True,0.8910385118156963,0.0212452660460334,False,0.4595259243079226,7.0,False
298,Consumer Cyclical,Auto & Truck Dealerships,AN,LAD,0.7537516501151483,0.7020425778021266,0.0176978757085519,True,0.5393043714255954,0.9483809014084772,False,0.1969186562803548,7.0,False
299,Consumer Cyclical,Residential Construction,LEN,MHO,0.7789134361089634,0.6899926805663654,0.0309407459431634,True,0.900288772472428,0.868044754282653,False,0.1928907809700691,7.0,False
300,Consumer Cyclical,Residential Construction,LEN,KBH,0.8274296171671572,0.7189088395000458,0.042788905255266,True,0.8640343250699528,0.7634466150838548,False,1.625695895056819,7.0,False
301,Consumer Cyclical,Residential Construction,MTH,KBH,0.8305540950405713,0.7656903986158924,0.0281524808691423,True,0.84420682847798,0.8471632756971679,False,1.0113745009476738,7.0,False
302,Consumer Cyclical,Residential Construction,MHO,KBH,0.8512813940596259,0.8337173933174186,0.0070820903099033,True,0.8727303651150164,0.7842250800710424,False,1.3759078857908762,7.0,False
303,Consumer Cyclical,Residential Construction,KBH,GRBK,0.834506400050215,0.8090611249924952,0.0090511610224,True,0.6557463206264816,0.5924405474314612,False,0.8649612505514434,7.0,False
304,Consumer Defensive,Education & Training Services,LOPE,PRDO,0.7449107861514875,0.6541665404957866,0.0323698100171858,True,0.6388217271541952,0.1769329199528287,False,2.1650987136399897,7.0,False
305,Financial Services,Banks - Regional (1),HBAN,SYBT,0.6855559514476518,0.6524930746927837,0.014663071464242,True,0.6338728147740831,0.9581542637539794,False,0.1232052334189615,7.0,False
306,Technology,Semiconductors (2),NXPI,ON,0.7181137271176854,0.6903365695109128,0.0106281289825692,True,0.371337076170388,0.3000391259201501,False,1.7320621927117217,6.0,False
307,Technology,Semiconductors (3),ALGM,DIOD,0.7469183884958139,0.7459727432114385,0.0139777205056597,True,0.513032756012543,0.5382385881311519,False,0.38168498953732,6.0,False
308,Technology,Information Technology Services (1),CTSH,EXLS,0.6659911236812601,0.6624990620923638,0.0067861873168538,True,0.4452455913514702,0.0104782836898751,False,2.9733086260587585,6.0,False
309,Consumer Cyclical,Auto Parts (3),ALV,ADNT,0.6998784698505011,0.6998784698505011,0.0119796226653824,True,0.7038168946737188,0.5771592145114869,False,2.1150048110122,6.0,False
310,Consumer Defensive,Grocery Stores,WMK,IMKTA,0.7273567292304046,0.6908841221275529,0.0135360996572809,True,0.8515246956327189,0.0331256907821798,False,0.4526322699501382,6.0,False
311,Financial Services,Asset Management (2),APO,ARES,0.7254331872583915,0.722774350409024,0.0184799608775498,True,0.4406470234909486,0.0639712355670235,False,0.6570375632890945,6.0,False
312,Technology,Semiconductor Equipment & Materials (1),LRCX,NVMI,0.8549883507998347,0.8312033163007182,0.0100990584255704,True,0.9473636679194288,0.7062757796363252,False,0.9179158600361184,5.0,False
313,Technology,Semiconductor Equipment & Materials (1),AMAT,CAMT,0.6978145076868294,0.6978145076868294,0.0108364269846873,True,0.9344851772827982,0.4110222367251984,False,0.7097400931994637,5.0,False
314,Technology,Semiconductor Equipment & Materials (1),KLAC,NVMI,0.8333637476495374,0.8271942329954685,0.0046849313712808,True,0.919946977519058,0.7234405943845252,False,0.6012837839933018,5.0,False
315,Consumer Cyclical,Auto & Truck Dealerships,PAG,ABG,0.760545751183024,0.760545751183024,0.0072658355987462,True,1.0,0.1112430547938277,False,0.1865331589219433,5.0,False
316,Consumer Cyclical,Auto & Truck Dealerships,LAD,ABG,0.7863993363217584,0.7119198694876522,0.0243351604910874,True,0.9272290029723358,0.3054934012575788,False,1.1558553499266837,5.0,False
317,Financial Services,Banks - Regional (1),TFC,FITB,0.730534926275665,0.730534926275665,0.0309469063869426,True,0.7540041560306134,0.9618999377189308,False,0.5304775619450794,5.0,False
318,Technology,Information Technology Services (1),G,EXLS,0.7860590975393884,0.7726690590378155,0.0068641990439457,True,0.2131752914657669,0.0021115260191763,False,1.2349283185969786,4.0,False
319,Technology,Scientific & Technical Instruments,KEYS,MKSI,0.7628904786057993,0.7294811867515151,0.0186553111097453,True,0.5707480134079833,0.8875645766187465,False,0.5134489763687198,4.0,False
320,Consumer Defensive,Packaged Foods (1),GIS,CAG,0.7797827560695844,0.7797827560695844,0.0136312380061495,True,0.2315150471486783,0.2679504101836567,False,2.156588349156111,4.0,False
321,Technology,Semiconductor Equipment & Materials (1),AMAT,NVMI,0.8124149733600117,0.8099026935968088,0.0071574454822913,True,0.9585222462870172,0.6919455397905454,False,1.2906768755842375,3.0,False
322,Technology,Semiconductor Equipment & Materials (1),KLAC,CAMT,0.6642553877142792,0.6551070692062847,0.0098771714192832,True,0.939828715848734,0.4487334366126869,False,0.5234533924052295,3.0,False
323,Consumer Cyclical,Auto Parts (3),LEA,ADNT,0.7210100990604634,0.7210100990604634,0.0145386627149244,True,0.9007057364935293,0.781780736361058,False,1.708582460803027,3.0,False
324,Consumer Defensive,Farm Products,ADM,BG,0.7001199637986977,0.6853879126094021,0.0122192683079499,True,0.9785387020047084,0.3316034757381224,False,0.1487831756936865,3.0,False
325,Consumer Defensive,Education & Training Services,LOPE,STRA,0.7434479799153044,0.6719126133246929,0.0285072838569278,True,0.8543366857450543,0.020158192538892,False,1.8788635976937949,3.0,False
326,Financial Services,Banks - Diversified,JPM,WFC,0.6739457682589765,0.6739457682589765,0.0417323068561735,True,0.965509078129996,0.6919234640017882,False,1.7343211976426338,3.0,False
327,Financial Services,Asset Management (1),BLK,IVZ,0.7362493619565542,0.7041922929626678,0.0146152071684064,True,0.5033705512208677,0.9746935938178084,False,16.495762399097647,3.0,False
328,Technology,Semiconductors (3),MPWR,ALGM,0.7164526485646552,0.7018301952642205,0.0157166768547357,True,0.7043479175128047,0.7398608815463558,False,15.513010802069338,2.0,False
329,Financial Services,Credit Services (1),AFRM,SOFI,0.6816126457685733,0.6816126457685733,0.0070441002120268,True,0.9033453048931804,0.0514878077445146,False,0.4446375856189127,2.0,False
330,Technology,Semiconductor Equipment & Materials (1),LRCX,CAMT,0.687898550672719,0.6661664942095343,0.0137053921348051,True,0.8996386807712013,0.4615509070098461,False,0.7878192875665512,1.0,False
331,Consumer Cyclical,Residential Construction,LEN,GRBK,0.7952030928467475,0.6813682721347778,0.0416871981113353,True,0.9067800785305388,0.6857084126286797,False,1.0572072256014553,1.0,False
332,Financial Services,Banks - Diversified,BAC,WFC,0.7082622699726686,0.7082622699726686,0.0299105664432053,True,0.9921266236162064,0.6820773515075589,False,0.4398578141629442,1.0,False
333,Financial Services,Credit Services (1),V,MA,0.8446784089689321,0.8397581590790076,0.0045866923600736,True,0.9695329467651604,0.4894358392642403,False,0.4190655621317219,1.0,False
334,Technology,Semiconductors (1),NVDA,AMD,0.3713825624976943,0.3713825624976943,0.0129330906717898,False,,,,,-1.0,False
335,Technology,Semiconductors (1),NVDA,INTC,0.2708073373776919,0.2708073373776919,0.0178003916742629,False,,,,,-1.0,False
336,Technology,Semiconductors (1),NVDA,LSCC,0.3238213149453036,0.3238213149453036,0.0265512557248893,False,,,,,-1.0,False
337,Technology,Semiconductors (1),NVDA,RMBS,0.3163790357553708,0.298845868465763,0.018676450389202,False,,,,,-1.0,False
338,Technology,Semiconductors (1),NVDA,AIP,0.4450234866539543,0.4425527086155087,0.0314801074508634,False,,,,,-1.0,False
339,Technology,Semiconductors (1),AMD,LSCC,0.682762484498274,0.6006098310353863,0.0295946706983549,False,,,,,-1.0,False
340,Technology,Semiconductors (1),AMD,AIP,0.6780870356812003,0.6494935309880912,0.0094504071767822,False,,,,,-1.0,False
341,Technology,Semiconductors (1),INTC,LSCC,0.6466493204804313,0.5760690945343545,0.0281334408808606,False,,,,,-1.0,False
342,Technology,Semiconductors (1),INTC,RMBS,0.564386956007085,0.5237125901376598,0.0195639981614109,False,,,,,-1.0,False
343,Technology,Semiconductors (1),INTC,AIP,0.5650974650648308,0.4990976533951888,0.0269732199768641,False,,,,,-1.0,False
344,Technology,Semiconductors (1),RMBS,AIP,0.6229855445956026,0.5451720953054433,0.0323389529672795,False,,,,,-1.0,False
345,Technology,Semiconductors (2),AVGO,MU,0.5134354777883915,0.495224631935527,0.0113943070393461,False,,,,,-1.0,False
346,Technology,Semiconductors (2),AVGO,MRVL,0.6442096787987878,0.630018557158441,0.0107882854855369,False,,,,,-1.0,False
347,Technology,Semiconductors (2),AVGO,NXPI,0.318244902181565,0.2829360856290301,0.0184769945304123,False,,,,,-1.0,False
348,Technology,Semiconductors (2),AVGO,MCHP,0.3961609782013138,0.3557423703393364,0.0210439267789702,False,,,,,-1.0,False
349,Technology,Semiconductors (2),AVGO,ON,0.4250801559499835,0.4250801559499835,0.0096402676674115,False,,,,,-1.0,False
350,Technology,Semiconductors (2),AVGO,ALAB,0.5019458199128682,0.4887910647248438,0.0071378136289514,False,,,,,-1.0,False
351,Technology,Semiconductors (2),AVGO,CRDO,0.4741518482602033,0.4304293491535212,0.0169735880896332,False,,,,,-1.0,False
352,Technology,Semiconductors (2),AVGO,MTSI,0.3220481969219578,0.2892886541977725,0.018547087945563,False,,,,,-1.0,False
353,Technology,Semiconductors (2),AVGO,SMTC,0.4454566499464608,0.42055397147043,0.014694147906584,False,,,,,-1.0,False
354,Technology,Semiconductors (2),AVGO,QRVO,0.2066388494767087,0.2066388494767087,0.0170382687085399,False,,,,,-1.0,False
355,Technology,Semiconductors (2),AVGO,SLAB,0.3246400108163603,0.3246400108163603,0.0277216479558233,False,,,,,-1.0,False
356,Technology,Semiconductors (2),AVGO,SYNA,0.4429794922850142,0.4429794922850142,0.0084856798974524,False,,,,,-1.0,False
357,Technology,Semiconductors (2),AVGO,POET,0.2582183619315267,0.2582183619315267,0.0097495917871925,False,,,,,-1.0,False
358,Technology,Semiconductors (2),MU,MRVL,0.5599595105644772,0.4540982458667593,0.0393303128234436,False,,,,,-1.0,False
359,Technology,Semiconductors (2),MU,NXPI,0.4504610314941393,0.4008916178033935,0.0197401354844776,False,,,,,-1.0,False
360,Technology,Semiconductors (2),MU,MCHP,0.5804589425068314,0.4922180494805536,0.0323614419323105,False,,,,,-1.0,False
361,Technology,Semiconductors (2),MU,ON,0.6287059418159067,0.6052073825953604,0.0085300596869348,False,,,,,-1.0,False
362,Technology,Semiconductors (2),MU,ALAB,0.5606480324144641,0.4882759877980653,0.0230964795202447,False,,,,,-1.0,False
363,Technology,Semiconductors (2),MU,CRDO,0.4622372636542961,0.3597931782506854,0.0344050505563592,False,,,,,-1.0,False
364,Technology,Semiconductors (2),MU,MTSI,0.6092226995300276,0.5038584874236439,0.0380393806158244,False,,,,,-1.0,False
365,Technology,Semiconductors (2),MU,SMTC,0.5917461393314583,0.4598033798423951,0.0464661794662681,False,,,,,-1.0,False
366,Technology,Semiconductors (2),MU,QRVO,0.3345366455314977,0.2634625582170198,0.0244879138479842,False,,,,,-1.0,False
367,Technology,Semiconductors (2),MU,SLAB,0.2538818692325658,0.2489004194131231,0.0163627467957529,False,,,,,-1.0,False
368,Technology,Semiconductors (2),MU,SYNA,0.5782224774203817,0.565844150713436,0.0179977206197079,False,,,,,-1.0,False
369,Technology,Semiconductors (2),MU,POET,0.2644578330670129,0.1954281218397693,0.0234982954913748,False,,,,,-1.0,False
370,Technology,Semiconductors (2),MRVL,NXPI,0.485715976272463,0.4552450414620652,0.0134830195486873,False,,,,,-1.0,False
371,Technology,Semiconductors (2),MRVL,MCHP,0.3976183414842658,0.2873920971623068,0.0441812666231277,False,,,,,-1.0,False
372,Technology,Semiconductors (2),MRVL,ON,0.5910601857675167,0.5906470001772046,0.0060066362044316,False,,,,,-1.0,False
373,Technology,Semiconductors (2),MRVL,ALAB,0.6881030234727523,0.5928552422714513,0.0342549226980037,False,,,,,-1.0,False
374,Technology,Semiconductors (2),MRVL,CRDO,0.549637251289589,0.4643127010995357,0.0324725786599168,False,,,,,-1.0,False
375,Technology,Semiconductors (2),MRVL,MTSI,0.5871396359609528,0.464574885564576,0.0452322052416786,False,,,,,-1.0,False
376,Technology,Semiconductors (2),MRVL,SMTC,0.6425892288217032,0.550887915432043,0.0350222283651124,False,,,,,-1.0,False
377,Technology,Semiconductors (2),MRVL,QRVO,0.4498235592751542,0.4345579885238043,0.014417170057425,False,,,,,-1.0,False
378,Technology,Semiconductors (2),MRVL,SLAB,0.2904814987370721,0.2904814987370721,0.0206107253490891,False,,,,,-1.0,False
379,Technology,Semiconductors (2),MRVL,SYNA,0.5898790129944832,0.5867136646038876,0.0066896175470787,False,,,,,-1.0,False
380,Technology,Semiconductors (2),MRVL,POET,0.2888458903593709,0.2339069685854249,0.0204158103871188,False,,,,,-1.0,False
381,Technology,Semiconductors (2),NXPI,MCHP,0.665343713209349,0.6020900246256173,0.0226820439437858,False,,,,,-1.0,False
382,Technology,Semiconductors (2),NXPI,ALAB,0.531801939150395,0.4685415386852603,0.0244072186390661,False,,,,,-1.0,False
383,Technology,Semiconductors (2),NXPI,CRDO,0.4991106258193234,0.3769219776773775,0.0446812949254696,False,,,,,-1.0,False
384,Technology,Semiconductors (2),NXPI,MTSI,0.4830529127167538,0.4287671785804645,0.0201680282627695,False,,,,,-1.0,False
385,Technology,Semiconductors (2),NXPI,SMTC,0.535329110482219,0.4632069686067109,0.030740283813169,False,,,,,-1.0,False
386,Technology,Semiconductors (2),NXPI,QRVO,0.5122462608456344,0.5102219030243049,0.0160729910094614,False,,,,,-1.0,False
387,Technology,Semiconductors (2),NXPI,SLAB,0.3632147204321395,0.3465320074184317,0.0186109092507626,False,,,,,-1.0,False
388,Technology,Semiconductors (2),NXPI,SYNA,0.523219940365336,0.4643496495065357,0.0231380296016985,False,,,,,-1.0,False
389,Technology,Semiconductors (2),NXPI,POET,0.2745197305688532,0.2476652730541703,0.0135367901808018,False,,,,,-1.0,False
390,Technology,Semiconductors (2),MCHP,ALAB,0.440480988890007,0.3012900683096294,0.0483890477899161,False,,,,,-1.0,False
391,Technology,Semiconductors (2),MCHP,CRDO,0.3700590545561061,0.1524708243313941,0.0768998968419717,False,,,,,-1.0,False
392,Technology,Semiconductors (2),MCHP,MTSI,0.5538280410616438,0.4698893626302041,0.0317795654932535,False,,,,,-1.0,False
393,Technology,Semiconductors (2),MCHP,SMTC,0.5782458929993627,0.4297347544117232,0.0582240888187552,False,,,,,-1.0,False
394,Technology,Semiconductors (2),MCHP,QRVO,0.3319770324537569,0.3044938389164739,0.0173114921264025,False,,,,,-1.0,False
395,Technology,Semiconductors (2),MCHP,SLAB,0.2734548966256754,0.2734548966256754,0.0246102993929607,False,,,,,-1.0,False
396,Technology,Semiconductors (2),MCHP,SYNA,0.3813670839595499,0.3312570999364908,0.0223113841072585,False,,,,,-1.0,False
397,Technology,Semiconductors (2),MCHP,POET,0.3272877088097954,0.2796565282724484,0.0189798809983742,False,,,,,-1.0,False
398,Technology,Semiconductors (2),ON,ALAB,0.552110599361455,0.531426091591383,0.0110114578695123,False,,,,,-1.0,False
399,Technology,Semiconductors (2),ON,CRDO,0.5054777801560837,0.3442514076955715,0.0574973375227726,False,,,,,-1.0,False
400,Technology,Semiconductors (2),ON,MTSI,0.6125044654376699,0.6007935759087034,0.0099385598601045,False,,,,,-1.0,False
401,Technology,Semiconductors (2),ON,SMTC,0.6945523742938906,0.6357565832947958,0.0221053687529818,False,,,,,-1.0,False
402,Technology,Semiconductors (2),ON,QRVO,0.5162652718176607,0.5037986543740648,0.0165162563601445,False,,,,,-1.0,False
403,Technology,Semiconductors (2),ON,SLAB,0.3203428856398542,0.3203428856398542,0.035471420171044,False,,,,,-1.0,False
404,Technology,Semiconductors (2),ON,SYNA,0.6447195392294282,0.6225240137708553,0.0097464140969834,False,,,,,-1.0,False
405,Technology,Semiconductors (2),ON,POET,0.3452309298775057,0.3337274492982416,0.0068413690918304,False,,,,,-1.0,False
406,Technology,Semiconductors (2),ALAB,MTSI,0.6290288451847171,0.5489003695509754,0.0297378667343642,False,,,,,-1.0,False
407,Technology,Semiconductors (2),ALAB,SMTC,0.670762614921707,0.5565681317156228,0.0430883534775017,False,,,,,-1.0,False
408,Technology,Semiconductors (2),ALAB,QRVO,0.4566401335785764,0.4566401335785764,0.0144281199801074,False,,,,,-1.0,False
409,Technology,Semiconductors (2),ALAB,SLAB,0.3529376297722367,0.3364150186789046,0.0338966142966082,False,,,,,-1.0,False
410,Technology,Semiconductors (2),ALAB,SYNA,0.5651129063266667,0.5375588255425239,0.0189204936184057,False,,,,,-1.0,False
411,Technology,Semiconductors (2),ALAB,POET,0.3403356948101608,0.3211928424010484,0.0119137301552724,False,,,,,-1.0,False
412,Technology,Semiconductors (2),CRDO,MTSI,0.5289730358670429,0.431931737471563,0.0344375555654298,False,,,,,-1.0,False
413,Technology,Semiconductors (2),CRDO,SMTC,0.5977869458012801,0.5008655117569575,0.0333421852072255,False,,,,,-1.0,False
414,Technology,Semiconductors (2),CRDO,QRVO,0.3937055668538222,0.3521851805343053,0.0240383219042954,False,,,,,-1.0,False
415,Technology,Semiconductors (2),CRDO,SLAB,0.3241328263179584,0.3049199678421332,0.0314731605799138,False,,,,,-1.0,False
416,Technology,Semiconductors (2),CRDO,SYNA,0.5141763251011926,0.4425829444985141,0.0275382374456379,False,,,,,-1.0,False
417,Technology,Semiconductors (2),CRDO,POET,0.2705181346491064,0.2358369669971445,0.0146478317523639,False,,,,,-1.0,False
418,Technology,Semiconductors (2),MTSI,QRVO,0.4358788702241126,0.4280670325265642,0.0168555248118869,False,,,,,-1.0,False
419,Technology,Semiconductors (2),MTSI,SLAB,0.3671326151984126,0.3527611844714378,0.0267676998300541,False,,,,,-1.0,False
420,Technology,Semiconductors (2),MTSI,SYNA,0.6702861948508196,0.6489780911548645,0.0112327911814723,False,,,,,-1.0,False
421,Technology,Semiconductors (2),MTSI,POET,0.3157756482423995,0.2781097833410599,0.0151570532611122,False,,,,,-1.0,False
422,Technology,Semiconductors (2),SMTC,QRVO,0.5793946603558052,0.5710979988986798,0.0188563471976053,False,,,,,-1.0,False
423,Technology,Semiconductors (2),SMTC,SLAB,0.3450467617880158,0.3131003519633867,0.0379007157031587,False,,,,,-1.0,False
424,Technology,Semiconductors (2),SMTC,SYNA,0.6236021583477315,0.5795358355777906,0.015640522389233,False,,,,,-1.0,False
425,Technology,Semiconductors (2),SMTC,POET,0.4034267780379701,0.3685704558187082,0.0129573975443671,False,,,,,-1.0,False
426,Technology,Semiconductors (2),QRVO,SLAB,0.2261180294442536,0.2261180294442536,0.0262034378995407,False,,,,,-1.0,False
427,Technology,Semiconductors (2),QRVO,SYNA,0.5116613673762914,0.5042984050579421,0.0170122399983262,False,,,,,-1.0,False
428,Technology,Semiconductors (2),QRVO,POET,0.2188484190297691,0.2185589626473974,0.0099364570605193,False,,,,,-1.0,False
429,Technology,Semiconductors (2),SLAB,SYNA,0.2189280394477349,0.2145442213112647,0.0177688920650798,False,,,,,-1.0,False
430,Technology,Semiconductors (2),SLAB,POET,0.2105001639441276,0.2100480888690091,0.0240648274120256,False,,,,,-1.0,False
431,Technology,Semiconductors (2),SYNA,POET,0.3416119916552947,0.3207019976822438,0.0085317030416805,False,,,,,-1.0,False
432,Technology,Semiconductors (3),TXN,QCOM,0.4083102401685212,0.373968877936881,0.0145960350765119,False,,,,,-1.0,False
433,Technology,Semiconductors (3),TXN,SITM,0.5335194504140782,0.5050271102037039,0.0156962758000106,False,,,,,-1.0,False
434,Technology,Semiconductors (3),TXN,SWKS,0.4914071541640926,0.4896316939144197,0.0242407152359253,False,,,,,-1.0,False
435,Technology,Semiconductors (3),TXN,CRUS,0.544170212761807,0.544170212761807,0.0274148344417857,False,,,,,-1.0,False
436,Technology,Semiconductors (3),TXN,MXL,0.2835120330653561,0.2612169490979721,0.0097199929893768,False,,,,,-1.0,False
437,Technology,Semiconductors (3),TXN,ALGM,0.6093495926447986,0.605978637228249,0.0378341038854416,False,,,,,-1.0,False
438,Technology,Semiconductors (3),TXN,VSH,0.4912036927706339,0.4870510799102589,0.0115512458452689,False,,,,,-1.0,False
439,Technology,Semiconductors (3),TXN,NVTS,0.5385766794690765,0.5385766794690765,0.0139996673637436,False,,,,,-1.0,False
440,Technology,Semiconductors (3),TXN,LASR,0.3566697802944331,0.3566697802944331,0.058020874524747,False,,,,,-1.0,False
441,Technology,Semiconductors (3),TXN,POWI,0.4854632013833242,0.4854632013833242,0.0117483169631085,False,,,,,-1.0,False
442,Technology,Semiconductors (3),TXN,WOLF,0.5200083102828671,0.4977559629027996,0.0157078177639267,False,,,,,-1.0,False
443,Technology,Semiconductors (3),QCOM,ADI,0.4350667331675833,0.370015032353638,0.0223163795786858,False,,,,,-1.0,False
444,Technology,Semiconductors (3),QCOM,MPWR,0.5615723292564695,0.4849760537361235,0.02637353985804,False,,,,,-1.0,False
445,Technology,Semiconductors (3),QCOM,SITM,0.4927519243744833,0.4352703300983442,0.0198164743312895,False,,,,,-1.0,False
446,Technology,Semiconductors (3),QCOM,SWKS,0.6229263930766039,0.6229263930766039,0.004095206490902,False,,,,,-1.0,False
447,Technology,Semiconductors (3),QCOM,CRUS,0.5239808000413052,0.4597322469546506,0.0204156013039363,False,,,,,-1.0,False
448,Technology,Semiconductors (3),QCOM,MXL,0.4392155295272861,0.4345631754751234,0.0239395349465333,False,,,,,-1.0,False
449,Technology,Semiconductors (3),QCOM,ALGM,0.477213788609676,0.4580851097642072,0.0103391135297148,False,,,,,-1.0,False
450,Technology,Semiconductors (3),QCOM,VSH,0.5102001050824516,0.4980779187514967,0.0062342192814523,False,,,,,-1.0,False
451,Technology,Semiconductors (3),QCOM,DIOD,0.4921591557507139,0.4537453537262225,0.0139542285938696,False,,,,,-1.0,False
452,Technology,Semiconductors (3),QCOM,NVTS,0.5345953157281293,0.4978480105910456,0.0176960950789728,False,,,,,-1.0,False
453,Technology,Semiconductors (3),QCOM,LASR,0.2913834762815613,0.2753707271910198,0.0160385497171815,False,,,,,-1.0,False
454,Technology,Semiconductors (3),QCOM,POWI,0.3934480319814963,0.3371317115371943,0.0209465194823439,False,,,,,-1.0,False
455,Technology,Semiconductors (3),QCOM,WOLF,0.3315083446495596,0.3174923218326629,0.0068506136824246,False,,,,,-1.0,False
456,Technology,Semiconductors (3),ADI,SITM,0.5797365433877553,0.5499978169906058,0.016036283881198,False,,,,,-1.0,False
457,Technology,Semiconductors (3),ADI,SWKS,0.4483560430180975,0.4332120185581969,0.0180280882753708,False,,,,,-1.0,False
458,Technology,Semiconductors (3),ADI,CRUS,0.5275313284769407,0.5275313284769407,0.0196309367599587,False,,,,,-1.0,False
459,Technology,Semiconductors (3),ADI,MXL,0.2882721905349078,0.2138243577094359,0.0282385497562152,False,,,,,-1.0,False
460,Technology,Semiconductors (3),ADI,ALGM,0.6202878461368312,0.5949784866115481,0.0130877159639764,False,,,,,-1.0,False
461,Technology,Semiconductors (3),ADI,VSH,0.4926610993963667,0.4668251631277808,0.0140137080610641,False,,,,,-1.0,False
462,Technology,Semiconductors (3),ADI,DIOD,0.6958606426245958,0.625263384902048,0.0269100172052426,False,,,,,-1.0,False
463,Technology,Semiconductors (3),ADI,NVTS,0.4475371050087108,0.3997384972405856,0.0205851048153598,False,,,,,-1.0,False
464,Technology,Semiconductors (3),ADI,LASR,0.2936181705661591,0.2936181705661591,0.0494399653294718,False,,,,,-1.0,False
465,Technology,Semiconductors (3),ADI,POWI,0.5159953006718512,0.4839599065364067,0.0202360623352736,False,,,,,-1.0,False
466,Technology,Semiconductors (3),ADI,WOLF,0.4210467412378987,0.4068173745003095,0.0177631553866437,False,,,,,-1.0,False
467,Technology,Semiconductors (3),MPWR,SWKS,0.511279032144196,0.5023017292266594,0.0149720991125844,False,,,,,-1.0,False
468,Technology,Semiconductors (3),MPWR,CRUS,0.6123792761637065,0.6123792761637065,0.023893321429864,False,,,,,-1.0,False
469,Technology,Semiconductors (3),MPWR,MXL,0.4275368770452283,0.3873666775014369,0.0135844979129109,False,,,,,-1.0,False
470,Technology,Semiconductors (3),MPWR,NVTS,0.6177946066680994,0.6026357490276494,0.0087429143102235,False,,,,,-1.0,False
471,Technology,Semiconductors (3),MPWR,LASR,0.5244261798621486,0.5244261798621486,0.0401022656686768,False,,,,,-1.0,False
472,Technology,Semiconductors (3),MPWR,POWI,0.624305826384433,0.5856595060469139,0.0185065507902637,False,,,,,-1.0,False
473,Technology,Semiconductors (3),MPWR,WOLF,0.5167820487307206,0.5089317977300211,0.0059459416702973,False,,,,,-1.0,False
474,Technology,Semiconductors (3),SITM,SWKS,0.3414315838699627,0.2445417727470612,0.0377836213811541,False,,,,,-1.0,False
475,Technology,Semiconductors (3),SITM,CRUS,0.3690507165053493,0.3690507165053493,0.0097340060292886,False,,,,,-1.0,False
476,Technology,Semiconductors (3),SITM,MXL,0.4909866870019606,0.3810964015680604,0.0409385435917186,False,,,,,-1.0,False
477,Technology,Semiconductors (3),SITM,ALGM,0.6429090251406486,0.5904053054670088,0.0249862679642127,False,,,,,-1.0,False
478,Technology,Semiconductors (3),SITM,VSH,0.5086538837075802,0.4806144442953959,0.0110479666474422,False,,,,,-1.0,False
479,Technology,Semiconductors (3),SITM,NVTS,0.5001636987635965,0.4061498316994222,0.0390910507060907,False,,,,,-1.0,False
480,Technology,Semiconductors (3),SITM,LASR,0.6068297309187891,0.6068297309187891,0.0383246717290857,False,,,,,-1.0,False
481,Technology,Semiconductors (3),SITM,POWI,0.5257197122765734,0.3901505674331932,0.0559974422794969,False,,,,,-1.0,False
482,Technology,Semiconductors (3),SITM,WOLF,0.5777476704643972,0.5318630557557451,0.0164390386108693,False,,,,,-1.0,False
483,Technology,Semiconductors (3),SWKS,CRUS,0.6584921262829327,0.5963209096617843,0.01991660838451,False,,,,,-1.0,False
484,Technology,Semiconductors (3),SWKS,MXL,0.329165473102456,0.2952139707824791,0.0187047418988888,False,,,,,-1.0,False
485,Technology,Semiconductors (3),SWKS,ALGM,0.4988870671996708,0.4526141730677626,0.02036320852589,False,,,,,-1.0,False
486,Technology,Semiconductors (3),SWKS,VSH,0.5484202277638923,0.5154682839312462,0.0184224448147436,False,,,,,-1.0,False
487,Technology,Semiconductors (3),SWKS,DIOD,0.5158837483966329,0.5025130311071431,0.021855305389978,False,,,,,-1.0,False
488,Technology,Semiconductors (3),SWKS,NVTS,0.5962535585807515,0.5330023300248112,0.0314714264641208,False,,,,,-1.0,False
489,Technology,Semiconductors (3),SWKS,LASR,0.3965759456157289,0.304594935679768,0.0360364513638092,False,,,,,-1.0,False
490,Technology,Semiconductors (3),SWKS,POWI,0.3831608014144192,0.2758849094935598,0.0427309672358628,False,,,,,-1.0,False
491,Technology,Semiconductors (3),SWKS,WOLF,0.3104130095110872,0.2991063806168695,0.0139722414082636,False,,,,,-1.0,False
492,Technology,Semiconductors (3),CRUS,MXL,0.2734897280871494,0.2725982472945967,0.011601702531175,False,,,,,-1.0,False
493,Technology,Semiconductors (3),CRUS,ALGM,0.4922628360795748,0.4922628360795748,0.0399999342855581,False,,,,,-1.0,False
494,Technology,Semiconductors (3),CRUS,VSH,0.5695998569878388,0.5695998569878388,0.0119471802764274,False,,,,,-1.0,False
495,Technology,Semiconductors (3),CRUS,DIOD,0.5408040366765332,0.5408040366765332,0.0308523050850278,False,,,,,-1.0,False
496,Technology,Semiconductors (3),CRUS,NVTS,0.5644003214974554,0.5644003214974554,0.0067194448845793,False,,,,,-1.0,False
497,Technology,Semiconductors (3),CRUS,LASR,0.3488406008774413,0.3488406008774413,0.0351143250702296,False,,,,,-1.0,False
498,Technology,Semiconductors (3),CRUS,POWI,0.4435088430754736,0.4294944708657188,0.0189586429720044,False,,,,,-1.0,False
499,Technology,Semiconductors (3),CRUS,WOLF,0.2966779470353811,0.295009341971367,0.0053041383168324,False,,,,,-1.0,False
500,Technology,Semiconductors (3),MXL,ALGM,0.54109740817434,0.3916596311949618,0.0596434394808772,False,,,,,-1.0,False
501,Technology,Semiconductors (3),MXL,VSH,0.4141937319993832,0.3094791431955452,0.0385924304336671,False,,,,,-1.0,False
502,Technology,Semiconductors (3),MXL,DIOD,0.4643007794003562,0.3649468117118882,0.0359714915340462,False,,,,,-1.0,False
503,Technology,Semiconductors (3),MXL,NVTS,0.3481271590772165,0.2582436356627278,0.0325530908485879,False,,,,,-1.0,False
504,Technology,Semiconductors (3),MXL,LASR,0.4058862238650484,0.3415604852318036,0.0220650040742324,False,,,,,-1.0,False
505,Technology,Semiconductors (3),MXL,POWI,0.4950882819967809,0.4134536368443671,0.0347989533469861,False,,,,,-1.0,False
506,Technology,Semiconductors (3),MXL,WOLF,0.3050132661054885,0.2226257866807719,0.0283000832528675,False,,,,,-1.0,False
507,Technology,Semiconductors (3),ALGM,VSH,0.6477099085608671,0.6257025252421496,0.0167800773035658,False,,,,,-1.0,False
508,Technology,Semiconductors (3),ALGM,NVTS,0.597137000260074,0.5384216099497657,0.0210438330499412,False,,,,,-1.0,False
509,Technology,Semiconductors (3),ALGM,LASR,0.5500354983306199,0.495163540033221,0.0213431177732339,False,,,,,-1.0,False
510,Technology,Semiconductors (3),ALGM,POWI,0.6836151762656029,0.6459184331660399,0.0155136056046397,False,,,,,-1.0,False
511,Technology,Semiconductors (3),ALGM,WOLF,0.5100802579392226,0.4618699274629611,0.0151512818918512,False,,,,,-1.0,False
512,Technology,Semiconductors (3),VSH,DIOD,0.684999216567904,0.631196883905713,0.0206546526068396,False,,,,,-1.0,False
513,Technology,Semiconductors (3),VSH,NVTS,0.635818442278583,0.5763149342800832,0.0260512032506027,False,,,,,-1.0,False
514,Technology,Semiconductors (3),VSH,LASR,0.4402986063150468,0.4350436290708087,0.0209614035915733,False,,,,,-1.0,False
515,Technology,Semiconductors (3),VSH,POWI,0.5592895226854803,0.4813197193955666,0.0368808461188949,False,,,,,-1.0,False
516,Technology,Semiconductors (3),VSH,WOLF,0.5347164976667884,0.4925420289065275,0.0165931928754065,False,,,,,-1.0,False
517,Technology,Semiconductors (3),DIOD,NVTS,0.5700603148294769,0.5179560323348835,0.0198047048908543,False,,,,,-1.0,False
518,Technology,Semiconductors (3),DIOD,LASR,0.444296756725576,0.4391551062147343,0.0384643577319546,False,,,,,-1.0,False
519,Technology,Semiconductors (3),DIOD,POWI,0.629443212337502,0.5844609009692946,0.0244803617664488,False,,,,,-1.0,False
520,Technology,Semiconductors (3),DIOD,WOLF,0.5103140963602922,0.4585807133200628,0.0200954596954443,False,,,,,-1.0,False
521,Technology,Semiconductors (3),NVTS,LASR,0.5024038508753588,0.4986533489225255,0.0066270224625465,False,,,,,-1.0,False
522,Technology,Semiconductors (3),NVTS,POWI,0.5804755364117719,0.5226978539144419,0.023041632698599,False,,,,,-1.0,False
523,Technology,Semiconductors (3),NVTS,WOLF,0.5164356404974887,0.4871230183516881,0.0110809095457467,False,,,,,-1.0,False
524,Technology,Semiconductors (3),LASR,POWI,0.4534449946084437,0.3932134785113083,0.028697971340085,False,,,,,-1.0,False
525,Technology,Semiconductors (3),LASR,WOLF,0.5099485806038677,0.496557640826278,0.0150121644160246,False,,,,,-1.0,False
526,Technology,Semiconductors (3),POWI,WOLF,0.3579987854775509,0.2946016023783626,0.0271635336872084,False,,,,,-1.0,False
527,Technology,Semiconductors (4),GFS,TSEM,0.6677976856594555,0.5653404650809206,0.051179505839933,False,,,,,-1.0,False
528,Technology,Semiconductors (4),GFS,PI,0.4102662866872212,0.36968653558975,0.0303833983000322,False,,,,,-1.0,False
529,Technology,Semiconductors (4),GFS,SKYT,0.4237003847330611,0.4237003847330611,0.031286263300726,False,,,,,-1.0,False
530,Technology,Semiconductors (4),TSEM,PI,0.3194043773774514,0.3194043773774514,0.0388093778156102,False,,,,,-1.0,False
531,Technology,Semiconductors (4),TSEM,SKYT,0.4389878871239384,0.4389878871239384,0.0286371116156337,False,,,,,-1.0,False
532,Technology,Semiconductors (4),PI,SKYT,0.2571788348516197,0.2571788348516197,0.0344145290911522,False,,,,,-1.0,False
533,Technology,Software - Infrastructure (1),MSFT,ORCL,0.4407372511295052,0.4407372511295052,0.063692880535448,False,,,,,-1.0,False
534,Technology,Software - Infrastructure (1),MSFT,MDB,0.4359558492324458,0.4359558492324458,0.0334763427737438,False,,,,,-1.0,False
535,Technology,Software - Infrastructure (1),MSFT,DOCN,0.0475828241015321,0.0475828241015321,0.0531053579842295,False,,,,,-1.0,False
536,Technology,Software - Infrastructure (1),MSFT,DOX,0.4643974912435921,0.4154324829338878,0.0198272672975299,False,,,,,-1.0,False
537,Technology,Software - Infrastructure (1),MSFT,PATH,0.6156843139694848,0.6114685419045593,0.0168137319199867,False,,,,,-1.0,False
538,Technology,Software - Infrastructure (1),MSFT,WEX,0.3419937152681342,0.3075024976368124,0.012449628147061,False,,,,,-1.0,False
539,Technology,Software - Infrastructure (1),MSFT,GTLB,0.5161298703877488,0.5052819829947391,0.0258205194672638,False,,,,,-1.0,False
540,Technology,Software - Infrastructure (1),MSFT,CALX,-0.0974385144207153,-0.0974385144207153,0.0294673499188792,False,,,,,-1.0,False
541,Technology,Software - Infrastructure (1),MSFT,PRGS,0.4777870475302069,0.3775515912384522,0.0322716591923604,False,,,,,-1.0,False
542,Technology,Software - Infrastructure (1),ORCL,MDB,0.3438628984558561,0.3438628984558561,0.0467858081493173,False,,,,,-1.0,False
543,Technology,Software - Infrastructure (1),ORCL,DOCN,0.4867126263526825,0.4748594659463841,0.0117675334828935,False,,,,,-1.0,False
544,Technology,Software - Infrastructure (1),ORCL,DOX,0.1614714384557805,0.1614714384557805,0.050734094712893,False,,,,,-1.0,False
545,Technology,Software - Infrastructure (1),ORCL,PATH,0.3785631566525869,0.3785631566525869,0.0288444938289182,False,,,,,-1.0,False
546,Technology,Software - Infrastructure (1),ORCL,WEX,0.250468804974076,0.250468804974076,0.0345402055225766,False,,,,,-1.0,False
547,Technology,Software - Infrastructure (1),ORCL,GTLB,0.3409868909193125,0.3409868909193125,0.0271103339763967,False,,,,,-1.0,False
548,Technology,Software - Infrastructure (1),ORCL,CALX,0.1650661358293886,0.0715115004028242,0.0317854976212408,False,,,,,-1.0,False
549,Technology,Software - Infrastructure (1),ORCL,PRGS,0.2261047080110345,0.1580425887078928,0.0445684319872116,False,,,,,-1.0,False
550,Technology,Software - Infrastructure (1),MDB,DOCN,0.2509109012114163,0.2509109012114163,0.0235614477641484,False,,,,,-1.0,False
551,Technology,Software - Infrastructure (1),MDB,DOX,0.4410250182501852,0.4410250182501852,0.0110626386505998,False,,,,,-1.0,False
552,Technology,Software - Infrastructure (1),MDB,PATH,0.5519395927711862,0.5519395927711862,0.0304365887762789,False,,,,,-1.0,False
553,Technology,Software - Infrastructure (1),MDB,WEX,0.0330701860415707,0.0267667041377385,0.0257005642302231,False,,,,,-1.0,False
554,Technology,Software - Infrastructure (1),MDB,GTLB,0.455053076112846,0.4518848295118352,0.0134303772461108,False,,,,,-1.0,False
555,Technology,Software - Infrastructure (1),MDB,CALX,0.0825365889773465,0.0825365889773465,0.055131523932911,False,,,,,-1.0,False
556,Technology,Software - Infrastructure (1),MDB,PRGS,0.5059012335398764,0.4569137364709229,0.0187030062862319,False,,,,,-1.0,False
557,Technology,Software - Infrastructure (1),DOCN,DOX,0.0361683976849813,0.0361683976849813,0.0450101460544433,False,,,,,-1.0,False
558,Technology,Software - Infrastructure (1),DOCN,PATH,0.1420523709078908,0.1420523709078908,0.0602866913550308,False,,,,,-1.0,False
559,Technology,Software - Infrastructure (1),DOCN,WEX,-0.1530302175734551,-0.1530302175734551,0.0184827492359459,False,,,,,-1.0,False
560,Technology,Software - Infrastructure (1),DOCN,GTLB,0.0843148181833744,0.0843148181833744,0.0380557842907577,False,,,,,-1.0,False
561,Technology,Software - Infrastructure (1),DOCN,CALX,0.1972432218258082,0.1276776453507127,0.0257566110295271,False,,,,,-1.0,False
562,Technology,Software - Infrastructure (1),DOCN,PRGS,-0.0062560083971802,-0.0636387371255808,0.0191102520577686,False,,,,,-1.0,False
563,Technology,Software - Infrastructure (1),DOX,PATH,0.522873337766545,0.4962916040386931,0.0231705342157612,False,,,,,-1.0,False
564,Technology,Software - Infrastructure (1),DOX,WEX,0.3552427520543861,0.3112771980417366,0.0180691921863633,False,,,,,-1.0,False
565,Technology,Software - Infrastructure (1),DOX,GTLB,0.4753427855310221,0.4753427855310221,0.0145276948340085,False,,,,,-1.0,False
566,Technology,Software - Infrastructure (1),DOX,CALX,0.1611535902443047,0.1562959422075137,0.0170724997556862,False,,,,,-1.0,False
567,Technology,Software - Infrastructure (1),DOX,PRGS,0.4852940919889228,0.4178822889952889,0.0236728999326617,False,,,,,-1.0,False
568,Technology,Software - Infrastructure (1),PATH,WEX,0.3129463273088373,0.261068480771112,0.0305388881544762,False,,,,,-1.0,False
569,Technology,Software - Infrastructure (1),PATH,CALX,0.249404745584851,0.1631353685887303,0.036954790979893,False,,,,,-1.0,False
570,Technology,Software - Infrastructure (1),PATH,PRGS,0.580794188998285,0.5046183302135675,0.025489055029483,False,,,,,-1.0,False
571,Technology,Software - Infrastructure (1),WEX,GTLB,0.2740477670958812,0.2616107599034197,0.0151201976899677,False,,,,,-1.0,False
572,Technology,Software - Infrastructure (1),WEX,CALX,0.026447784541893,-0.0658954464512564,0.0447751392808157,False,,,,,-1.0,False
573,Technology,Software - Infrastructure (1),WEX,PRGS,0.3604833481968607,0.352523710847154,0.0356565496058419,False,,,,,-1.0,False
574,Technology,Software - Infrastructure (1),GTLB,CALX,0.0274459003412258,0.0274459003412258,0.0305570912177042,False,,,,,-1.0,False
575,Technology,Software - Infrastructure (1),GTLB,PRGS,0.559076506448322,0.4938702247795092,0.0208217186653611,False,,,,,-1.0,False
576,Technology,Software - Infrastructure (1),CALX,PRGS,0.2147806926112819,0.1760743879912046,0.0241291875001624,False,,,,,-1.0,False
577,Technology,Software - Infrastructure (2),PLTR,TWLO,0.3503255396377506,0.3367969885359627,0.0193906673844474,False,,,,,-1.0,False
578,Technology,Software - Infrastructure (2),PLTR,ZETA,0.6197905972640501,0.6197905972640501,0.0104473532216761,False,,,,,-1.0,False
579,Technology,Software - Infrastructure (2),PLTR,VRNS,0.4045025186298158,0.4045025186298158,0.0255322981526298,False,,,,,-1.0,False
580,Technology,Software - Infrastructure (2),PLTR,TDC,0.3172430462582954,0.3172430462582954,0.0362485783166813,False,,,,,-1.0,False
581,Technology,Software - Infrastructure (2),PLTR,RAMP,0.1794378912817736,0.179009340664295,0.0062884664230429,False,,,,,-1.0,False
582,Technology,Software - Infrastructure (2),PLTR,BAND,0.2800601364739181,0.2734998466596103,0.0153426151155055,False,,,,,-1.0,False
583,Technology,Software - Infrastructure (2),PLTR,FIVN,0.4983159903966492,0.4575261061909394,0.0151368047514533,False,,,,,-1.0,False
584,Technology,Software - Infrastructure (2),PLTR,APPN,0.4752523366370909,0.4415736803784611,0.0117535303782101,False,,,,,-1.0,False
585,Technology,Software - Infrastructure (2),TWLO,RBRK,0.4855248577591496,0.4645659422868256,0.010844410789252,False,,,,,-1.0,False
586,Technology,Software - Infrastructure (2),TWLO,ZETA,0.5158915745432383,0.5046632652328285,0.0214488532694411,False,,,,,-1.0,False
587,Technology,Software - Infrastructure (2),TWLO,VRNS,0.2019657553970079,0.1825318825317224,0.0111372730760853,False,,,,,-1.0,False
588,Technology,Software - Infrastructure (2),TWLO,TDC,0.3523649653671354,0.3240475925195267,0.0253066900842167,False,,,,,-1.0,False
589,Technology,Software - Infrastructure (2),TWLO,RAMP,0.0867290817983797,0.0792415304673301,0.0135248098323693,False,,,,,-1.0,False
590,Technology,Software - Infrastructure (2),TWLO,FIVN,0.6538878512903442,0.6362132433447086,0.0234115164617308,False,,,,,-1.0,False
591,Technology,Software - Infrastructure (2),TWLO,APPN,0.3132642323750269,0.2680635120194471,0.0156952845901292,False,,,,,-1.0,False
592,Technology,Software - Infrastructure (2),RBRK,VRNS,0.6196173186750458,0.6196173186750458,0.0127344061860767,False,,,,,-1.0,False
593,Technology,Software - Infrastructure (2),RBRK,TDC,0.3532082837476424,0.3480069168529139,0.0510995092129802,False,,,,,-1.0,False
594,Technology,Software - Infrastructure (2),RBRK,RAMP,0.1762770697630794,0.1762770697630794,0.0286447312469618,False,,,,,-1.0,False
595,Technology,Software - Infrastructure (2),RBRK,BAND,0.3420532491061611,0.3075233732274515,0.0103641961484089,False,,,,,-1.0,False
596,Technology,Software - Infrastructure (2),RBRK,FIVN,0.4807140026080283,0.4548963588101573,0.0180761597311534,False,,,,,-1.0,False
597,Technology,Software - Infrastructure (2),RBRK,APPN,0.460546489623616,0.4331595899743939,0.0336479164361732,False,,,,,-1.0,False
598,Technology,Software - Infrastructure (2),ZETA,VRNS,0.4222898700197207,0.4222898700197207,0.0242696000863597,False,,,,,-1.0,False
599,Technology,Software - Infrastructure (2),ZETA,TDC,0.3142503774657998,0.2855880515586423,0.0335434719161853,False,,,,,-1.0,False
600,Technology,Software - Infrastructure (2),ZETA,RAMP,0.3683366944063034,0.356593976700557,0.0185505270033079,False,,,,,-1.0,False
601,Technology,Software - Infrastructure (2),ZETA,BAND,0.4915787292724413,0.4659268214330597,0.0123561959199232,False,,,,,-1.0,False
602,Technology,Software - Infrastructure (2),ZETA,FIVN,0.5151898420885845,0.5045406193884714,0.0183707556607728,False,,,,,-1.0,False
603,Technology,Software - Infrastructure (2),ZETA,APPN,0.4617197714454419,0.439318889987123,0.021647972189472,False,,,,,-1.0,False
604,Technology,Software - Infrastructure (2),VRNS,TDC,0.2398584485881235,0.2398584485881235,0.0425756758227027,False,,,,,-1.0,False
605,Technology,Software - Infrastructure (2),VRNS,RAMP,0.0912788604225713,0.0912788604225713,0.0265860275397823,False,,,,,-1.0,False
606,Technology,Software - Infrastructure (2),VRNS,BAND,0.1508152258864264,0.1433440881921689,0.0046080421886411,False,,,,,-1.0,False
607,Technology,Software - Infrastructure (2),VRNS,FIVN,0.3319218953889817,0.3199139262343517,0.0178270493020178,False,,,,,-1.0,False
608,Technology,Software - Infrastructure (2),VRNS,APPN,0.3799150002047437,0.3661083841830334,0.0161138504547465,False,,,,,-1.0,False
609,Technology,Software - Infrastructure (2),TDC,RAMP,-0.0364307635930023,-0.0408443714172472,0.0169799492679678,False,,,,,-1.0,False
610,Technology,Software - Infrastructure (2),TDC,BAND,0.2802540495806724,0.239253552964544,0.0215207482060162,False,,,,,-1.0,False
611,Technology,Software - Infrastructure (2),TDC,FIVN,0.3904948667526836,0.3671756953494629,0.0176734295871878,False,,,,,-1.0,False
612,Technology,Software - Infrastructure (2),TDC,APPN,0.3907250108103415,0.3140987014503434,0.0253778347031652,False,,,,,-1.0,False
613,Technology,Software - Infrastructure (2),RAMP,BAND,0.1197139800172931,0.1116688544460786,0.0075797041840462,False,,,,,-1.0,False
614,Technology,Software - Infrastructure (2),RAMP,FIVN,0.0808082507144645,0.0734334986860073,0.0267528208475324,False,,,,,-1.0,False
615,Technology,Software - Infrastructure (2),RAMP,APPN,0.3836237549819484,0.3836237549819484,0.0155021821282596,False,,,,,-1.0,False
616,Technology,Software - Infrastructure (2),BAND,APPN,0.2233575761178786,0.1867372876155521,0.014281704735889,False,,,,,-1.0,False
617,Technology,Software - Infrastructure (2),FIVN,APPN,0.4121684430830791,0.3686322827164186,0.0168899525538021,False,,,,,-1.0,False
618,Technology,Software - Infrastructure (4),PANW,NET,0.4125052156624729,0.4043132232662781,0.0266891363903672,False,,,,,-1.0,False
619,Technology,Software - Infrastructure (4),PANW,ZS,0.6428194275496149,0.6428194275496149,0.0083432839974531,False,,,,,-1.0,False
620,Technology,Software - Infrastructure (4),PANW,FFIV,0.3451009986693679,0.2371737371587522,0.0459122522699873,False,,,,,-1.0,False
621,Technology,Software - Infrastructure (4),PANW,AKAM,0.3054468456922101,0.3054468456922101,0.0369398357890289,False,,,,,-1.0,False
622,Technology,Software - Infrastructure (4),PANW,CHKP,0.3703844446812668,0.3589849889684703,0.0181984922360018,False,,,,,-1.0,False
623,Technology,Software - Infrastructure (4),PANW,NTCT,0.4174127895701724,0.3602304793967808,0.0194748372851735,False,,,,,-1.0,False
624,Technology,Software - Infrastructure (4),PANW,ATEN,0.5158037730940246,0.5017379232774495,0.0175459093728489,False,,,,,-1.0,False
625,Technology,Software - Infrastructure (4),FTNT,NET,0.3786786057309631,0.3786786057309631,0.0091233973423561,False,,,,,-1.0,False
626,Technology,Software - Infrastructure (4),FTNT,ZS,0.4886498086686387,0.4886498086686387,0.010333797590348,False,,,,,-1.0,False
627,Technology,Software - Infrastructure (4),FTNT,FFIV,0.4439826438361383,0.3605603242821436,0.0342036747352068,False,,,,,-1.0,False
628,Technology,Software - Infrastructure (4),FTNT,AKAM,0.252710318686298,0.252710318686298,0.0259452992576232,False,,,,,-1.0,False
629,Technology,Software - Infrastructure (4),FTNT,CHKP,0.259532866537098,0.2484365601246022,0.0128016308117823,False,,,,,-1.0,False
630,Technology,Software - Infrastructure (4),FTNT,NTCT,0.4408270952119683,0.364021738390576,0.0282004855120237,False,,,,,-1.0,False
631,Technology,Software - Infrastructure (4),FTNT,ATEN,0.4705605047792585,0.3965115724689176,0.0352475729660452,False,,,,,-1.0,False
632,Technology,Software - Infrastructure (4),NET,ZS,0.4051469350849507,0.3654781065120897,0.0139874884551627,False,,,,,-1.0,False
633,Technology,Software - Infrastructure (4),NET,FFIV,0.3539298220054624,0.3539298220054624,0.0152880673258483,False,,,,,-1.0,False
634,Technology,Software - Infrastructure (4),NET,AKAM,0.2388487067975733,0.2388487067975733,0.0062485983081974,False,,,,,-1.0,False
635,Technology,Software - Infrastructure (4),NET,CHKP,0.3441916713705805,0.2876307234519314,0.0204557465669937,False,,,,,-1.0,False
636,Technology,Software - Infrastructure (4),NET,NTCT,0.2235620133450232,0.2048410137464491,0.0071169776723522,False,,,,,-1.0,False
637,Technology,Software - Infrastructure (4),NET,ATEN,0.3567088684073767,0.3567088684073767,0.0274223697913137,False,,,,,-1.0,False
638,Technology,Software - Infrastructure (4),ZS,FFIV,0.3457776967556802,0.3290875040968309,0.0070477139608216,False,,,,,-1.0,False
639,Technology,Software - Infrastructure (4),ZS,AKAM,0.3084146883518228,0.3002976681925117,0.0099757459026613,False,,,,,-1.0,False
640,Technology,Software - Infrastructure (4),ZS,CHKP,0.4089571168654068,0.4065619895252541,0.0076205160901715,False,,,,,-1.0,False
641,Technology,Software - Infrastructure (4),ZS,NTCT,0.260011491529545,0.223556203100371,0.0113769356476235,False,,,,,-1.0,False
642,Technology,Software - Infrastructure (4),ZS,ATEN,0.3366425706110638,0.3003677047947864,0.0129875045080185,False,,,,,-1.0,False
643,Technology,Software - Infrastructure (4),FFIV,AKAM,0.2964720200720002,0.2964720200720002,0.0286410692636879,False,,,,,-1.0,False
644,Technology,Software - Infrastructure (4),FFIV,CHKP,0.2382219340857781,0.2382219340857781,0.0249021380067683,False,,,,,-1.0,False
645,Technology,Software - Infrastructure (4),FFIV,NTCT,0.4309406073501714,0.3652528317422579,0.0259612339230313,False,,,,,-1.0,False
646,Technology,Software - Infrastructure (4),FFIV,ATEN,0.390744679713543,0.3554138393747673,0.030571565020826,False,,,,,-1.0,False
647,Technology,Software - Infrastructure (4),AKAM,CHKP,0.1503280944970493,0.1293538441503242,0.0111446872699016,False,,,,,-1.0,False
648,Technology,Software - Infrastructure (4),AKAM,NTCT,0.5438851165471184,0.5438851165471184,0.0204223090165005,False,,,,,-1.0,False
649,Technology,Software - Infrastructure (4),AKAM,ATEN,0.3076174114742285,0.2981649530822666,0.0152004421674382,False,,,,,-1.0,False
650,Technology,Software - Infrastructure (4),CHKP,NTCT,0.0451579917549499,0.0111849222388378,0.0170152680017627,False,,,,,-1.0,False
651,Technology,Software - Infrastructure (4),CHKP,ATEN,0.1163942886434449,0.1163942886434449,0.0153293827417641,False,,,,,-1.0,False
652,Technology,Software - Infrastructure (4),NTCT,ATEN,0.5697278644864661,0.550429216092643,0.0151643223227874,False,,,,,-1.0,False
653,Technology,Software - Infrastructure (5),CRWD,S,0.6066217180528435,0.5289424719652696,0.0298858976204845,False,,,,,-1.0,False
654,Technology,Software - Infrastructure (5),CRWD,QLYS,0.5773594406856138,0.5312281086940741,0.0159391538399869,False,,,,,-1.0,False
655,Technology,Software - Infrastructure (5),CRWD,TENB,0.5659121148157471,0.5093792868242097,0.0186571784986587,False,,,,,-1.0,False
656,Technology,Software - Infrastructure (5),OKTA,S,0.5455752278795729,0.4966371585427469,0.0181017132337585,False,,,,,-1.0,False
657,Technology,Software - Infrastructure (5),OKTA,QLYS,0.6849275143705562,0.6353669371957485,0.0171680045413657,False,,,,,-1.0,False
658,Technology,Software - Infrastructure (5),OKTA,TENB,0.6202514403131901,0.5604924753064318,0.0198203660334608,False,,,,,-1.0,False
659,Technology,Software - Infrastructure (5),S,QLYS,0.5298168813589926,0.4408174347137155,0.0301293414301774,False,,,,,-1.0,False
660,Technology,Software - Infrastructure (5),S,TENB,0.430116566753541,0.3414540499323945,0.0310435452188295,False,,,,,-1.0,False
661,Technology,Software - Infrastructure (5),QLYS,TENB,0.7401763520066211,0.6334113193005471,0.035616508093964,False,,,,,-1.0,False
662,Technology,Software - Infrastructure (7),IOT,DBX,0.6325470015095568,0.5774248319399532,0.0224730293263165,False,,,,,-1.0,False
663,Technology,Software - Infrastructure (7),IOT,BOX,0.6959940512542303,0.5634377714902229,0.049994133158435,False,,,,,-1.0,False
664,Technology,Software - Infrastructure (7),IOT,NN,-0.0525033362037757,-0.0538374963270158,0.00660507546435,False,,,,,-1.0,False
665,Technology,Software - Infrastructure (7),IOT,AVPT,0.5030713817947071,0.4049126758495253,0.0286481496639837,False,,,,,-1.0,False
666,Technology,Software - Infrastructure (7),DBX,BOX,0.7351383712877285,0.6389826538968933,0.0321697801547755,False,,,,,-1.0,False
667,Technology,Software - Infrastructure (7),DBX,NN,-0.0126086910890204,-0.0557249766457109,0.0181477491713377,False,,,,,-1.0,False
668,Technology,Software - Infrastructure (7),DBX,AVPT,0.6444963762007793,0.6434016070408356,0.0045345709133515,False,,,,,-1.0,False
669,Technology,Software - Infrastructure (7),BOX,NN,-0.0714846261868224,-0.0808899018864654,0.0157493570995946,False,,,,,-1.0,False
670,Technology,Software - Infrastructure (7),BOX,AVPT,0.6022681705368245,0.5669995981030808,0.0109570414434876,False,,,,,-1.0,False
671,Technology,Software - Infrastructure (7),NN,AVPT,0.1068404691769318,0.0531676623802053,0.0196108391655998,False,,,,,-1.0,False
672,Technology,Software - Infrastructure (9),SNPS,GEN,0.1680980616372462,0.1680980616372462,0.0387731267400128,False,,,,,-1.0,False
673,Technology,Software - Infrastructure (9),SNPS,TOST,0.1361442339911671,0.1361442339911671,0.0451673666507254,False,,,,,-1.0,False
674,Technology,Software - Infrastructure (9),SNPS,CORZ,0.3922275750036795,0.376398710759585,0.0094028353482947,False,,,,,-1.0,False
675,Technology,Software - Infrastructure (9),SNPS,CLBT,0.1876354085237043,0.1876354085237043,0.0548765313001184,False,,,,,-1.0,False
676,Technology,Software - Infrastructure (9),SNPS,GCT,0.078473104869267,0.078473104869267,0.0396079542711781,False,,,,,-1.0,False
677,Technology,Software - Infrastructure (9),GEN,TOST,0.2570327554281525,0.2148967507037154,0.0243942433121364,False,,,,,-1.0,False
678,Technology,Software - Infrastructure (9),GEN,CORZ,-0.1440275168743848,-0.1440275168743848,0.0692983146155488,False,,,,,-1.0,False
679,Technology,Software - Infrastructure (9),GEN,CLBT,0.530682140788171,0.4911010756402691,0.0175161483824123,False,,,,,-1.0,False
680,Technology,Software - Infrastructure (9),GEN,GCT,-0.0119531750687381,-0.073262809413725,0.0389553614960989,False,,,,,-1.0,False
681,Technology,Software - Infrastructure (9),TOST,CORZ,0.0150897674584878,0.0150897674584878,0.0494542516066407,False,,,,,-1.0,False
682,Technology,Software - Infrastructure (9),TOST,CLBT,0.508876252374667,0.5059790884935674,0.0144855804389345,False,,,,,-1.0,False
683,Technology,Software - Infrastructure (9),TOST,GCT,0.2644727119655896,0.2600591922444683,0.0200393969530096,False,,,,,-1.0,False
684,Technology,Software - Infrastructure (9),CORZ,CLBT,-0.0375533175973367,-0.0375533175973367,0.060531256156356,False,,,,,-1.0,False
685,Technology,Software - Infrastructure (9),CORZ,GCT,0.1393837302487502,0.1393837302487502,0.0724027826713707,False,,,,,-1.0,False
686,Technology,Software - Infrastructure (9),CLBT,GCT,0.0106880449527083,0.0106880449527083,0.0350278164638289,False,,,,,-1.0,False
687,Technology,Software - Infrastructure (10),CPAY,ACIW,0.3903580406210242,0.3645560222135194,0.0122791862666963,False,,,,,-1.0,False
688,Technology,Software - Infrastructure (10),CPAY,DLO,0.2284215057883701,0.1600997693715905,0.0316466074157811,False,,,,,-1.0,False
689,Technology,Software - Infrastructure (10),CPAY,FOUR,0.3176490713553148,0.2897049208867292,0.0127780072830649,False,,,,,-1.0,False
690,Technology,Software - Infrastructure (10),CPAY,PAY,0.4389193195954069,0.3977150464048795,0.0248653695994653,False,,,,,-1.0,False
691,Technology,Software - Infrastructure (10),CPAY,EEFT,0.4953299316214444,0.4628552971178716,0.0114800560967816,False,,,,,-1.0,False
692,Technology,Software - Infrastructure (10),CPAY,STNE,0.2683376046691932,0.2599742856036174,0.0111212499965309,False,,,,,-1.0,False
693,Technology,Software - Infrastructure (10),CPAY,PAGS,0.3247039173477915,0.2982273245337123,0.0088077221171098,False,,,,,-1.0,False
694,Technology,Software - Infrastructure (10),CPAY,FLYW,0.2654333334430997,0.2437168068450616,0.0078174737431406,False,,,,,-1.0,False
695,Technology,Software - Infrastructure (10),CPAY,MQ,0.4108986214272057,0.3963747072387324,0.0389178170085325,False,,,,,-1.0,False
696,Technology,Software - Infrastructure (10),CPAY,EVTC,0.3292414947731384,0.2437275627057374,0.0310232792550325,False,,,,,-1.0,False
697,Technology,Software - Infrastructure (10),ACIW,DLO,0.291361281294772,0.2182654281873219,0.0266683976084366,False,,,,,-1.0,False
698,Technology,Software - Infrastructure (10),ACIW,FOUR,0.4476898741957086,0.2663071936549248,0.0659673590155775,False,,,,,-1.0,False
699,Technology,Software - Infrastructure (10),ACIW,PAY,0.5456165302326021,0.4549093169678033,0.0364383446913794,False,,,,,-1.0,False
700,Technology,Software - Infrastructure (10),ACIW,EEFT,0.4602515995995858,0.3961339621113151,0.0236458614363836,False,,,,,-1.0,False
701,Technology,Software - Infrastructure (10),ACIW,STNE,0.1273461437715028,0.1273461437715028,0.023394701225279,False,,,,,-1.0,False
702,Technology,Software - Infrastructure (10),ACIW,PAGS,0.2570470048132591,0.2570470048132591,0.0254982710763018,False,,,,,-1.0,False
703,Technology,Software - Infrastructure (10),ACIW,FLYW,0.4359540449172986,0.4001186825091029,0.0192353361692194,False,,,,,-1.0,False
704,Technology,Software - Infrastructure (10),ACIW,MQ,0.497229298877214,0.487620885401087,0.0125838286314883,False,,,,,-1.0,False
705,Technology,Software - Infrastructure (10),ACIW,EVTC,0.227234089149631,0.1502114234574847,0.0328165738537588,False,,,,,-1.0,False
706,Technology,Software - Infrastructure (10),DLO,FOUR,0.2943887515450073,0.2689840306567249,0.016452669361277,False,,,,,-1.0,False
707,Technology,Software - Infrastructure (10),DLO,PAY,0.3071587191163447,0.2743327283226354,0.0266537629357716,False,,,,,-1.0,False
708,Technology,Software - Infrastructure (10),DLO,EEFT,0.2731638188955879,0.1300689779687643,0.0529277475303592,False,,,,,-1.0,False
709,Technology,Software - Infrastructure (10),DLO,STNE,0.2596200952457666,0.2306141684260672,0.0206262760214287,False,,,,,-1.0,False
710,Technology,Software - Infrastructure (10),DLO,PAGS,0.3390154421939594,0.3390154421939594,0.0477270022906047,False,,,,,-1.0,False
711,Technology,Software - Infrastructure (10),DLO,FLYW,0.2664544630869764,0.2328799491004572,0.0198114158077205,False,,,,,-1.0,False
712,Technology,Software - Infrastructure (10),DLO,MQ,0.4083481928026055,0.3940437792389503,0.0215419199515824,False,,,,,-1.0,False
713,Technology,Software - Infrastructure (10),DLO,EVTC,0.3461541079601704,0.2803269184364633,0.030487587210348,False,,,,,-1.0,False
714,Technology,Software - Infrastructure (10),FOUR,PAY,0.469249862677695,0.3819267630017703,0.0327062521184617,False,,,,,-1.0,False
715,Technology,Software - Infrastructure (10),FOUR,EEFT,0.6034911649496842,0.4551009237530398,0.0503542232517081,False,,,,,-1.0,False
716,Technology,Software - Infrastructure (10),FOUR,STNE,0.3518032554917601,0.2649025430931825,0.0324547282301966,False,,,,,-1.0,False
717,Technology,Software - Infrastructure (10),FOUR,PAGS,0.3239351540280002,0.3133417764135368,0.0162763093648931,False,,,,,-1.0,False
718,Technology,Software - Infrastructure (10),FOUR,FLYW,0.3195437308805905,0.2502404688794104,0.0250057390395762,False,,,,,-1.0,False
719,Technology,Software - Infrastructure (10),FOUR,MQ,0.2075419314295477,0.1774749620438727,0.0140234166491381,False,,,,,-1.0,False
720,Technology,Software - Infrastructure (10),FOUR,EVTC,0.2426359340230703,0.1086162618378872,0.0462142282399647,False,,,,,-1.0,False
721,Technology,Software - Infrastructure (10),PAY,EEFT,0.5833630062806237,0.4264110144662565,0.0552217159110901,False,,,,,-1.0,False
722,Technology,Software - Infrastructure (10),PAY,STNE,0.1788244884228589,0.1504129754760789,0.0103647441827613,False,,,,,-1.0,False
723,Technology,Software - Infrastructure (10),PAY,PAGS,0.2940288116375335,0.2940288116375335,0.0227139839273336,False,,,,,-1.0,False
724,Technology,Software - Infrastructure (10),PAY,FLYW,0.2465219048869888,0.2465219048869888,0.0158303007885174,False,,,,,-1.0,False
725,Technology,Software - Infrastructure (10),PAY,MQ,0.4683747577424647,0.4683747577424647,0.0258593612256339,False,,,,,-1.0,False
726,Technology,Software - Infrastructure (10),PAY,EVTC,0.4002072015948144,0.310934506735079,0.0349937830437837,False,,,,,-1.0,False
727,Technology,Software - Infrastructure (10),EEFT,STNE,0.2362042187732339,0.2362042187732339,0.0112293262915846,False,,,,,-1.0,False
728,Technology,Software - Infrastructure (10),EEFT,PAGS,0.2224658839654316,0.2224658839654316,0.0105827839623917,False,,,,,-1.0,False
729,Technology,Software - Infrastructure (10),EEFT,FLYW,0.3339769793108109,0.3095185942114208,0.0216929328751907,False,,,,,-1.0,False
730,Technology,Software - Infrastructure (10),EEFT,MQ,0.3119773360721987,0.3004420581022202,0.0142320107264977,False,,,,,-1.0,False
731,Technology,Software - Infrastructure (10),EEFT,EVTC,0.3631747323659477,0.3172232570369985,0.0211589195066744,False,,,,,-1.0,False
732,Technology,Software - Infrastructure (10),STNE,PAGS,0.5755902999924747,0.5755902999924747,0.012082736579827,False,,,,,-1.0,False
733,Technology,Software - Infrastructure (10),STNE,FLYW,0.2342343362460028,0.2342343362460028,0.0152651716574616,False,,,,,-1.0,False
734,Technology,Software - Infrastructure (10),STNE,MQ,0.1037063038721521,0.0773130669792257,0.0130982430118935,False,,,,,-1.0,False
735,Technology,Software - Infrastructure (10),STNE,EVTC,0.2895128466982526,0.2678276229979398,0.0095882718518536,False,,,,,-1.0,False
736,Technology,Software - Infrastructure (10),PAGS,FLYW,0.3482351782275543,0.3482351782275543,0.0300423091508853,False,,,,,-1.0,False
737,Technology,Software - Infrastructure (10),PAGS,MQ,0.1840629545587279,0.1827103915126458,0.0214881528202269,False,,,,,-1.0,False
738,Technology,Software - Infrastructure (10),PAGS,EVTC,0.4051494363382633,0.3654759045149668,0.0171178793222521,False,,,,,-1.0,False
739,Technology,Software - Infrastructure (10),FLYW,MQ,0.3709706115804964,0.3531135410626428,0.014144906427051,False,,,,,-1.0,False
740,Technology,Software - Infrastructure (10),FLYW,EVTC,0.2615830413042039,0.1964193262820355,0.0228912242583673,False,,,,,-1.0,False
741,Technology,Software - Infrastructure (10),MQ,EVTC,0.3964749435228173,0.324688883488628,0.0264983049587744,False,,,,,-1.0,False
742,Technology,Software - Infrastructure (11),VRSN,GDDY,0.4557579230297062,0.3851304334328255,0.0212929261777834,False,,,,,-1.0,False
743,Technology,Software - Infrastructure (11),VRSN,RELY,0.0744815939523851,-0.0021720004041198,0.0252942653684176,False,,,,,-1.0,False
744,Technology,Software - Infrastructure (11),VRSN,PAYO,0.0509207087165748,0.0432669193008167,0.0285015173304171,False,,,,,-1.0,False
745,Technology,Software - Infrastructure (11),GDDY,RELY,0.2823033600891686,0.2450565686677612,0.0318953773352627,False,,,,,-1.0,False
746,Technology,Software - Infrastructure (11),GDDY,PAYO,0.3032841278100475,0.3032841278100475,0.0406883837154389,False,,,,,-1.0,False
747,Technology,Software - Infrastructure (11),RELY,PAYO,0.1011614377181125,0.0909893440672163,0.0479900418698071,False,,,,,-1.0,False
748,Technology,Communication Equipment (1),CSCO,CIEN,0.3503793564041577,0.2718748196124089,0.0317192381305579,False,,,,,-1.0,False
749,Technology,Communication Equipment (1),CSCO,MSI,-0.0776034459786719,-0.0776034459786719,0.0354989039913444,False,,,,,-1.0,False
750,Technology,Communication Equipment (1),CSCO,HPE,0.3632535882806792,0.3131423182520834,0.0197036805354821,False,,,,,-1.0,False
751,Technology,Communication Equipment (1),CSCO,UI,0.0098367162524343,-0.0006149208865119,0.0080679450443566,False,,,,,-1.0,False
752,Technology,Communication Equipment (1),CSCO,ASTS,0.2388480694062062,0.2094627335987171,0.0153236559630065,False,,,,,-1.0,False
753,Technology,Communication Equipment (1),CSCO,ZBRA,0.1743770807511559,0.1591888625092951,0.0303251068573416,False,,,,,-1.0,False
754,Technology,Communication Equipment (1),CSCO,VIAV,0.3357040353301858,0.2954268939186815,0.017284223622751,False,,,,,-1.0,False
755,Technology,Communication Equipment (1),CSCO,VSAT,0.1626766080811701,0.1626766080811701,0.01176479068217,False,,,,,-1.0,False
756,Technology,Communication Equipment (1),CSCO,ONDS,0.0973042853772996,0.0973042853772996,0.0110986917151419,False,,,,,-1.0,False
757,Technology,Communication Equipment (1),CSCO,BDC,0.0462610609322915,0.0190259500536826,0.0169998846936777,False,,,,,-1.0,False
758,Technology,Communication Equipment (1),CSCO,EXTR,0.3326137173155796,0.2590183355812017,0.0270604286534021,False,,,,,-1.0,False
759,Technology,Communication Equipment (1),CSCO,DGII,0.4655608535027643,0.4456409412708719,0.0116190249507642,False,,,,,-1.0,False
760,Technology,Communication Equipment (1),CSCO,HLIT,0.4109336409363142,0.36807978853787,0.0152737045745686,False,,,,,-1.0,False
761,Technology,Communication Equipment (1),CIEN,MSI,0.03168567726895,0.03168567726895,0.0528410338723734,False,,,,,-1.0,False
762,Technology,Communication Equipment (1),CIEN,HPE,0.2603667290738772,0.1924320008600508,0.0265169513265892,False,,,,,-1.0,False
763,Technology,Communication Equipment (1),CIEN,UI,0.1975711891571861,0.1975711891571861,0.0832197061306159,False,,,,,-1.0,False
764,Technology,Communication Equipment (1),CIEN,ASTS,0.3667250198355151,0.3490792812784332,0.0355780383902228,False,,,,,-1.0,False
765,Technology,Communication Equipment (1),CIEN,ZBRA,0.2289969677982082,0.2003458082289591,0.0203248056444592,False,,,,,-1.0,False
766,Technology,Communication Equipment (1),CIEN,VIAV,0.5698823231412645,0.5698823231412645,0.0124810005048359,False,,,,,-1.0,False
767,Technology,Communication Equipment (1),CIEN,VSAT,0.3209850848277069,0.3209850848277069,0.0634036239274914,False,,,,,-1.0,False
768,Technology,Communication Equipment (1),CIEN,ONDS,0.3378299887088083,0.3333588548315005,0.0059424937906225,False,,,,,-1.0,False
769,Technology,Communication Equipment (1),CIEN,BDC,0.1954803617557692,0.1954803617557692,0.0349100107075071,False,,,,,-1.0,False
770,Technology,Communication Equipment (1),CIEN,EXTR,0.3767965684164964,0.2356937462013964,0.0566375731260493,False,,,,,-1.0,False
771,Technology,Communication Equipment (1),CIEN,DGII,0.3891741493414341,0.3448474987008718,0.0151505939718242,False,,,,,-1.0,False
772,Technology,Communication Equipment (1),CIEN,HLIT,0.4983011371366711,0.3901188353264754,0.0393245873365938,False,,,,,-1.0,False
773,Technology,Communication Equipment (1),MSI,HPE,0.1193378235478518,0.1193378235478518,0.0380186049901283,False,,,,,-1.0,False
774,Technology,Communication Equipment (1),MSI,UI,0.2630723295846935,0.2630723295846935,0.0181987440261802,False,,,,,-1.0,False
775,Technology,Communication Equipment (1),MSI,ASTS,0.1744024326588468,0.1744024326588468,0.0266989245468417,False,,,,,-1.0,False
776,Technology,Communication Equipment (1),MSI,ZBRA,0.3706026286457961,0.3258491037278518,0.0169709833213018,False,,,,,-1.0,False
777,Technology,Communication Equipment (1),MSI,VIAV,-0.0018937331150728,-0.0018937331150728,0.0506493370202078,False,,,,,-1.0,False
778,Technology,Communication Equipment (1),MSI,VSAT,0.2288839768262902,0.2288839768262902,0.0179740314669662,False,,,,,-1.0,False
779,Technology,Communication Equipment (1),MSI,ONDS,0.2335707864781732,0.2335707864781732,0.0556468290179376,False,,,,,-1.0,False
780,Technology,Communication Equipment (1),MSI,BDC,-0.0803418236818452,-0.0803418236818452,0.039590328405318,False,,,,,-1.0,False
781,Technology,Communication Equipment (1),MSI,EXTR,-0.0005951542827274,-0.0035312385695121,0.0257098767490974,False,,,,,-1.0,False
782,Technology,Communication Equipment (1),MSI,DGII,-0.0086214222640119,-0.0086214222640119,0.0438638597718164,False,,,,,-1.0,False
783,Technology,Communication Equipment (1),MSI,HLIT,0.1137006897057213,0.1137006897057213,0.0322649360261152,False,,,,,-1.0,False
784,Technology,Communication Equipment (1),HPE,UI,0.1170277660013423,0.1170277660013423,0.0157487699069837,False,,,,,-1.0,False
785,Technology,Communication Equipment (1),HPE,ASTS,0.2057572518001112,0.1922691334422537,0.0153850892202813,False,,,,,-1.0,False
786,Technology,Communication Equipment (1),HPE,ZBRA,0.2370201977108559,0.2370201977108559,0.0186424129081555,False,,,,,-1.0,False
787,Technology,Communication Equipment (1),HPE,VIAV,0.2400774843842342,0.191696830805258,0.0194676574909308,False,,,,,-1.0,False
788,Technology,Communication Equipment (1),HPE,VSAT,0.0946302096881409,0.0890832022587005,0.0263024163391672,False,,,,,-1.0,False
789,Technology,Communication Equipment (1),HPE,ONDS,0.4664791685430491,0.4304072285962984,0.0166069940168001,False,,,,,-1.0,False
790,Technology,Communication Equipment (1),HPE,BDC,0.0032803639675523,-0.0275109903476003,0.0132654425254958,False,,,,,-1.0,False
791,Technology,Communication Equipment (1),HPE,EXTR,0.3680722137272251,0.2974382588951088,0.0284182464056503,False,,,,,-1.0,False
792,Technology,Communication Equipment (1),HPE,DGII,0.3587031772927169,0.3148119373610412,0.0173829661891747,False,,,,,-1.0,False
793,Technology,Communication Equipment (1),HPE,HLIT,0.3463715195748775,0.2909958495357601,0.0180510313510977,False,,,,,-1.0,False
794,Technology,Communication Equipment (1),UI,ASTS,0.0843326787868577,0.0843326787868577,0.034160967311798,False,,,,,-1.0,False
795,Technology,Communication Equipment (1),UI,ZBRA,0.2792904734840974,0.2792904734840974,0.0086267373673329,False,,,,,-1.0,False
796,Technology,Communication Equipment (1),UI,VIAV,0.2859921757754272,0.2859921757754272,0.0414653003106601,False,,,,,-1.0,False
797,Technology,Communication Equipment (1),UI,VSAT,0.2644673415872167,0.2644673415872167,0.0469667334314368,False,,,,,-1.0,False
798,Technology,Communication Equipment (1),UI,ONDS,0.1241808473807781,0.1241808473807781,0.0362718750074483,False,,,,,-1.0,False
799,Technology,Communication Equipment (1),UI,BDC,0.2728088871898174,0.2728088871898174,0.0505952895005054,False,,,,,-1.0,False
800,Technology,Communication Equipment (1),UI,EXTR,0.2343270652188904,0.1949327132075348,0.0127541252373818,False,,,,,-1.0,False
801,Technology,Communication Equipment (1),UI,DGII,0.2852309675303413,0.2852309675303413,0.0415881173129177,False,,,,,-1.0,False
802,Technology,Communication Equipment (1),UI,HLIT,0.127446140144405,0.127446140144405,0.0142254635168364,False,,,,,-1.0,False
803,Technology,Communication Equipment (1),ASTS,ZBRA,0.1439036213269228,0.1439036213269228,0.0304780418746453,False,,,,,-1.0,False
804,Technology,Communication Equipment (1),ASTS,VIAV,0.2551507082467223,0.2239427018994975,0.0304203991093338,False,,,,,-1.0,False
805,Technology,Communication Equipment (1),ASTS,VSAT,0.5904350205571252,0.5904350205571252,0.0057950396350118,False,,,,,-1.0,False
806,Technology,Communication Equipment (1),ASTS,ONDS,0.5186439925367415,0.5186439925367415,0.0137302222804699,False,,,,,-1.0,False
807,Technology,Communication Equipment (1),ASTS,BDC,0.2355461848089957,0.2004476755230313,0.022684102799849,False,,,,,-1.0,False
808,Technology,Communication Equipment (1),ASTS,EXTR,0.2377101114851409,0.1692624934621378,0.02574233489213,False,,,,,-1.0,False
809,Technology,Communication Equipment (1),ASTS,DGII,0.5147678330090907,0.4886403461029984,0.0095280032295238,False,,,,,-1.0,False
810,Technology,Communication Equipment (1),ASTS,HLIT,0.4980419410316661,0.4570109793023523,0.0139906720541622,False,,,,,-1.0,False
811,Technology,Communication Equipment (1),ZBRA,VIAV,0.1416923982390621,0.1416923982390621,0.0164292767395843,False,,,,,-1.0,False
812,Technology,Communication Equipment (1),ZBRA,VSAT,0.2316025091185411,0.1962790846193159,0.0144442110620543,False,,,,,-1.0,False
813,Technology,Communication Equipment (1),ZBRA,ONDS,0.1265820035963787,0.1265820035963787,0.0391031536333109,False,,,,,-1.0,False
814,Technology,Communication Equipment (1),ZBRA,BDC,0.0752442077446643,0.0752442077446643,0.0387918325424219,False,,,,,-1.0,False
815,Technology,Communication Equipment (1),ZBRA,EXTR,0.1747980130907276,0.1483251172647325,0.0111843334379192,False,,,,,-1.0,False
816,Technology,Communication Equipment (1),ZBRA,DGII,0.3073588585352139,0.3073588585352139,0.0262835114472412,False,,,,,-1.0,False
817,Technology,Communication Equipment (1),ZBRA,HLIT,0.1267159324577578,0.1267159324577578,0.015182210956643,False,,,,,-1.0,False
818,Technology,Communication Equipment (1),VIAV,VSAT,0.3357294141899902,0.3357294141899902,0.0579460018799823,False,,,,,-1.0,False
819,Technology,Communication Equipment (1),VIAV,ONDS,0.1909034171247314,0.1590206654570361,0.0116080719858722,False,,,,,-1.0,False
820,Technology,Communication Equipment (1),VIAV,BDC,0.4996763090477747,0.4928997392626237,0.0267210314245798,False,,,,,-1.0,False
821,Technology,Communication Equipment (1),VIAV,EXTR,0.6241482897407384,0.5657660165734681,0.0225641033417771,False,,,,,-1.0,False
822,Technology,Communication Equipment (1),VIAV,DGII,0.3827807957841913,0.3342628264120529,0.0218045315507373,False,,,,,-1.0,False
823,Technology,Communication Equipment (1),VIAV,HLIT,0.3656155086357632,0.2996044470139922,0.0224669799698364,False,,,,,-1.0,False
824,Technology,Communication Equipment (1),VSAT,ONDS,0.3850553485184289,0.3850553485184289,0.0319979487913097,False,,,,,-1.0,False
825,Technology,Communication Equipment (1),VSAT,BDC,0.1840836554306707,0.1650323379830773,0.0376630608807718,False,,,,,-1.0,False
826,Technology,Communication Equipment (1),VSAT,EXTR,0.2367250419887895,0.229007415762871,0.0172050532955985,False,,,,,-1.0,False
827,Technology,Communication Equipment (1),VSAT,DGII,0.3691968337332588,0.3675021396044509,0.0231748732562893,False,,,,,-1.0,False
828,Technology,Communication Equipment (1),VSAT,HLIT,0.4255770684914643,0.4116573087571314,0.0076888265937968,False,,,,,-1.0,False
829,Technology,Communication Equipment (1),ONDS,BDC,0.1481931914986509,0.1374726017089169,0.0086220199922863,False,,,,,-1.0,False
830,Technology,Communication Equipment (1),ONDS,EXTR,0.1815795900373177,0.128839796305186,0.0262765068251983,False,,,,,-1.0,False
831,Technology,Communication Equipment (1),ONDS,DGII,0.3399898121350693,0.2948984084491741,0.0205236825106434,False,,,,,-1.0,False
832,Technology,Communication Equipment (1),ONDS,HLIT,0.3739671164993284,0.3357291758503387,0.013992439005252,False,,,,,-1.0,False
833,Technology,Communication Equipment (1),BDC,EXTR,0.2764091138048364,0.2390603544064861,0.0157212407394606,False,,,,,-1.0,False
834,Technology,Communication Equipment (1),BDC,DGII,0.4133183500559237,0.4133183500559237,0.0207483495240786,False,,,,,-1.0,False
835,Technology,Communication Equipment (1),BDC,HLIT,0.0699274166178495,0.0389154729565578,0.0159692702308517,False,,,,,-1.0,False
836,Technology,Communication Equipment (1),EXTR,DGII,0.3251023365359859,0.2670103157527172,0.026326173747939,False,,,,,-1.0,False
837,Technology,Communication Equipment (1),EXTR,HLIT,0.4339408181457045,0.3811742319904953,0.0218305117500615,False,,,,,-1.0,False
838,Technology,Communication Equipment (1),DGII,HLIT,0.4417259959148492,0.4002819809118095,0.0139690958629314,False,,,,,-1.0,False
839,Technology,Semiconductor Equipment & Materials (1),LRCX,ACLS,0.7226549698650263,0.6182635547510678,0.0393623479665736,False,,,,,-1.0,False
840,Technology,Semiconductor Equipment & Materials (1),LRCX,VECO,0.6975085836239582,0.575706915642923,0.0417433956116923,False,,,,,-1.0,False
841,Technology,Semiconductor Equipment & Materials (1),AMAT,VECO,0.6864336254510295,0.645763730131342,0.0221440441688303,False,,,,,-1.0,False
842,Technology,Semiconductor Equipment & Materials (1),KLAC,KLIC,0.6368274489154161,0.6251966053307562,0.0256042829445219,False,,,,,-1.0,False
843,Technology,Semiconductor Equipment & Materials (1),KLAC,ACLS,0.7159261363911523,0.6394737897450943,0.0276315738833504,False,,,,,-1.0,False
844,Technology,Semiconductor Equipment & Materials (1),KLAC,VECO,0.7119753367647982,0.6277961949980161,0.0287170566300494,False,,,,,-1.0,False
845,Technology,Semiconductor Equipment & Materials (1),ENTG,KLIC,0.5622065376038934,0.5257164469019927,0.0186261234175694,False,,,,,-1.0,False
846,Technology,Semiconductor Equipment & Materials (1),ENTG,ACLS,0.7131332828290712,0.622654714382486,0.0361334180276035,False,,,,,-1.0,False
847,Technology,Semiconductor Equipment & Materials (1),ENTG,UCTT,0.7058187159406544,0.6397160210888433,0.0300803244416062,False,,,,,-1.0,False
848,Technology,Semiconductor Equipment & Materials (1),NVMI,KLIC,0.6569129717066744,0.6285326427576282,0.0151179238473637,False,,,,,-1.0,False
849,Technology,Semiconductor Equipment & Materials (1),NVMI,ACMR,0.6306091878975841,0.5735487242965632,0.0267321234839569,False,,,,,-1.0,False
850,Technology,Semiconductor Equipment & Materials (1),NVMI,VECO,0.6755430621730345,0.6377786590303596,0.0141190258133532,False,,,,,-1.0,False
851,Technology,Semiconductor Equipment & Materials (1),ONTO,KLIC,0.6815496714536656,0.6182634646401882,0.021942270222786,False,,,,,-1.0,False
852,Technology,Semiconductor Equipment & Materials (1),ONTO,ACMR,0.7139026664305086,0.6091547583815626,0.0340592117332282,False,,,,,-1.0,False
853,Technology,Semiconductor Equipment & Materials (1),ONTO,VECO,0.7092860156705002,0.5990724322350203,0.0384111062476285,False,,,,,-1.0,False
854,Technology,Semiconductor Equipment & Materials (1),CAMT,KLIC,0.5273099935825709,0.5109200095033463,0.0272737113780345,False,,,,,-1.0,False
855,Technology,Semiconductor Equipment & Materials (1),CAMT,ACMR,0.6250491234487406,0.5863575512320366,0.0177425831515653,False,,,,,-1.0,False
856,Technology,Semiconductor Equipment & Materials (1),CAMT,ACLS,0.6739947143283199,0.6377870451515499,0.0149677967736789,False,,,,,-1.0,False
857,Technology,Semiconductor Equipment & Materials (1),CAMT,VECO,0.6269772680179772,0.5721625549682559,0.0203712357563394,False,,,,,-1.0,False
858,Technology,Semiconductor Equipment & Materials (1),KLIC,ACMR,0.6360643138734164,0.5645807347664573,0.0238631740855468,False,,,,,-1.0,False
859,Technology,Semiconductor Equipment & Materials (1),KLIC,UCTT,0.6542671182015781,0.5779093922144908,0.0244733036856339,False,,,,,-1.0,False
860,Technology,Semiconductor Equipment & Materials (1),KLIC,VECO,0.6444868901825289,0.60676533652585,0.0141839566802402,False,,,,,-1.0,False
861,Technology,Semiconductor Equipment & Materials (1),KLIC,ICHR,0.6890216326975762,0.5934234988234047,0.0317513966386907,False,,,,,-1.0,False
862,Technology,Semiconductor Equipment & Materials (1),ACMR,ACLS,0.6348387118269017,0.5193342584596649,0.0473479904275248,False,,,,,-1.0,False
863,Technology,Semiconductor Equipment & Materials (1),ACMR,UCTT,0.7167985055101792,0.5992373159592826,0.0403601398692113,False,,,,,-1.0,False
864,Technology,Semiconductor Equipment & Materials (1),ACMR,VECO,0.6499123336466199,0.5449566674826684,0.040124731192709,False,,,,,-1.0,False
865,Technology,Semiconductor Equipment & Materials (1),ACLS,UCTT,0.7373299002221267,0.6124846932717092,0.0470363966568856,False,,,,,-1.0,False
866,Technology,Semiconductor Equipment & Materials (1),ACLS,ICHR,0.6765287157549906,0.6091459736728501,0.0241343868183013,False,,,,,-1.0,False
867,Technology,Semiconductor Equipment & Materials (1),UCTT,VECO,0.697653969526309,0.5704655255846407,0.0464510550724557,False,,,,,-1.0,False
868,Technology,Semiconductor Equipment & Materials (1),VECO,ICHR,0.6761326705908528,0.5992963425844853,0.0282083600941472,False,,,,,-1.0,False
869,Technology,Semiconductor Equipment & Materials (2),TER,FORM,0.6585672818173607,0.5640503815312726,0.0390602623967914,False,,,,,-1.0,False
870,Technology,Semiconductor Equipment & Materials (2),TER,AXTI,0.3539294142358992,0.251489042079158,0.0305006172049977,False,,,,,-1.0,False
871,Technology,Semiconductor Equipment & Materials (2),TER,IPGP,0.4250833138082261,0.3955007748638324,0.0257297520128327,False,,,,,-1.0,False
872,Technology,Semiconductor Equipment & Materials (2),TER,AMBA,0.5868629355760728,0.522938642431355,0.0213412401428995,False,,,,,-1.0,False
873,Technology,Semiconductor Equipment & Materials (2),TER,PLAB,0.431608138346672,0.431608138346672,0.0096198577870148,False,,,,,-1.0,False
874,Technology,Semiconductor Equipment & Materials (2),TER,AEHR,0.6505108957113938,0.6377390277738619,0.0172534110913457,False,,,,,-1.0,False
875,Technology,Semiconductor Equipment & Materials (2),TER,COHU,0.6760731834461634,0.5447948101663617,0.0503405969449399,False,,,,,-1.0,False
876,Technology,Semiconductor Equipment & Materials (2),AMKR,AXTI,0.4016303722680295,0.3048995172446936,0.0339301333501163,False,,,,,-1.0,False
877,Technology,Semiconductor Equipment & Materials (2),AMKR,IPGP,0.3003049925908659,0.2718844578933027,0.0278649745752704,False,,,,,-1.0,False
878,Technology,Semiconductor Equipment & Materials (2),AMKR,AMBA,0.6036803672942992,0.5469914520077632,0.022850933881588,False,,,,,-1.0,False
879,Technology,Semiconductor Equipment & Materials (2),AMKR,PLAB,0.4217359994975523,0.4217359994975523,0.0129873410879205,False,,,,,-1.0,False
880,Technology,Semiconductor Equipment & Materials (2),AMKR,AEHR,0.6829266554812351,0.6430439804494713,0.0223902723500406,False,,,,,-1.0,False
881,Technology,Semiconductor Equipment & Materials (2),FORM,AXTI,0.3832979264397843,0.3103304906292368,0.0241948876360442,False,,,,,-1.0,False
882,Technology,Semiconductor Equipment & Materials (2),FORM,IPGP,0.3724919970782398,0.2830945078168099,0.0432224904409302,False,,,,,-1.0,False
883,Technology,Semiconductor Equipment & Materials (2),FORM,AMBA,0.665775339606757,0.5670906390039124,0.0410408680252885,False,,,,,-1.0,False
884,Technology,Semiconductor Equipment & Materials (2),FORM,PLAB,0.4349559148508276,0.4349559148508276,0.0101548079390023,False,,,,,-1.0,False
885,Technology,Semiconductor Equipment & Materials (2),FORM,AEHR,0.6611617796932127,0.6012411476996543,0.0231629589561106,False,,,,,-1.0,False
886,Technology,Semiconductor Equipment & Materials (2),FORM,COHU,0.769803669177731,0.6451222351287128,0.0495730484251548,False,,,,,-1.0,False
887,Technology,Semiconductor Equipment & Materials (2),AXTI,IPGP,0.3540484901908574,0.3387499506537819,0.0143666350447278,False,,,,,-1.0,False
888,Technology,Semiconductor Equipment & Materials (2),AXTI,AMBA,0.4308357488363681,0.3546977728027844,0.0290017896524202,False,,,,,-1.0,False
889,Technology,Semiconductor Equipment & Materials (2),AXTI,PLAB,0.288781813242757,0.2823014859468628,0.0088718432558404,False,,,,,-1.0,False
890,Technology,Semiconductor Equipment & Materials (2),AXTI,AEHR,0.4802123067872373,0.389966130093148,0.0283548587921045,False,,,,,-1.0,False
891,Technology,Semiconductor Equipment & Materials (2),AXTI,COHU,0.4046590635799676,0.2566410899451929,0.0493787051779341,False,,,,,-1.0,False
892,Technology,Semiconductor Equipment & Materials (2),IPGP,AMBA,0.3710448715748337,0.2849091671688676,0.0404188554460334,False,,,,,-1.0,False
893,Technology,Semiconductor Equipment & Materials (2),IPGP,PLAB,0.2743139426086854,0.2743139426086854,0.0162866636581694,False,,,,,-1.0,False
894,Technology,Semiconductor Equipment & Materials (2),IPGP,AEHR,0.339749910699968,0.3289848040373655,0.0184928592034487,False,,,,,-1.0,False
895,Technology,Semiconductor Equipment & Materials (2),IPGP,COHU,0.4325287368338407,0.372702593289695,0.0297392534273015,False,,,,,-1.0,False
896,Technology,Semiconductor Equipment & Materials (2),AMBA,PLAB,0.4250799303447436,0.4016292745867482,0.0102854199545033,False,,,,,-1.0,False
897,Technology,Semiconductor Equipment & Materials (2),AMBA,AEHR,0.5162791016519226,0.4931250590651916,0.0259887206272252,False,,,,,-1.0,False
898,Technology,Semiconductor Equipment & Materials (2),AMBA,COHU,0.7173626037364731,0.6401746246756915,0.0304681269958015,False,,,,,-1.0,False
899,Technology,Semiconductor Equipment & Materials (2),PLAB,AEHR,0.4458218135244401,0.4458218135244401,0.0140844317164121,False,,,,,-1.0,False
900,Technology,Semiconductor Equipment & Materials (2),PLAB,COHU,0.4913387275318512,0.4881900424164417,0.0091811084898488,False,,,,,-1.0,False
901,Technology,Semiconductor Equipment & Materials (2),AEHR,COHU,0.6577777025651489,0.5760216926872909,0.0300651532065612,False,,,,,-1.0,False
902,Technology,Information Technology Services (1),IBM,ACN,0.3914531489972194,0.3914531489972194,0.0574989604762503,False,,,,,-1.0,False
903,Technology,Information Technology Services (1),IBM,CTSH,0.3626925606490088,0.3626925606490088,0.0633735706584247,False,,,,,-1.0,False
904,Technology,Information Technology Services (1),IBM,IT,0.3977071493098567,0.3547385541331484,0.0174110078465221,False,,,,,-1.0,False
905,Technology,Information Technology Services (1),IBM,G,0.3854394758361739,0.3850525435031349,0.0173860491940654,False,,,,,-1.0,False
906,Technology,Information Technology Services (1),IBM,EPAM,0.352926622096491,0.3518503930823367,0.0255966504331506,False,,,,,-1.0,False
907,Technology,Information Technology Services (1),IBM,EXLS,0.3216816532329156,0.319084097193935,0.0065329898875692,False,,,,,-1.0,False
908,Technology,Information Technology Services (1),IBM,INOD,0.2605893755020697,0.2598422945653757,0.0501809748902688,False,,,,,-1.0,False
909,Technology,Information Technology Services (1),IBM,KD,0.4140137800459201,0.4140137800459201,0.0308592395071766,False,,,,,-1.0,False
910,Technology,Information Technology Services (1),IBM,BBAI,0.2207426937860955,0.2207426937860955,0.0777190909640613,False,,,,,-1.0,False
911,Technology,Information Technology Services (1),IBM,GLOB,0.3198345682217826,0.3198345682217826,0.0419829822806611,False,,,,,-1.0,False
912,Technology,Information Technology Services (1),IBM,CLVT,0.1738639954957292,0.1631558779041308,0.0505903538401367,False,,,,,-1.0,False
913,Technology,Information Technology Services (1),IBM,DXC,0.3242047255699248,0.3242047255699248,0.0116434805239747,False,,,,,-1.0,False
914,Technology,Information Technology Services (1),IBM,CNXC,0.2655851105567748,0.2655851105567748,0.0634673006991472,False,,,,,-1.0,False
915,Technology,Information Technology Services (1),ACN,IT,0.6561693601719435,0.5963467124580976,0.0241855238923795,False,,,,,-1.0,False
916,Technology,Information Technology Services (1),ACN,EXLS,0.6499963544236882,0.62003376613705,0.0123665998562541,False,,,,,-1.0,False
917,Technology,Information Technology Services (1),ACN,INOD,0.2421228197332968,0.2292506569999423,0.0339060717823702,False,,,,,-1.0,False
918,Technology,Information Technology Services (1),ACN,KD,0.6131560576418433,0.559201262329947,0.0211817600642464,False,,,,,-1.0,False
919,Technology,Information Technology Services (1),ACN,BBAI,0.021701912130335,0.021701912130335,0.0364031698154424,False,,,,,-1.0,False
920,Technology,Information Technology Services (1),ACN,CLVT,0.4470122820220757,0.4032488885349398,0.0215290375800927,False,,,,,-1.0,False
921,Technology,Information Technology Services (1),ACN,DXC,0.4875913344340558,0.4533532633739993,0.0164207692556564,False,,,,,-1.0,False
922,Technology,Information Technology Services (1),ACN,CNXC,0.3465028977054028,0.3381581074860214,0.0162709760010741,False,,,,,-1.0,False
923,Technology,Information Technology Services (1),CTSH,IT,0.6819241123006734,0.6264508316354701,0.0248562171295042,False,,,,,-1.0,False
924,Technology,Information Technology Services (1),CTSH,INOD,0.1780614865034184,0.1585471894745914,0.0243477082643766,False,,,,,-1.0,False
925,Technology,Information Technology Services (1),CTSH,KD,0.6175276329797409,0.5311290889978567,0.0330061327745066,False,,,,,-1.0,False
926,Technology,Information Technology Services (1),CTSH,BBAI,0.0468464331413777,0.0468464331413777,0.0296614918977274,False,,,,,-1.0,False
927,Technology,Information Technology Services (1),CTSH,CLVT,0.4111243077294954,0.4111243077294954,0.0096661725384702,False,,,,,-1.0,False
928,Technology,Information Technology Services (1),CTSH,DXC,0.5401814524143668,0.5038711169141982,0.0156570653646204,False,,,,,-1.0,False
929,Technology,Information Technology Services (1),CTSH,CNXC,0.3537273038734124,0.3304788913046339,0.0120242554336061,False,,,,,-1.0,False
930,Technology,Information Technology Services (1),IT,EPAM,0.6683009291663649,0.6281262065057059,0.0146516937189315,False,,,,,-1.0,False
931,Technology,Information Technology Services (1),IT,EXLS,0.6926394908995815,0.613434776058697,0.0308427693953788,False,,,,,-1.0,False
932,Technology,Information Technology Services (1),IT,INOD,0.2021581096288245,0.1861667055050198,0.0215752494590071,False,,,,,-1.0,False
933,Technology,Information Technology Services (1),IT,KD,0.5444570551214544,0.4532832350923756,0.0328873316976631,False,,,,,-1.0,False
934,Technology,Information Technology Services (1),IT,BBAI,0.0170409272798604,0.0170409272798604,0.0396037885800971,False,,,,,-1.0,False
935,Technology,Information Technology Services (1),IT,CLVT,0.5974462654848985,0.5578766719804769,0.0152097448037418,False,,,,,-1.0,False
936,Technology,Information Technology Services (1),IT,DXC,0.4643037797566258,0.4130079896510843,0.02057547149725,False,,,,,-1.0,False
937,Technology,Information Technology Services (1),IT,CNXC,0.4321767288729833,0.4321767288729833,0.0353550074522518,False,,,,,-1.0,False
938,Technology,Information Technology Services (1),G,INOD,0.0786228475209185,0.0703077079876422,0.0332301718759884,False,,,,,-1.0,False
939,Technology,Information Technology Services (1),G,KD,0.6421082045569392,0.5796461597924523,0.0207880362308711,False,,,,,-1.0,False
940,Technology,Information Technology Services (1),G,BBAI,0.065017995564994,0.0580559937199727,0.0406437037804357,False,,,,,-1.0,False
941,Technology,Information Technology Services (1),G,CLVT,0.4774289226509668,0.4774289226509668,0.015309160173513,False,,,,,-1.0,False
942,Technology,Information Technology Services (1),G,DXC,0.5263463706028896,0.5105163424703012,0.007669567533686,False,,,,,-1.0,False
943,Technology,Information Technology Services (1),G,CNXC,0.412656587945893,0.3671526318065117,0.0277944314169812,False,,,,,-1.0,False
944,Technology,Information Technology Services (1),EPAM,INOD,0.1167444974910533,0.1010531445219469,0.0264809338014201,False,,,,,-1.0,False
945,Technology,Information Technology Services (1),EPAM,KD,0.6469400568445978,0.5297820187726563,0.0415037524382496,False,,,,,-1.0,False
946,Technology,Information Technology Services (1),EPAM,BBAI,0.097523559489206,0.0919104200907957,0.0275636923411225,False,,,,,-1.0,False
947,Technology,Information Technology Services (1),EPAM,CLVT,0.4862023476213977,0.4212240026589164,0.0268811428509623,False,,,,,-1.0,False
948,Technology,Information Technology Services (1),EPAM,DXC,0.5804143130238264,0.5442345122646375,0.0151319175919182,False,,,,,-1.0,False
949,Technology,Information Technology Services (1),EPAM,CNXC,0.2996998474771418,0.2539258855902909,0.0300082863821175,False,,,,,-1.0,False
950,Technology,Information Technology Services (1),EXLS,INOD,0.2136386843764201,0.2007005800938864,0.0230923074537509,False,,,,,-1.0,False
951,Technology,Information Technology Services (1),EXLS,KD,0.5327047448271445,0.4699392087068749,0.0216170136119618,False,,,,,-1.0,False
952,Technology,Information Technology Services (1),EXLS,BBAI,0.2154145372768424,0.2119557017914123,0.0354024768597958,False,,,,,-1.0,False
953,Technology,Information Technology Services (1),EXLS,GLOB,0.609372620905474,0.609372620905474,0.0084424837719759,False,,,,,-1.0,False
954,Technology,Information Technology Services (1),EXLS,CLVT,0.3991902992662776,0.3890470943963836,0.0381992893135408,False,,,,,-1.0,False
955,Technology,Information Technology Services (1),EXLS,DXC,0.3990891358009577,0.3762006622985798,0.0128532060670246,False,,,,,-1.0,False
956,Technology,Information Technology Services (1),EXLS,CNXC,0.4013222273084354,0.3393764812047196,0.0248367802259078,False,,,,,-1.0,False
957,Technology,Information Technology Services (1),INOD,KD,0.1340923296508842,0.1340923296508842,0.023348876870461,False,,,,,-1.0,False
958,Technology,Information Technology Services (1),INOD,BBAI,0.4290513518906119,0.4290513518906119,0.0130287199562097,False,,,,,-1.0,False
959,Technology,Information Technology Services (1),INOD,GLOB,0.1757591884773584,0.1678114716453098,0.0160946167995147,False,,,,,-1.0,False
960,Technology,Information Technology Services (1),INOD,CLVT,0.1701211439410473,0.1667488307462645,0.064508003123795,False,,,,,-1.0,False
961,Technology,Information Technology Services (1),INOD,DXC,-0.0799644779539232,-0.0799644779539232,0.0205233060399378,False,,,,,-1.0,False
962,Technology,Information Technology Services (1),INOD,CNXC,0.1223814060436436,0.1222512973569973,0.0364315375050036,False,,,,,-1.0,False
963,Technology,Information Technology Services (1),KD,BBAI,0.0856275529022508,0.0856275529022508,0.0523948919636607,False,,,,,-1.0,False
964,Technology,Information Technology Services (1),KD,GLOB,0.5883731582541445,0.4771193856285838,0.0425128775957881,False,,,,,-1.0,False
965,Technology,Information Technology Services (1),KD,CLVT,0.4502988496743358,0.4054743779268,0.0141275684881236,False,,,,,-1.0,False
966,Technology,Information Technology Services (1),KD,DXC,0.6667252431876401,0.6372502263574538,0.0155671942307612,False,,,,,-1.0,False
967,Technology,Information Technology Services (1),KD,CNXC,0.3481862877800821,0.3481862877800821,0.0385765749183578,False,,,,,-1.0,False
968,Technology,Information Technology Services (1),BBAI,GLOB,0.1911906248629392,0.1911906248629392,0.0116524915329413,False,,,,,-1.0,False
969,Technology,Information Technology Services (1),BBAI,CLVT,0.1367373627827027,0.1290958931451719,0.0470716587968257,False,,,,,-1.0,False
970,Technology,Information Technology Services (1),BBAI,DXC,0.0805545971323102,0.0805545971323102,0.0344845908073737,False,,,,,-1.0,False
971,Technology,Information Technology Services (1),BBAI,CNXC,0.0677171459744546,0.0677171459744546,0.042102647637797,False,,,,,-1.0,False
972,Technology,Information Technology Services (1),GLOB,CLVT,0.5706424566770449,0.5226512984778049,0.0203007779925209,False,,,,,-1.0,False
973,Technology,Information Technology Services (1),GLOB,DXC,0.5496539825598433,0.5266454387241003,0.0159971869379156,False,,,,,-1.0,False
974,Technology,Information Technology Services (1),GLOB,CNXC,0.367437873645812,0.3424258032539446,0.0331972293806008,False,,,,,-1.0,False
975,Technology,Information Technology Services (1),CLVT,DXC,0.3109446702225838,0.2937230360319718,0.0165945092400387,False,,,,,-1.0,False
976,Technology,Information Technology Services (1),CLVT,CNXC,0.1610887563685566,0.1585033447684197,0.0635664188742649,False,,,,,-1.0,False
977,Technology,Information Technology Services (1),DXC,CNXC,0.2988192731590757,0.2804651643098267,0.0170893961376582,False,,,,,-1.0,False
978,Technology,Information Technology Services (2),FIS,BR,0.5792603597082602,0.5143412051770561,0.0303927132928319,False,,,,,-1.0,False
979,Technology,Information Technology Services (2),FIS,LDOS,0.3418181429018847,0.3418181429018847,0.0216474695536556,False,,,,,-1.0,False
980,Technology,Information Technology Services (2),FIS,CDW,0.2564721601914858,0.2205319996400983,0.0157116259903679,False,,,,,-1.0,False
981,Technology,Information Technology Services (2),FIS,CACI,0.2143313764549889,0.1653677181979691,0.0408148765930898,False,,,,,-1.0,False
982,Technology,Information Technology Services (2),FIS,JKHY,0.567219076405719,0.5303077624479957,0.0148324166386822,False,,,,,-1.0,False
983,Technology,Information Technology Services (2),FIS,PSN,0.1824518375268619,0.0583829633136556,0.0445132656338452,False,,,,,-1.0,False
984,Technology,Information Technology Services (2),FIS,SAIC,0.1326756416296831,0.1326756416296831,0.0269910401383136,False,,,,,-1.0,False
985,Technology,Information Technology Services (2),FIS,VRRM,0.2021995957698596,0.1903451789984137,0.003757949877701,False,,,,,-1.0,False
986,Technology,Information Technology Services (2),BR,LDOS,0.3184582053399477,0.2712469557143737,0.0336828947480985,False,,,,,-1.0,False
987,Technology,Information Technology Services (2),BR,CDW,0.2239411997181838,0.1782744949961947,0.0340683501955606,False,,,,,-1.0,False
988,Technology,Information Technology Services (2),BR,CACI,0.2547493544198069,0.1364922687004405,0.0579633824623393,False,,,,,-1.0,False
989,Technology,Information Technology Services (2),BR,JKHY,0.5406292207444209,0.5280238684321984,0.0116773820073484,False,,,,,-1.0,False
990,Technology,Information Technology Services (2),BR,PSN,0.3055213284981239,0.2674906632100952,0.0144679073570212,False,,,,,-1.0,False
991,Technology,Information Technology Services (2),BR,SAIC,0.3430529381009564,0.3314590395322218,0.0196033874201667,False,,,,,-1.0,False
992,Technology,Information Technology Services (2),BR,VRRM,0.2065914885835409,0.193702733706354,0.0080232087044945,False,,,,,-1.0,False
993,Technology,Information Technology Services (2),LDOS,CDW,0.1025795949877761,0.1025795949877761,0.0284927180685474,False,,,,,-1.0,False
994,Technology,Information Technology Services (2),LDOS,CACI,0.5964573388113553,0.5016279068571591,0.0360139342083807,False,,,,,-1.0,False
995,Technology,Information Technology Services (2),LDOS,JKHY,0.2453659890617319,0.2317614263792587,0.0245283764131438,False,,,,,-1.0,False
996,Technology,Information Technology Services (2),LDOS,PSN,0.481117454640167,0.3617229391362527,0.0434070629966664,False,,,,,-1.0,False
997,Technology,Information Technology Services (2),LDOS,SAIC,0.4765010957077826,0.4765010957077826,0.0037288650486046,False,,,,,-1.0,False
998,Technology,Information Technology Services (2),LDOS,VRRM,-0.1542095021014586,-0.1805387304413849,0.0173838574731027,False,,,,,-1.0,False
999,Technology,Information Technology Services (2),CDW,CACI,0.086172686970203,0.0287018307325078,0.0287764419303479,False,,,,,-1.0,False
1000,Technology,Information Technology Services (2),CDW,JKHY,0.3595881568986904,0.3595881568986904,0.0251994839312197,False,,,,,-1.0,False
1001,Technology,Information Technology Services (2),CDW,PSN,0.076108883707787,0.0691509037709208,0.0186554484756204,False,,,,,-1.0,False
1002,Technology,Information Technology Services (2),CDW,SAIC,0.2774672671471933,0.2729043636855871,0.0172613525433016,False,,,,,-1.0,False
1003,Technology,Information Technology Services (2),CDW,VRRM,-0.0291668606871783,-0.040083178673723,0.0070429786417249,False,,,,,-1.0,False
1004,Technology,Information Technology Services (2),CACI,JKHY,0.1788685180609054,0.0609891943550444,0.0595937599866709,False,,,,,-1.0,False
1005,Technology,Information Technology Services (2),CACI,PSN,0.508820725265764,0.2732270410813231,0.0803059680490495,False,,,,,-1.0,False
1006,Technology,Information Technology Services (2),CACI,SAIC,0.5327671799380991,0.5049243423414639,0.0134642688565384,False,,,,,-1.0,False
1007,Technology,Information Technology Services (2),CACI,VRRM,0.0018189444920834,-0.0302078630069964,0.0169105334933829,False,,,,,-1.0,False
1008,Technology,Information Technology Services (2),JKHY,PSN,0.2510569335574297,0.0689289942788401,0.068182051138269,False,,,,,-1.0,False
1009,Technology,Information Technology Services (2),JKHY,SAIC,0.28044790508743,0.28044790508743,0.0224293691380204,False,,,,,-1.0,False
1010,Technology,Information Technology Services (2),JKHY,VRRM,0.1998536613138848,0.1838587742881826,0.0087048534821585,False,,,,,-1.0,False
1011,Technology,Information Technology Services (2),PSN,SAIC,0.5165009063802432,0.4247567521473891,0.0399053665033217,False,,,,,-1.0,False
1012,Technology,Information Technology Services (2),PSN,VRRM,-0.0432963091533009,-0.0652835687997989,0.0144028872673883,False,,,,,-1.0,False
1013,Technology,Information Technology Services (2),SAIC,VRRM,0.0980399347874301,0.0755459032339331,0.0104939143364503,False,,,,,-1.0,False
1014,Technology,Computer Hardware,ANET,STX,0.4248402537771403,0.3168902250184682,0.0423249571548989,False,,,,,-1.0,False
1015,Technology,Computer Hardware,ANET,WDC,0.4612380276675912,0.3690696506580827,0.0361989145531219,False,,,,,-1.0,False
1016,Technology,Computer Hardware,ANET,DELL,0.3788866619499436,0.2939043613009029,0.0311023336784473,False,,,,,-1.0,False
1017,Technology,Computer Hardware,ANET,HPQ,0.2044405289701834,0.1802028993030767,0.0100007389392412,False,,,,,-1.0,False
1018,Technology,Computer Hardware,ANET,SMCI,0.3250041267705006,0.3194036810088517,0.0109511547767046,False,,,,,-1.0,False
1019,Technology,Computer Hardware,ANET,IONQ,0.3205329754357957,0.3205329754357957,0.0089249721316418,False,,,,,-1.0,False
1020,Technology,Computer Hardware,ANET,QBTS,0.322800076745071,0.322800076745071,0.019274234603881,False,,,,,-1.0,False
1021,Technology,Computer Hardware,ANET,RGTI,0.3970767073881459,0.3924046693130534,0.0056898479913881,False,,,,,-1.0,False
1022,Technology,Computer Hardware,ANET,QUBT,0.3835687703842589,0.3637496942374181,0.0103454031594108,False,,,,,-1.0,False
1023,Technology,Computer Hardware,STX,DELL,0.4502002115294322,0.3061740687394662,0.0472523364581761,False,,,,,-1.0,False
1024,Technology,Computer Hardware,STX,HPQ,0.1162414435893278,0.0829736213324726,0.0103638440972634,False,,,,,-1.0,False
1025,Technology,Computer Hardware,STX,SMCI,0.4359114805846194,0.3273578880705867,0.0359212097348476,False,,,,,-1.0,False
1026,Technology,Computer Hardware,STX,IONQ,0.4564378019895369,0.3911236295238578,0.026071191108108,False,,,,,-1.0,False
1027,Technology,Computer Hardware,STX,QBTS,0.3699603493633767,0.3316807110326483,0.0135485893662294,False,,,,,-1.0,False
1028,Technology,Computer Hardware,STX,RGTI,0.4709597412386331,0.3996072394709944,0.0266472339903383,False,,,,,-1.0,False
1029,Technology,Computer Hardware,STX,QUBT,0.4345129332712509,0.3740188379568286,0.023525892545133,False,,,,,-1.0,False
1030,Technology,Computer Hardware,WDC,DELL,0.4311165169211011,0.2650433705115358,0.055924565817919,False,,,,,-1.0,False
1031,Technology,Computer Hardware,WDC,HPQ,0.0137462485511525,-0.0305163641447504,0.0134984337564713,False,,,,,-1.0,False
1032,Technology,Computer Hardware,WDC,SMCI,0.4361434126637639,0.354549402234824,0.026400125561923,False,,,,,-1.0,False
1033,Technology,Computer Hardware,WDC,IONQ,0.4398923119476652,0.3598361755995873,0.0292311577209436,False,,,,,-1.0,False
1034,Technology,Computer Hardware,WDC,QBTS,0.3589099811253304,0.3103932521129383,0.0168537592163907,False,,,,,-1.0,False
1035,Technology,Computer Hardware,WDC,RGTI,0.4332142036408681,0.3532294895297382,0.0279627115980285,False,,,,,-1.0,False
1036,Technology,Computer Hardware,WDC,QUBT,0.4298728194722895,0.3638525916389827,0.0250730553580639,False,,,,,-1.0,False
1037,Technology,Computer Hardware,DELL,HPQ,0.5303736844983313,0.5183836236215963,0.0169712501612858,False,,,,,-1.0,False
1038,Technology,Computer Hardware,DELL,SMCI,0.5806891328954967,0.4952993342576208,0.0332461369492399,False,,,,,-1.0,False
1039,Technology,Computer Hardware,DELL,IONQ,0.3235408686015977,0.2634135268164634,0.0200367620685453,False,,,,,-1.0,False
1040,Technology,Computer Hardware,DELL,QBTS,0.2923741255292648,0.2551417375680062,0.0127223395710063,False,,,,,-1.0,False
1041,Technology,Computer Hardware,DELL,RGTI,0.4199492987856183,0.3589823265758023,0.0214118382517121,False,,,,,-1.0,False
1042,Technology,Computer Hardware,DELL,QUBT,0.2922589257839727,0.2320386950495215,0.0207419311891382,False,,,,,-1.0,False
1043,Technology,Computer Hardware,HPQ,SMCI,0.3311160312028925,0.3311160312028925,0.0098882132108586,False,,,,,-1.0,False
1044,Technology,Computer Hardware,HPQ,IONQ,0.184926315237356,0.184926315237356,0.0233525428184346,False,,,,,-1.0,False
1045,Technology,Computer Hardware,HPQ,QBTS,0.2356164363544222,0.2356164363544222,0.0190877554227653,False,,,,,-1.0,False
1046,Technology,Computer Hardware,HPQ,RGTI,0.2833782347933773,0.2833782347933773,0.0142134355125881,False,,,,,-1.0,False
1047,Technology,Computer Hardware,HPQ,QUBT,0.1576455854508425,0.1576455854508425,0.0147116913591575,False,,,,,-1.0,False
1048,Technology,Computer Hardware,SMCI,IONQ,0.4788227258069339,0.4541996230195941,0.0150306362839084,False,,,,,-1.0,False
1049,Technology,Computer Hardware,SMCI,QBTS,0.4295244683952678,0.4135101508700961,0.0095329893281554,False,,,,,-1.0,False
1050,Technology,Computer Hardware,SMCI,RGTI,0.4888438646783127,0.450607910231877,0.0167224574425514,False,,,,,-1.0,False
1051,Technology,Computer Hardware,SMCI,QUBT,0.4054975620213829,0.3940993994364566,0.0104627441103091,False,,,,,-1.0,False
1052,Technology,Software - Application (1),UBER,GRAB,0.3680081428899067,0.3183696850522475,0.0242117854236034,False,,,,,-1.0,False
1053,Technology,Software - Application (1),UBER,YOU,0.3040457953611024,0.2642771329651128,0.0422553494640721,False,,,,,-1.0,False
1054,Technology,Software - Application (1),UBER,DUOL,0.2667046516444583,0.2667046516444583,0.0390197789080302,False,,,,,-1.0,False
1055,Technology,Software - Application (1),UBER,LYFT,0.6060274964613009,0.6060274964613009,0.0180737766917121,False,,,,,-1.0,False
1056,Technology,Software - Application (1),UBER,LIF,0.4293342572514051,0.3491380565017042,0.0346627901762748,False,,,,,-1.0,False
1057,Technology,Software - Application (1),UBER,GRND,0.1988781430869452,0.1768410502414226,0.0228009186381529,False,,,,,-1.0,False
1058,Technology,Software - Application (1),GRAB,YOU,0.2047971937974015,0.1045559085422713,0.0414621645310551,False,,,,,-1.0,False
1059,Technology,Software - Application (1),GRAB,DUOL,0.1626872661268926,0.1211034086520524,0.038287096936414,False,,,,,-1.0,False
1060,Technology,Software - Application (1),GRAB,LYFT,0.4295011454333379,0.3662789465160683,0.0217865842179141,False,,,,,-1.0,False
1061,Technology,Software - Application (1),GRAB,LIF,0.4467708150468119,0.4467708150468119,0.0098241462786758,False,,,,,-1.0,False
1062,Technology,Software - Application (1),GRAB,GRND,0.2593888477889686,0.1364157327542054,0.0387110238389944,False,,,,,-1.0,False
1063,Technology,Software - Application (1),YOU,DUOL,0.2684106995088919,0.2260437755928491,0.023048559446437,False,,,,,-1.0,False
1064,Technology,Software - Application (1),YOU,LYFT,0.3485679295961077,0.248106973713797,0.0314657272057729,False,,,,,-1.0,False
1065,Technology,Software - Application (1),YOU,LIF,0.2934125205174318,0.1631175366103748,0.0410292567145036,False,,,,,-1.0,False
1066,Technology,Software - Application (1),YOU,GRND,0.2049305546455117,0.1761994510825183,0.0488911065843119,False,,,,,-1.0,False
1067,Technology,Software - Application (1),DUOL,LYFT,0.3055384440669136,0.3055384440669136,0.0332012784357074,False,,,,,-1.0,False
1068,Technology,Software - Application (1),DUOL,LIF,0.1460106782332084,0.1460106782332084,0.0437322042298901,False,,,,,-1.0,False
1069,Technology,Software - Application (1),DUOL,GRND,0.3551985977300178,0.325136537746245,0.0216817282808255,False,,,,,-1.0,False
1070,Technology,Software - Application (1),LYFT,LIF,0.514051349755837,0.4694574379202095,0.0226949733372915,False,,,,,-1.0,False
1071,Technology,Software - Application (1),LYFT,GRND,0.3892615339729021,0.3272666157688607,0.0214645399517197,False,,,,,-1.0,False
1072,Technology,Software - Application (1),LIF,GRND,0.3289538378548516,0.2501332915898926,0.0262292970465046,False,,,,,-1.0,False
1073,Technology,Software - Application (2),CRM,U,0.4907749480428651,0.4827088486083824,0.0354216640786101,False,,,,,-1.0,False
1074,Technology,Software - Application (2),CRM,PEGA,0.6116984743548463,0.6116984743548463,0.0329923769019602,False,,,,,-1.0,False
1075,Technology,Software - Application (2),CRM,KVYO,0.679479232593262,0.6455107583185538,0.0120833017628955,False,,,,,-1.0,False
1076,Technology,Software - Application (2),CRM,RNG,0.6802527050100157,0.6404219208149544,0.019913279884826,False,,,,,-1.0,False
1077,Technology,Software - Application (2),CRM,SOUN,0.3492894303146011,0.3492894303146011,0.0278393045814706,False,,,,,-1.0,False
1078,Technology,Software - Application (2),CRM,BRZE,0.7452506270225682,0.6204298932471294,0.0556852551845091,False,,,,,-1.0,False
1079,Technology,Software - Application (2),NOW,ADBE,0.6410311325237119,0.6410311325237119,0.0128662361219219,False,,,,,-1.0,False
1080,Technology,Software - Application (2),NOW,U,0.5427602625364865,0.5082999070907737,0.0220888357117657,False,,,,,-1.0,False
1081,Technology,Software - Application (2),NOW,HUBS,0.6297818281850259,0.6265102871403774,0.0120879124321385,False,,,,,-1.0,False
1082,Technology,Software - Application (2),NOW,PEGA,0.6005817831107388,0.6005817831107388,0.0308213914663478,False,,,,,-1.0,False
1083,Technology,Software - Application (2),NOW,KVYO,0.5740654577811771,0.5687516319120121,0.0046510938779338,False,,,,,-1.0,False
1084,Technology,Software - Application (2),NOW,RNG,0.4702008370837353,0.4637642078730805,0.0106549212022617,False,,,,,-1.0,False
1085,Technology,Software - Application (2),NOW,SOUN,0.3730552572387321,0.364685751234758,0.0201730324423281,False,,,,,-1.0,False
1086,Technology,Software - Application (2),NOW,FRSH,0.6433283611859117,0.6175170638670332,0.0081397523827828,False,,,,,-1.0,False
1087,Technology,Software - Application (2),NOW,BRZE,0.5600687782759729,0.47206042547324,0.0370981917552301,False,,,,,-1.0,False
1088,Technology,Software - Application (2),NOW,INTA,0.5948377925076654,0.5891282094411204,0.0125392133636302,False,,,,,-1.0,False
1089,Technology,Software - Application (2),NOW,CXM,0.6414137217492888,0.5888752855751017,0.0200447745872968,False,,,,,-1.0,False
1090,Technology,Software - Application (2),ADBE,U,0.3484089655986755,0.3484089655986755,0.0529630561319787,False,,,,,-1.0,False
1091,Technology,Software - Application (2),ADBE,HUBS,0.5922543963297208,0.5571191199120489,0.0174208204428767,False,,,,,-1.0,False
1092,Technology,Software - Application (2),ADBE,PEGA,0.478979533243849,0.478979533243849,0.0105173334682784,False,,,,,-1.0,False
1093,Technology,Software - Application (2),ADBE,KVYO,0.4905472385536648,0.4669913182483272,0.0147012201696552,False,,,,,-1.0,False
1094,Technology,Software - Application (2),ADBE,RNG,0.6273317163866173,0.5939323691374572,0.0125106192841139,False,,,,,-1.0,False
1095,Technology,Software - Application (2),ADBE,SOUN,0.1406251590719094,0.1406251590719094,0.0520533514369614,False,,,,,-1.0,False
1096,Technology,Software - Application (2),ADBE,FRSH,0.668447961290651,0.5891548193262931,0.026348764718309,False,,,,,-1.0,False
1097,Technology,Software - Application (2),ADBE,BRZE,0.5436931080833015,0.431776579914258,0.0426460699096303,False,,,,,-1.0,False
1098,Technology,Software - Application (2),ADBE,INTA,0.6470953101876048,0.5935497229773912,0.0204359076391598,False,,,,,-1.0,False
1099,Technology,Software - Application (2),ADBE,CXM,0.5889726443743287,0.5080564059829393,0.0324111522486566,False,,,,,-1.0,False
1100,Technology,Software - Application (2),U,HUBS,0.4477059920367335,0.4415997629569089,0.0280855557110899,False,,,,,-1.0,False
1101,Technology,Software - Application (2),U,PEGA,0.4531191950620667,0.4531191950620667,0.0457022766680774,False,,,,,-1.0,False
1102,Technology,Software - Application (2),U,KVYO,0.4413651044186143,0.3976082192950763,0.0243644412813775,False,,,,,-1.0,False
1103,Technology,Software - Application (2),U,RNG,0.5119455985478762,0.499075805462988,0.0318568589719385,False,,,,,-1.0,False
1104,Technology,Software - Application (2),U,SOUN,0.6244515121814643,0.5999869925868458,0.0177997480717032,False,,,,,-1.0,False
1105,Technology,Software - Application (2),U,FRSH,0.5113741614172589,0.4866092008562477,0.0247580384785038,False,,,,,-1.0,False
1106,Technology,Software - Application (2),U,BRZE,0.4261020878139897,0.4043994346620078,0.0091980124801906,False,,,,,-1.0,False
1107,Technology,Software - Application (2),U,INTA,0.4903959608140306,0.4736375651690686,0.0268486162099377,False,,,,,-1.0,False
1108,Technology,Software - Application (2),U,CXM,0.4965140264072977,0.4747725977336128,0.02358507195728,False,,,,,-1.0,False
1109,Technology,Software - Application (2),HUBS,PEGA,0.5724376869111086,0.5685149461601641,0.021955240876505,False,,,,,-1.0,False
1110,Technology,Software - Application (2),HUBS,KVYO,0.6290565094708066,0.6135189464393643,0.0051461971899706,False,,,,,-1.0,False
1111,Technology,Software - Application (2),HUBS,SOUN,0.3944789771878484,0.3944789771878484,0.0371632144043673,False,,,,,-1.0,False
1112,Technology,Software - Application (2),HUBS,FRSH,0.6667577042864383,0.6229627396846923,0.0135876884473276,False,,,,,-1.0,False
1113,Technology,Software - Application (2),HUBS,BRZE,0.5552427850327933,0.4055105841958062,0.054632092865527,False,,,,,-1.0,False
1114,Technology,Software - Application (2),HUBS,INTA,0.6202119088744941,0.5702029530222936,0.019336479259311,False,,,,,-1.0,False
1115,Technology,Software - Application (2),HUBS,CXM,0.6252400671409158,0.5428925312782833,0.026890170694802,False,,,,,-1.0,False
1116,Technology,Software - Application (2),PEGA,KVYO,0.4044740815432684,0.4044740815432684,0.012216704084193,False,,,,,-1.0,False
1117,Technology,Software - Application (2),PEGA,RNG,0.3893239508698176,0.3893239508698176,0.0196624085018346,False,,,,,-1.0,False
1118,Technology,Software - Application (2),PEGA,SOUN,0.1878746364360652,0.1878746364360652,0.0668326239565936,False,,,,,-1.0,False
1119,Technology,Software - Application (2),PEGA,FRSH,0.5601387049193507,0.5217570313853054,0.01849032007615,False,,,,,-1.0,False
1120,Technology,Software - Application (2),PEGA,BRZE,0.5236152382862544,0.3773928999433057,0.052932473984813,False,,,,,-1.0,False
1121,Technology,Software - Application (2),PEGA,INTA,0.5353267513577988,0.5353267513577988,0.0198279209029118,False,,,,,-1.0,False
1122,Technology,Software - Application (2),PEGA,CXM,0.5402484235822315,0.4853539733983169,0.0316910206654759,False,,,,,-1.0,False
1123,Technology,Software - Application (2),KVYO,RNG,0.5781748076992865,0.5705909028684826,0.0039421938048452,False,,,,,-1.0,False
1124,Technology,Software - Application (2),KVYO,SOUN,0.3969742583826933,0.3969742583826933,0.0083016954469095,False,,,,,-1.0,False
1125,Technology,Software - Application (2),KVYO,FRSH,0.6334825042741863,0.6110558416359275,0.0084782654968797,False,,,,,-1.0,False
1126,Technology,Software - Application (2),KVYO,BRZE,0.6598044162154736,0.5724272176960064,0.0301961356180368,False,,,,,-1.0,False
1127,Technology,Software - Application (2),KVYO,INTA,0.6137997523455773,0.5875003458766266,0.0113127703032525,False,,,,,-1.0,False
1128,Technology,Software - Application (2),KVYO,CXM,0.590709503684599,0.5126419080162357,0.0261481454131483,False,,,,,-1.0,False
1129,Technology,Software - Application (2),RNG,SOUN,0.3893123301763001,0.3893123301763001,0.0186125042949043,False,,,,,-1.0,False
1130,Technology,Software - Application (2),RNG,FRSH,0.6998285957344035,0.6071157146548408,0.031338434461047,False,,,,,-1.0,False
1131,Technology,Software - Application (2),RNG,BRZE,0.5443939052594604,0.4219916303220109,0.0382924315762478,False,,,,,-1.0,False
1132,Technology,Software - Application (2),RNG,INTA,0.6582926890813356,0.6057056634508281,0.0165038197932907,False,,,,,-1.0,False
1133,Technology,Software - Application (2),RNG,CXM,0.627991732324907,0.5974941069067287,0.0126067533007648,False,,,,,-1.0,False
1134,Technology,Software - Application (2),SOUN,FRSH,0.3634289757205086,0.3489703830906253,0.015334238174632,False,,,,,-1.0,False
1135,Technology,Software - Application (2),SOUN,BRZE,0.3361216451302304,0.2733705780717809,0.0241236984142727,False,,,,,-1.0,False
1136,Technology,Software - Application (2),SOUN,INTA,0.2959507580832827,0.2959507580832827,0.0178822571952019,False,,,,,-1.0,False
1137,Technology,Software - Application (2),SOUN,CXM,0.2055563472580054,0.2055563472580054,0.0321041053539823,False,,,,,-1.0,False
1138,Technology,Software - Application (2),FRSH,BRZE,0.5769108184927535,0.5090114717328137,0.0236479542894959,False,,,,,-1.0,False
1139,Technology,Software - Application (2),FRSH,INTA,0.6593224401613994,0.622973626225049,0.0121665129841377,False,,,,,-1.0,False
1140,Technology,Software - Application (2),FRSH,CXM,0.7050070120056124,0.6290449238829708,0.0266693538330767,False,,,,,-1.0,False
1141,Technology,Software - Application (2),BRZE,INTA,0.6598569325696745,0.5138694405001241,0.0573012845006012,False,,,,,-1.0,False
1142,Technology,Software - Application (2),BRZE,CXM,0.623579307322022,0.5032922380493223,0.0437191987515338,False,,,,,-1.0,False
1143,Technology,Software - Application (2),INTA,CXM,0.7362005012801659,0.6138011146881444,0.0452850945945661,False,,,,,-1.0,False
1144,Technology,Software - Application (3),SNOW,WDAY,0.4285954318695127,0.4197218772654325,0.0119613970319473,False,,,,,-1.0,False
1145,Technology,Software - Application (3),SNOW,TEAM,0.4625970708948236,0.4596202849403492,0.0232182073769865,False,,,,,-1.0,False
1146,Technology,Software - Application (3),SNOW,PTC,0.1842313624679089,0.1667072489364692,0.0277373201581618,False,,,,,-1.0,False
1147,Technology,Software - Application (3),SNOW,PCOR,0.4581188222316735,0.4492224355058287,0.0218905390855788,False,,,,,-1.0,False
1148,Technology,Software - Application (3),SNOW,MNDY,0.4797590124784493,0.4797590124784493,0.0176669736747291,False,,,,,-1.0,False
1149,Technology,Software - Application (3),SNOW,ASAN,0.4439409668403544,0.4339205843149247,0.0071815751845743,False,,,,,-1.0,False
1150,Technology,Software - Application (3),WDAY,PTC,0.3653919632627835,0.2517662006581433,0.0363159568887658,False,,,,,-1.0,False
1151,Technology,Software - Application (3),WDAY,PCOR,0.5585741831130026,0.49645633680128,0.0190601225381401,False,,,,,-1.0,False
1152,Technology,Software - Application (3),WDAY,MNDY,0.6430792728701143,0.6044844004090736,0.0230377518485504,False,,,,,-1.0,False
1153,Technology,Software - Application (3),WDAY,ASAN,0.6689937039654898,0.612177518019632,0.019247744870446,False,,,,,-1.0,False
1154,Technology,Software - Application (3),TEAM,PTC,0.2714111135940033,0.2362924477875027,0.0143597792364253,False,,,,,-1.0,False
1155,Technology,Software - Application (3),TEAM,PCOR,0.5677013177774287,0.5435136156897251,0.0093288138770578,False,,,,,-1.0,False
1156,Technology,Software - Application (3),PTC,PCOR,0.506903191947045,0.3983437872828307,0.0381284546497079,False,,,,,-1.0,False
1157,Technology,Software - Application (3),PTC,MNDY,0.3967974874732038,0.3965424072762561,0.01519422311079,False,,,,,-1.0,False
1158,Technology,Software - Application (3),PTC,ASAN,0.3453512685104106,0.2866136344150124,0.0176593739078118,False,,,,,-1.0,False
1159,Technology,Software - Application (3),PCOR,MNDY,0.6159769810517787,0.6159769810517787,0.0186399757753323,False,,,,,-1.0,False
1160,Technology,Software - Application (3),PCOR,ASAN,0.6156039356948667,0.6002968160347468,0.0115519238931287,False,,,,,-1.0,False
1161,Technology,Software - Application (4),INTU,VERX,0.5047255346210145,0.5047255346210145,0.0207658983946874,False,,,,,-1.0,False
1162,Technology,Software - Application (4),INTU,PLUS,-0.0017692821923257,-0.0246948827642625,0.0117102513811809,False,,,,,-1.0,False
1163,Technology,Software - Application (4),INTU,PDFS,-0.2759164828746128,-0.2759164828746128,0.0297390308234975,False,,,,,-1.0,False
1164,Technology,Software - Application (4),VERX,PLUS,0.2495607751064049,0.2164042513854443,0.0164497343585044,False,,,,,-1.0,False
1165,Technology,Software - Application (4),VERX,PDFS,-0.2117188580474115,-0.2117188580474115,0.0416194612948369,False,,,,,-1.0,False
1166,Technology,Software - Application (4),PLUS,PDFS,0.1916622460046141,0.1916622460046141,0.0305695209616665,False,,,,,-1.0,False
1167,Technology,Software - Application (5),ROP,SSNC,0.4733856031892783,0.4733856031892783,0.0200091234395848,False,,,,,-1.0,False
1168,Technology,Software - Application (5),ROP,TYL,0.4755774568251466,0.471672413971984,0.0188806874174035,False,,,,,-1.0,False
1169,Technology,Software - Application (5),ROP,DOCU,0.5570174219796756,0.4952294601461972,0.0300707232733202,False,,,,,-1.0,False
1170,Technology,Software - Application (5),ROP,MANH,0.5958021873114089,0.5198011862562506,0.0315328764799091,False,,,,,-1.0,False
1171,Technology,Software - Application (5),ROP,CWAN,0.1273653957757087,0.109197911484898,0.0748821710245521,False,,,,,-1.0,False
1172,Technology,Software - Application (5),ROP,APPF,0.5979383996838745,0.519128917544415,0.0296346426938133,False,,,,,-1.0,False
1173,Technology,Software - Application (5),ROP,BTDR,0.0776088236071475,0.0087404813609016,0.0410653465457527,False,,,,,-1.0,False
1174,Technology,Software - Application (5),ROP,WK,0.5972774173176408,0.5536240378912382,0.0149453034275863,False,,,,,-1.0,False
1175,Technology,Software - Application (5),ROP,AGYS,0.3545096779106673,0.3010017788708405,0.0219393989088938,False,,,,,-1.0,False
1176,Technology,Software - Application (5),ROP,DBD,0.0515923099389376,-0.0465178086585315,0.0358551608333025,False,,,,,-1.0,False
1177,Technology,Software - Application (5),ROP,EVCM,0.0671157796001868,0.0671157796001868,0.0143382010757404,False,,,,,-1.0,False
1178,Technology,Software - Application (5),SSNC,TYL,0.4537804106661834,0.4537804106661834,0.0076770709755654,False,,,,,-1.0,False
1179,Technology,Software - Application (5),SSNC,DOCU,0.2924251411557773,0.2924251411557773,0.0509927235145734,False,,,,,-1.0,False
1180,Technology,Software - Application (5),SSNC,MANH,0.4034832128162156,0.4034832128162156,0.0249084371391179,False,,,,,-1.0,False
1181,Technology,Software - Application (5),SSNC,CWAN,0.0603455304594698,-0.0014390307924345,0.0508853072996872,False,,,,,-1.0,False
1182,Technology,Software - Application (5),SSNC,APPF,0.3821264155366569,0.3821264155366569,0.021538732107242,False,,,,,-1.0,False
1183,Technology,Software - Application (5),SSNC,BTDR,0.2040520811674801,0.1499236165558232,0.0311611081741156,False,,,,,-1.0,False
1184,Technology,Software - Application (5),SSNC,WK,0.4195384863161027,0.3741801645877047,0.023081580853113,False,,,,,-1.0,False
1185,Technology,Software - Application (5),SSNC,AGYS,0.4479771772083551,0.43933585778559,0.0130973236257127,False,,,,,-1.0,False
1186,Technology,Software - Application (5),SSNC,DBD,-0.0379192906252967,-0.0379192906252967,0.0211597407257142,False,,,,,-1.0,False
1187,Technology,Software - Application (5),SSNC,EVCM,0.1624650680522959,0.1624650680522959,0.0204584258542515,False,,,,,-1.0,False
1188,Technology,Software - Application (5),TYL,DOCU,0.5492465131518534,0.5235237215931824,0.0168339305815569,False,,,,,-1.0,False
1189,Technology,Software - Application (5),TYL,MANH,0.4418949297375894,0.4416398129663891,0.0134064591821365,False,,,,,-1.0,False
1190,Technology,Software - Application (5),TYL,CWAN,-0.046513356310121,-0.1019562865923804,0.0551081939984779,False,,,,,-1.0,False
1191,Technology,Software - Application (5),TYL,APPF,0.5576549456477681,0.5055973816464244,0.0400863410642017,False,,,,,-1.0,False
1192,Technology,Software - Application (5),TYL,BTDR,-0.1423210689817135,-0.223651763290202,0.0547660140647755,False,,,,,-1.0,False
1193,Technology,Software - Application (5),TYL,WK,0.5464454824580762,0.4652086880662855,0.0306008466745218,False,,,,,-1.0,False
1194,Technology,Software - Application (5),TYL,AGYS,0.4959508176539108,0.421848842214915,0.025000739946627,False,,,,,-1.0,False
1195,Technology,Software - Application (5),TYL,DBD,0.1476495464532971,0.1046331173948159,0.02114186554922,False,,,,,-1.0,False
1196,Technology,Software - Application (5),TYL,EVCM,0.0292291112173536,0.0286527462201247,0.0219787274117902,False,,,,,-1.0,False
1197,Technology,Software - Application (5),DOCU,MANH,0.5610170736871208,0.5317004896069104,0.0178674709461899,False,,,,,-1.0,False
1198,Technology,Software - Application (5),DOCU,CWAN,-0.119303639491978,-0.119303639491978,0.0657239605723584,False,,,,,-1.0,False
1199,Technology,Software - Application (5),DOCU,APPF,0.6305751837003719,0.5823290149321593,0.0189344908606758,False,,,,,-1.0,False
1200,Technology,Software - Application (5),DOCU,BTDR,0.0684952455525242,0.0210663107479795,0.0294732529300605,False,,,,,-1.0,False
1201,Technology,Software - Application (5),DOCU,WK,0.6880424020815544,0.5953123797845694,0.0421896457928366,False,,,,,-1.0,False
1202,Technology,Software - Application (5),DOCU,AGYS,0.4781604497682756,0.456113653672612,0.018417181261937,False,,,,,-1.0,False
1203,Technology,Software - Application (5),DOCU,DBD,0.1935182078231616,0.166560860541798,0.0095019653794545,False,,,,,-1.0,False
1204,Technology,Software - Application (5),DOCU,EVCM,0.1561286936037882,0.1437710959749795,0.0089558973876686,False,,,,,-1.0,False
1205,Technology,Software - Application (5),MANH,CWAN,0.0735829017651621,0.0493025108352172,0.0485250229838627,False,,,,,-1.0,False
1206,Technology,Software - Application (5),MANH,APPF,0.4801799912815774,0.4719108959112139,0.0404546675515464,False,,,,,-1.0,False
1207,Technology,Software - Application (5),MANH,BTDR,0.0826884588727928,-0.0201242662456577,0.0340121168804226,False,,,,,-1.0,False
1208,Technology,Software - Application (5),MANH,WK,0.6115860470932883,0.5282473884452488,0.028823883361337,False,,,,,-1.0,False
1209,Technology,Software - Application (5),MANH,AGYS,0.3995776268405888,0.3551991256844222,0.0377449871633128,False,,,,,-1.0,False
1210,Technology,Software - Application (5),MANH,DBD,0.0903352266706272,0.0678968847261393,0.0164024716625459,False,,,,,-1.0,False
1211,Technology,Software - Application (5),MANH,EVCM,0.165775575222822,0.1462100326602367,0.013098772275381,False,,,,,-1.0,False
1212,Technology,Software - Application (5),CWAN,APPF,-0.0308109651941371,-0.0308109651941371,0.1092095441474993,False,,,,,-1.0,False
1213,Technology,Software - Application (5),CWAN,BTDR,0.0661472844801589,0.0661472844801589,0.0664076811715195,False,,,,,-1.0,False
1214,Technology,Software - Application (5),CWAN,WK,-0.1143344998932402,-0.1143344998932402,0.0965711149918556,False,,,,,-1.0,False
1215,Technology,Software - Application (5),CWAN,AGYS,0.0986839330259144,0.0986839330259144,0.0166939343538422,False,,,,,-1.0,False
1216,Technology,Software - Application (5),CWAN,DBD,-0.1038013146290227,-0.1638839319375231,0.0438171666632342,False,,,,,-1.0,False
1217,Technology,Software - Application (5),CWAN,EVCM,-0.037117678138222,-0.0478091480715687,0.0242027661602854,False,,,,,-1.0,False
1218,Technology,Software - Application (5),APPF,BTDR,-0.0997872783885846,-0.1935883191837482,0.081587372696041,False,,,,,-1.0,False
1219,Technology,Software - Application (5),APPF,WK,0.5849094948174242,0.5344647735799235,0.01491781824491,False,,,,,-1.0,False
1220,Technology,Software - Application (5),APPF,AGYS,0.4822050300673508,0.4605547565658252,0.0535750213270525,False,,,,,-1.0,False
1221,Technology,Software - Application (5),APPF,DBD,0.1867717609082997,0.0942241706301292,0.0315068262655394,False,,,,,-1.0,False
1222,Technology,Software - Application (5),APPF,EVCM,0.0854318481422316,0.0734112688428007,0.0194768117023547,False,,,,,-1.0,False
1223,Technology,Software - Application (5),BTDR,WK,-0.0976369989461743,-0.226025799896222,0.0465158968162805,False,,,,,-1.0,False
1224,Technology,Software - Application (5),BTDR,AGYS,0.0214491122390984,-0.0098163452453512,0.0153606487230789,False,,,,,-1.0,False
1225,Technology,Software - Application (5),BTDR,DBD,-0.0055713582608835,-0.0837675109839797,0.0437260153574904,False,,,,,-1.0,False
1226,Technology,Software - Application (5),BTDR,EVCM,0.2483134671081541,0.1851738898575692,0.0230776691589975,False,,,,,-1.0,False
1227,Technology,Software - Application (5),WK,AGYS,0.5141829167749525,0.4442466150151846,0.0232117193595398,False,,,,,-1.0,False
1228,Technology,Software - Application (5),WK,DBD,0.0980022026673812,0.0030459188576942,0.0330881770872386,False,,,,,-1.0,False
1229,Technology,Software - Application (5),WK,EVCM,0.1419030881971609,0.1159867319683187,0.008436650057729,False,,,,,-1.0,False
1230,Technology,Software - Application (5),AGYS,DBD,0.150146132625791,0.13400380966375,0.0165218975682996,False,,,,,-1.0,False
1231,Technology,Software - Application (5),AGYS,EVCM,0.0931104070506796,0.0885200728890008,0.0133329873798337,False,,,,,-1.0,False
1232,Technology,Software - Application (5),DBD,EVCM,-0.0701925338816437,-0.0799439709018521,0.0066250139948895,False,,,,,-1.0,False
1233,Technology,Software - Application (7),ADP,PAYC,0.729214674418474,0.6428941997244679,0.0322510287928865,False,,,,,-1.0,False
1234,Technology,Software - Application (7),ADP,BILL,0.5546086490907062,0.4802791295753671,0.0233102700059776,False,,,,,-1.0,False
1235,Technology,Software - Application (7),ADP,NATL,0.2493379579148704,0.150935372107325,0.0496729172136223,False,,,,,-1.0,False
1236,Technology,Software - Application (7),ADP,QTWO,0.5826803587974366,0.5826803587974366,0.0134062431427105,False,,,,,-1.0,False
1237,Technology,Software - Application (7),ADP,DAVE,-0.1176474980847733,-0.1467990725676582,0.0411701223511278,False,,,,,-1.0,False
1238,Technology,Software - Application (7),ADP,ALKT,0.2852140739759106,0.2005688424047961,0.0289407759358776,False,,,,,-1.0,False
1239,Technology,Software - Application (7),ADP,BL,0.4853417239898778,0.4299604850195236,0.0209229883012374,False,,,,,-1.0,False
1240,Technology,Software - Application (7),ADP,NCNO,0.376332403682127,0.3034351523047734,0.0217411734660202,False,,,,,-1.0,False
1241,Technology,Software - Application (7),ADP,BLKB,0.6054315914725021,0.5773668261963388,0.0108338807922781,False,,,,,-1.0,False
1242,Technology,Software - Application (7),PAYX,BILL,0.6335867162901418,0.5393689839372593,0.0298199691517654,False,,,,,-1.0,False
1243,Technology,Software - Application (7),PAYX,NATL,0.2017669635939881,0.1177915769531756,0.0383897787790404,False,,,,,-1.0,False
1244,Technology,Software - Application (7),PAYX,QTWO,0.5757236797951862,0.5578631720425526,0.0197655829223016,False,,,,,-1.0,False
1245,Technology,Software - Application (7),PAYX,DAVE,0.0369949346221695,-0.0035272679227022,0.0139520653493753,False,,,,,-1.0,False
1246,Technology,Software - Application (7),PAYX,ALKT,0.3303744138332594,0.3133647503521062,0.0181300178441363,False,,,,,-1.0,False
1247,Technology,Software - Application (7),PAYX,BL,0.5331117510582529,0.466820339785894,0.0238607533619632,False,,,,,-1.0,False
1248,Technology,Software - Application (7),PAYX,NCNO,0.3406994543571284,0.2230519265345694,0.0424203816440334,False,,,,,-1.0,False
1249,Technology,Software - Application (7),PAYX,BLKB,0.63591388091702,0.5421706454519153,0.0371056558451101,False,,,,,-1.0,False
1250,Technology,Software - Application (7),PAYC,NATL,0.2353486428162803,0.1457902118368926,0.0434829112468375,False,,,,,-1.0,False
1251,Technology,Software - Application (7),PAYC,QTWO,0.6668781103229862,0.6170512809880787,0.020160896903965,False,,,,,-1.0,False
1252,Technology,Software - Application (7),PAYC,DAVE,0.1576929450704801,0.1219092425176489,0.0189028396665864,False,,,,,-1.0,False
1253,Technology,Software - Application (7),PAYC,ALKT,0.4842248554112061,0.4646844998146614,0.0289730610290311,False,,,,,-1.0,False
1254,Technology,Software - Application (7),PAYC,BL,0.5526103900554246,0.5305696907065967,0.0130605080591994,False,,,,,-1.0,False
1255,Technology,Software - Application (7),PAYC,NCNO,0.3189231531089585,0.1957849100305116,0.0374012354108398,False,,,,,-1.0,False
1256,Technology,Software - Application (7),PAYC,BLKB,0.6305647641107627,0.5751769572669289,0.0191697058230333,False,,,,,-1.0,False
1257,Technology,Software - Application (7),PCTY,BILL,0.7032535982223834,0.6384499892605431,0.021818815552507,False,,,,,-1.0,False
1258,Technology,Software - Application (7),PCTY,NATL,0.1788853659758897,0.1072371572246056,0.0329019807041859,False,,,,,-1.0,False
1259,Technology,Software - Application (7),PCTY,DAVE,0.1120238469266186,0.0620048016340486,0.0299067698944927,False,,,,,-1.0,False
1260,Technology,Software - Application (7),PCTY,ALKT,0.4778980921516007,0.4553784461915093,0.0288315905875287,False,,,,,-1.0,False
1261,Technology,Software - Application (7),PCTY,BL,0.6753641211846885,0.6202291870647347,0.0197022891940961,False,,,,,-1.0,False
1262,Technology,Software - Application (7),PCTY,NCNO,0.406353018384976,0.3182550717177338,0.0288347376440915,False,,,,,-1.0,False
1263,Technology,Software - Application (7),BILL,NATL,0.1844540296154347,0.1667545491955429,0.0225820089971163,False,,,,,-1.0,False
1264,Technology,Software - Application (7),BILL,QTWO,0.6802649134352903,0.5967453004685842,0.0283852315746441,False,,,,,-1.0,False
1265,Technology,Software - Application (7),BILL,DAVE,0.3561148628590059,0.3421239614586316,0.0312880539683541,False,,,,,-1.0,False
1266,Technology,Software - Application (7),BILL,ALKT,0.5814982988169949,0.459180669158552,0.0385560514695739,False,,,,,-1.0,False
1267,Technology,Software - Application (7),BILL,BL,0.5271150688665805,0.458165959593047,0.0225459757542366,False,,,,,-1.0,False
1268,Technology,Software - Application (7),BILL,NCNO,0.4441913214300285,0.4105070382525052,0.0139675250935265,False,,,,,-1.0,False
1269,Technology,Software - Application (7),BILL,BLKB,0.6372524974987334,0.5579152611586587,0.0286184812212173,False,,,,,-1.0,False
1270,Technology,Software - Application (7),NATL,QTWO,0.2982667284074726,0.1762596193487313,0.0465008611951449,False,,,,,-1.0,False
1271,Technology,Software - Application (7),NATL,DAVE,0.0991318562333719,0.0740821739099465,0.0122539828615284,False,,,,,-1.0,False
1272,Technology,Software - Application (7),NATL,ALKT,0.2124418673135091,0.2052994871803787,0.0251593981049523,False,,,,,-1.0,False
1273,Technology,Software - Application (7),NATL,BL,0.1113702574940403,0.009307530825859,0.0402111104606333,False,,,,,-1.0,False
1274,Technology,Software - Application (7),NATL,NCNO,0.0246892087686001,0.0246892087686001,0.0387878382555998,False,,,,,-1.0,False
1275,Technology,Software - Application (7),NATL,BLKB,0.2015331930881904,0.1516921766814195,0.030903418910397,False,,,,,-1.0,False
1276,Technology,Software - Application (7),QTWO,DAVE,0.2150300823182292,0.1467764160705637,0.0243192988501263,False,,,,,-1.0,False
1277,Technology,Software - Application (7),QTWO,ALKT,0.6657844320987129,0.5859396009557793,0.026537429969939,False,,,,,-1.0,False
1278,Technology,Software - Application (7),QTWO,BL,0.6890489195089333,0.6345201340800964,0.0197734727561154,False,,,,,-1.0,False
1279,Technology,Software - Application (7),QTWO,NCNO,0.4985064423465735,0.3965058393261552,0.0309090924487615,False,,,,,-1.0,False
1280,Technology,Software - Application (7),DAVE,ALKT,0.2837012494775137,0.1509048045970497,0.0407615478145719,False,,,,,-1.0,False
1281,Technology,Software - Application (7),DAVE,BL,0.2103341330841877,0.1868477466053973,0.0201837444599166,False,,,,,-1.0,False
1282,Technology,Software - Application (7),DAVE,NCNO,0.220827334577724,0.1633234015980486,0.0220694240844125,False,,,,,-1.0,False
1283,Technology,Software - Application (7),DAVE,BLKB,0.2739368292192995,0.2739368292192995,0.0424874933595294,False,,,,,-1.0,False
1284,Technology,Software - Application (7),ALKT,BL,0.4428037274219979,0.368123610709927,0.0235499792479486,False,,,,,-1.0,False
1285,Technology,Software - Application (7),ALKT,NCNO,0.3376459500620065,0.2388979289328809,0.0326150205287502,False,,,,,-1.0,False
1286,Technology,Software - Application (7),ALKT,BLKB,0.4910721926937209,0.427123257498329,0.0231844486993986,False,,,,,-1.0,False
1287,Technology,Software - Application (7),BL,NCNO,0.3179401269446137,0.2356089220820299,0.0273412592835648,False,,,,,-1.0,False
1288,Technology,Software - Application (7),BL,BLKB,0.6649904369092277,0.6380806087703262,0.0118025323883933,False,,,,,-1.0,False
1289,Technology,Software - Application (7),NCNO,BLKB,0.4687948091508782,0.3959792699091221,0.023902391452307,False,,,,,-1.0,False
1290,Technology,Software - Application (8),DDOG,DT,0.418681062909725,0.3971757740532405,0.0119415382216129,False,,,,,-1.0,False
1291,Technology,Software - Application (8),DDOG,FROG,0.6782767858370139,0.6403526713927589,0.012939905888935,False,,,,,-1.0,False
1292,Technology,Software - Application (8),DDOG,ESTC,0.5195167079955584,0.5079774343619613,0.0099210442226116,False,,,,,-1.0,False
1293,Technology,Software - Application (8),DDOG,CVLT,0.2181343727519074,0.2054827487549423,0.0308945078142016,False,,,,,-1.0,False
1294,Technology,Software - Application (8),DDOG,ALRM,0.4108374297739526,0.3985417798093726,0.0203451895472108,False,,,,,-1.0,False
1295,Technology,Software - Application (8),DT,FROG,0.5293799371409834,0.414969575465835,0.0343655544837566,False,,,,,-1.0,False
1296,Technology,Software - Application (8),DT,ESTC,0.5944074101761918,0.5848099193550447,0.0099982964479347,False,,,,,-1.0,False
1297,Technology,Software - Application (8),DT,CVLT,0.141937904434237,0.1202523909254616,0.0152768915357458,False,,,,,-1.0,False
1298,Technology,Software - Application (8),DT,ALRM,0.3009947931520424,0.2789856703913494,0.0147665729693711,False,,,,,-1.0,False
1299,Technology,Software - Application (8),FROG,ESTC,0.4496017956430193,0.4225311480068286,0.0093902544374102,False,,,,,-1.0,False
1300,Technology,Software - Application (8),FROG,CVLT,0.2765156606134646,0.2701623222907154,0.0280913257477054,False,,,,,-1.0,False
1301,Technology,Software - Application (8),FROG,ALRM,0.3429100006327266,0.3253091088908,0.0197495714586727,False,,,,,-1.0,False
1302,Technology,Software - Application (8),ESTC,CVLT,0.1760562780905314,0.1709326877532078,0.0267452518614956,False,,,,,-1.0,False
1303,Technology,Software - Application (8),ESTC,ALRM,0.3718415369711456,0.3651616548665976,0.0131733883377997,False,,,,,-1.0,False
1304,Technology,Software - Application (8),CVLT,ALRM,0.3342178461645608,0.3096350337556383,0.0238467484057715,False,,,,,-1.0,False
1305,Technology,Software - Application (9),SHOP,ZM,0.3929202316317702,0.3783098824559067,0.0080711757184602,False,,,,,-1.0,False
1306,Technology,Software - Application (9),SHOP,IDCC,-0.0900730948243686,-0.0900730948243686,0.0164718262160429,False,,,,,-1.0,False
1307,Technology,Software - Application (9),SHOP,SRAD,0.1903030883496561,0.1731007561632817,0.0221396965041608,False,,,,,-1.0,False
1308,Technology,Software - Application (9),SHOP,ADEA,0.1736833209806812,0.1736833209806812,0.0259504617320082,False,,,,,-1.0,False
1309,Technology,Software - Application (9),SHOP,FSLY,0.0665310898080885,0.0665310898080885,0.0193963117134703,False,,,,,-1.0,False
1310,Technology,Software - Application (9),SHOP,SPSC,0.5333150367311539,0.4888743905401135,0.0158190903977922,False,,,,,-1.0,False
1311,Technology,Software - Application (9),ZM,IDCC,-0.1059135260880768,-0.1161160768323551,0.0072493434922991,False,,,,,-1.0,False
1312,Technology,Software - Application (9),ZM,SRAD,-0.0128243664914225,-0.0324527481252316,0.0275431794694393,False,,,,,-1.0,False
1313,Technology,Software - Application (9),ZM,ADEA,0.0502192663292953,0.0088127584680567,0.0153924325674343,False,,,,,-1.0,False
1314,Technology,Software - Application (9),ZM,FSLY,0.3793998567372013,0.3151230675919255,0.0236723258286979,False,,,,,-1.0,False
1315,Technology,Software - Application (9),ZM,SPSC,0.4477697142468791,0.4261580507253212,0.012522982011252,False,,,,,-1.0,False
1316,Technology,Software - Application (9),IDCC,SRAD,-0.0890324049201215,-0.0890324049201215,0.0155474276300851,False,,,,,-1.0,False
1317,Technology,Software - Application (9),IDCC,ADEA,0.0497216501585689,0.0002050655089141,0.0173971386767437,False,,,,,-1.0,False
1318,Technology,Software - Application (9),IDCC,FSLY,-0.0050293941470192,-0.0050293941470192,0.0125974549653807,False,,,,,-1.0,False
1319,Technology,Software - Application (9),IDCC,SPSC,-0.1586806484352448,-0.1586806484352448,0.0116968683190565,False,,,,,-1.0,False
1320,Technology,Software - Application (9),SRAD,ADEA,0.0028453619640609,-0.003527984059442,0.0117107660754727,False,,,,,-1.0,False
1321,Technology,Software - Application (9),SRAD,FSLY,0.1122867767129976,0.1122867767129976,0.0143751125885891,False,,,,,-1.0,False
1322,Technology,Software - Application (9),SRAD,SPSC,0.211591458766894,0.1447851582338957,0.0223824795661194,False,,,,,-1.0,False
1323,Technology,Software - Application (9),ADEA,FSLY,0.0636521464310082,0.0636521464310082,0.0204455213909835,False,,,,,-1.0,False
1324,Technology,Software - Application (9),ADEA,SPSC,-0.2086524301907451,-0.2086524301907451,0.0310786785534591,False,,,,,-1.0,False
1325,Technology,Software - Application (9),FSLY,SPSC,0.2248941442384248,0.2032038886444096,0.0105701410088358,False,,,,,-1.0,False
1326,Technology,Software - Application (10),CDNS,ADSK,0.2627526650173373,0.2627526650173373,0.0752527534445323,False,,,,,-1.0,False
1327,Technology,Software - Application (10),CDNS,GWRE,0.2097472113911112,0.2097472113911112,0.0501841183327752,False,,,,,-1.0,False
1328,Technology,Software - Application (10),CDNS,BSY,0.4068923477789768,0.4068923477789768,0.0413917170455875,False,,,,,-1.0,False
1329,Technology,Software - Application (10),ADSK,GWRE,0.553154535342951,0.5308454077762127,0.0099903001757628,False,,,,,-1.0,False
1330,Technology,Software - Application (10),ADSK,BSY,0.6039195840013457,0.5826826309809165,0.0092281887370613,False,,,,,-1.0,False
1331,Technology,Software - Application (10),GWRE,BSY,0.5828756073042384,0.523639692300377,0.0196300522191455,False,,,,,-1.0,False
1332,Technology,Electronic Components (1),GLW,TEL,0.278003549399636,0.2718905921320197,0.0253110879232613,False,,,,,-1.0,False
1333,Technology,Electronic Components (1),GLW,FLEX,0.670670195467082,0.6033003033985863,0.0327938833049463,False,,,,,-1.0,False
1334,Technology,Electronic Components (1),GLW,FN,0.5932213370612143,0.5932213370612143,0.0466088416899772,False,,,,,-1.0,False
1335,Technology,Electronic Components (1),GLW,TTMI,0.5844655108885276,0.5808551798279318,0.0210279482472502,False,,,,,-1.0,False
1336,Technology,Electronic Components (1),GLW,SANM,0.4881117485675306,0.454402614495055,0.0108830776943058,False,,,,,-1.0,False
1337,Technology,Electronic Components (1),GLW,PLXS,0.587573313395273,0.587573313395273,0.0124114477661446,False,,,,,-1.0,False
1338,Technology,Electronic Components (1),GLW,OSIS,0.01211786288303,0.01211786288303,0.0657324600958335,False,,,,,-1.0,False
1339,Technology,Electronic Components (1),GLW,BHE,0.5840994490050603,0.51140334081482,0.0271348311720136,False,,,,,-1.0,False
1340,Technology,Electronic Components (1),TEL,FLEX,0.3720628395594695,0.3720628395594695,0.0435568763059884,False,,,,,-1.0,False
1341,Technology,Electronic Components (1),TEL,JBL,0.3920937529738086,0.3920937529738086,0.0420942853241472,False,,,,,-1.0,False
1342,Technology,Electronic Components (1),TEL,FN,0.2777430256423874,0.2777430256423874,0.0175705197392138,False,,,,,-1.0,False
1343,Technology,Electronic Components (1),TEL,TTMI,0.2555459247177148,0.2555459247177148,0.0286056136540675,False,,,,,-1.0,False
1344,Technology,Electronic Components (1),TEL,SANM,0.3140242226288364,0.3017221918932847,0.0109079113459421,False,,,,,-1.0,False
1345,Technology,Electronic Components (1),TEL,LFUS,0.4002782912563041,0.4002782912563041,0.0288565289471449,False,,,,,-1.0,False
1346,Technology,Electronic Components (1),TEL,PLXS,0.393457268223845,0.393457268223845,0.0214025847387053,False,,,,,-1.0,False
1347,Technology,Electronic Components (1),TEL,OSIS,0.2486085898217442,0.2486085898217442,0.0126500337871201,False,,,,,-1.0,False
1348,Technology,Electronic Components (1),TEL,BHE,0.3334731464419383,0.3334731464419383,0.0210829663279451,False,,,,,-1.0,False
1349,Technology,Electronic Components (1),FLEX,FN,0.4774556344030649,0.4774556344030649,0.026850373672785,False,,,,,-1.0,False
1350,Technology,Electronic Components (1),FLEX,TTMI,0.501674825974795,0.4766947381499548,0.0180070664143757,False,,,,,-1.0,False
1351,Technology,Electronic Components (1),FLEX,SANM,0.5577931993169409,0.5088342452163187,0.0219226019542186,False,,,,,-1.0,False
1352,Technology,Electronic Components (1),FLEX,LFUS,0.6083009491232261,0.5926207354209864,0.0134501603893423,False,,,,,-1.0,False
1353,Technology,Electronic Components (1),FLEX,PLXS,0.5606690062095957,0.5606690062095957,0.0130031768302412,False,,,,,-1.0,False
1354,Technology,Electronic Components (1),FLEX,OSIS,-0.2784022120615614,-0.2784022120615614,0.0665627063666248,False,,,,,-1.0,False
1355,Technology,Electronic Components (1),FLEX,BHE,0.644339802726755,0.5864032569367027,0.0271536950573528,False,,,,,-1.0,False
1356,Technology,Electronic Components (1),JBL,FN,0.6439524173820941,0.6392435243732391,0.0233977149950845,False,,,,,-1.0,False
1357,Technology,Electronic Components (1),JBL,SANM,0.6218388832883388,0.5523906319675044,0.0258597126305007,False,,,,,-1.0,False
1358,Technology,Electronic Components (1),JBL,OSIS,0.1104507207603335,0.1088226044433844,0.0576990786218011,False,,,,,-1.0,False
1359,Technology,Electronic Components (1),JBL,BHE,0.7068442797088647,0.6315640409392584,0.027426567024688,False,,,,,-1.0,False
1360,Technology,Electronic Components (1),FN,TTMI,0.6206127639609752,0.6206127639609752,0.0206418096511672,False,,,,,-1.0,False
1361,Technology,Electronic Components (1),FN,SANM,0.5537005618379248,0.5398580567097465,0.0137043098549484,False,,,,,-1.0,False
1362,Technology,Electronic Components (1),FN,LFUS,0.5194731947806631,0.5194731947806631,0.027458374449432,False,,,,,-1.0,False
1363,Technology,Electronic Components (1),FN,PLXS,0.5286666392253319,0.5286666392253319,0.040544705255951,False,,,,,-1.0,False
1364,Technology,Electronic Components (1),FN,OSIS,-0.0876735482836622,-0.0876735482836622,0.0846016804175994,False,,,,,-1.0,False
1365,Technology,Electronic Components (1),FN,BHE,0.5303521219745144,0.5152050791526885,0.0107715651909938,False,,,,,-1.0,False
1366,Technology,Electronic Components (1),TTMI,SANM,0.5620739791161115,0.5009201197846921,0.0225638156132994,False,,,,,-1.0,False
1367,Technology,Electronic Components (1),TTMI,LFUS,0.5891114085258732,0.5891114085258732,0.0156692608941478,False,,,,,-1.0,False
1368,Technology,Electronic Components (1),TTMI,PLXS,0.6490092424567464,0.6490092424567464,0.0217998801612554,False,,,,,-1.0,False
1369,Technology,Electronic Components (1),TTMI,OSIS,0.1569004653687332,0.1569004653687332,0.0715813195171202,False,,,,,-1.0,False
1370,Technology,Electronic Components (1),SANM,LFUS,0.5218367919828376,0.4987836228498236,0.012724703362652,False,,,,,-1.0,False
1371,Technology,Electronic Components (1),SANM,PLXS,0.5590100557495694,0.5168285081347614,0.0161972627866531,False,,,,,-1.0,False
1372,Technology,Electronic Components (1),SANM,OSIS,0.0116737314381636,0.0116737314381636,0.0680050481095982,False,,,,,-1.0,False
1373,Technology,Electronic Components (1),SANM,BHE,0.5840899632599857,0.5182244610941419,0.0265352969438275,False,,,,,-1.0,False
1374,Technology,Electronic Components (1),LFUS,PLXS,0.6483805787260145,0.6481908455989132,0.0215682879636037,False,,,,,-1.0,False
1375,Technology,Electronic Components (1),LFUS,OSIS,0.2019923156419949,0.1995980391649032,0.0281004993314409,False,,,,,-1.0,False
1376,Technology,Electronic Components (1),LFUS,BHE,0.5897315540256817,0.5835018137167617,0.0105628028853319,False,,,,,-1.0,False
1377,Technology,Electronic Components (1),PLXS,OSIS,0.1588884911432705,0.1577284786781521,0.064355013496117,False,,,,,-1.0,False
1378,Technology,Electronic Components (1),OSIS,BHE,-0.0041754979844755,-0.0057737596061769,0.0601660905994748,False,,,,,-1.0,False
1379,Technology,Electronic Components (2),APH,VICR,0.3998943057054144,0.3998943057054144,0.0290662900418932,False,,,,,-1.0,False
1380,Technology,Electronic Components (2),APH,KN,0.5368880684160268,0.4025781485167394,0.0525065542721141,False,,,,,-1.0,False
1381,Technology,Electronic Components (2),APH,CTS,0.5095564800485354,0.4290138543774592,0.0311588784368773,False,,,,,-1.0,False
1382,Technology,Electronic Components (2),VICR,KN,0.5985254939433522,0.5869501240866388,0.0301072719963343,False,,,,,-1.0,False
1383,Technology,Electronic Components (2),VICR,CTS,0.4431315640057137,0.4431315640057137,0.0195052613907582,False,,,,,-1.0,False
1384,Technology,Scientific & Technical Instruments,COHR,KEYS,0.6557391271704728,0.6436626888456548,0.0126419126043174,False,,,,,-1.0,False
1385,Technology,Scientific & Technical Instruments,COHR,GRMN,0.0466183492185401,0.0466183492185401,0.1169324264181612,False,,,,,-1.0,False
1386,Technology,Scientific & Technical Instruments,COHR,TDY,0.285123482378818,0.2773467633562359,0.0277562586317027,False,,,,,-1.0,False
1387,Technology,Scientific & Technical Instruments,COHR,MKSI,0.5797375653903836,0.5650754235015544,0.0142036553508883,False,,,,,-1.0,False
1388,Technology,Scientific & Technical Instruments,COHR,FTV,-0.0910550392998099,-0.0910550392998099,0.077054084307983,False,,,,,-1.0,False
1389,Technology,Scientific & Technical Instruments,COHR,TRMB,-0.02226547909578,-0.02226547909578,0.0732846669610616,False,,,,,-1.0,False
1390,Technology,Scientific & Technical Instruments,COHR,CGNX,0.4082181373766694,0.388258325510135,0.0184748504171084,False,,,,,-1.0,False
1391,Technology,Scientific & Technical Instruments,COHR,ESE,0.2946773914289967,0.2749625344458073,0.0215487981411071,False,,,,,-1.0,False
1392,Technology,Scientific & Technical Instruments,COHR,ST,0.5769477697625047,0.5477548866886511,0.018153665065144,False,,,,,-1.0,False
1393,Technology,Scientific & Technical Instruments,COHR,NOVT,0.3524207803608832,0.3020118870213381,0.0227973186085628,False,,,,,-1.0,False
1394,Technology,Scientific & Technical Instruments,COHR,VNT,0.1353389459733806,0.1353389459733806,0.0432443735776936,False,,,,,-1.0,False
1395,Technology,Scientific & Technical Instruments,COHR,BMI,-0.0469753928737032,-0.0856609482026588,0.0223713058410359,False,,,,,-1.0,False
1396,Technology,Scientific & Technical Instruments,COHR,ITRI,0.1497681499086706,0.1497681499086706,0.0243020806834126,False,,,,,-1.0,False
1397,Technology,Scientific & Technical Instruments,KEYS,GRMN,0.1430837334299329,0.1430837334299329,0.1153053301440443,False,,,,,-1.0,False
1398,Technology,Scientific & Technical Instruments,KEYS,TDY,0.4450519433229837,0.4450519433229837,0.0358861899480934,False,,,,,-1.0,False
1399,Technology,Scientific & Technical Instruments,KEYS,FTV,0.117020531426676,0.117020531426676,0.0587135517882937,False,,,,,-1.0,False
1400,Technology,Scientific & Technical Instruments,KEYS,TRMB,-0.1101081909593053,-0.1101081909593053,0.072673872903798,False,,,,,-1.0,False
1401,Technology,Scientific & Technical Instruments,KEYS,CGNX,0.610469293790074,0.602841492978277,0.0114709930538521,False,,,,,-1.0,False
1402,Technology,Scientific & Technical Instruments,KEYS,ESE,0.546674778088037,0.5195550342145827,0.0162231121028596,False,,,,,-1.0,False
1403,Technology,Scientific & Technical Instruments,KEYS,ST,0.5924365702082198,0.5587904691481211,0.0198918387593831,False,,,,,-1.0,False
1404,Technology,Scientific & Technical Instruments,KEYS,NOVT,0.3972819268264658,0.3825210711087141,0.0129780598093356,False,,,,,-1.0,False
1405,Technology,Scientific & Technical Instruments,KEYS,VNT,0.4201560801433456,0.4201560801433456,0.0417580542710376,False,,,,,-1.0,False
1406,Technology,Scientific & Technical Instruments,KEYS,BMI,0.1339220707438848,0.1253176850524116,0.0194606670824069,False,,,,,-1.0,False
1407,Technology,Scientific & Technical Instruments,KEYS,ITRI,0.1410378751926014,0.1410378751926014,0.0235285815277044,False,,,,,-1.0,False
1408,Technology,Scientific & Technical Instruments,GRMN,TDY,0.2256756230761105,0.2256756230761105,0.1060356399663905,False,,,,,-1.0,False
1409,Technology,Scientific & Technical Instruments,GRMN,MKSI,0.1665978460975726,0.1665978460975726,0.1170304475006126,False,,,,,-1.0,False
1410,Technology,Scientific & Technical Instruments,GRMN,FTV,0.2845901111942349,0.2521744499372311,0.0235380979060047,False,,,,,-1.0,False
1411,Technology,Scientific & Technical Instruments,GRMN,TRMB,0.1319917500784831,0.1236228928538331,0.0115991031497315,False,,,,,-1.0,False
1412,Technology,Scientific & Technical Instruments,GRMN,CGNX,0.3349879205884097,0.3349879205884097,0.0674169721818312,False,,,,,-1.0,False
1413,Technology,Scientific & Technical Instruments,GRMN,ESE,-0.0132562302428991,-0.0132562302428991,0.1000490351416607,False,,,,,-1.0,False
1414,Technology,Scientific & Technical Instruments,GRMN,ST,0.186071171998617,0.186071171998617,0.0585963632700601,False,,,,,-1.0,False
1415,Technology,Scientific & Technical Instruments,GRMN,NOVT,0.2087917370432525,0.2087917370432525,0.0419392142008268,False,,,,,-1.0,False
1416,Technology,Scientific & Technical Instruments,GRMN,VNT,0.2985880603519973,0.2985880603519973,0.0364426259252991,False,,,,,-1.0,False
1417,Technology,Scientific & Technical Instruments,GRMN,BMI,0.0016615458543787,0.0016615458543787,0.0269516630585563,False,,,,,-1.0,False
1418,Technology,Scientific & Technical Instruments,GRMN,ITRI,0.215837312818386,0.215837312818386,0.0391107682479141,False,,,,,-1.0,False
1419,Technology,Scientific & Technical Instruments,TDY,MKSI,0.5063656403214281,0.5063656403214281,0.0241140853816682,False,,,,,-1.0,False
1420,Technology,Scientific & Technical Instruments,TDY,FTV,0.3008914870322107,0.3008914870322107,0.0343859182563691,False,,,,,-1.0,False
1421,Technology,Scientific & Technical Instruments,TDY,TRMB,0.0658694976680671,0.0658694976680671,0.0544904975947075,False,,,,,-1.0,False
1422,Technology,Scientific & Technical Instruments,TDY,CGNX,0.5189954427881275,0.4936728861371242,0.025958901152345,False,,,,,-1.0,False
1423,Technology,Scientific & Technical Instruments,TDY,ESE,0.4401230766593131,0.4401230766593131,0.0093898920129546,False,,,,,-1.0,False
1424,Technology,Scientific & Technical Instruments,TDY,ST,0.429394112789252,0.4041620191079145,0.0119010544298458,False,,,,,-1.0,False
1425,Technology,Scientific & Technical Instruments,TDY,NOVT,0.5598219705272498,0.5123501422981923,0.0191706279524478,False,,,,,-1.0,False
1426,Technology,Scientific & Technical Instruments,TDY,VNT,0.4304542396226268,0.4304542396226268,0.0250199447977575,False,,,,,-1.0,False
1427,Technology,Scientific & Technical Instruments,TDY,BMI,0.3314931048481456,0.3119084721239816,0.0153150957772183,False,,,,,-1.0,False
1428,Technology,Scientific & Technical Instruments,TDY,ITRI,0.2835031780655992,0.2629565723604078,0.0258491465497049,False,,,,,-1.0,False
1429,Technology,Scientific & Technical Instruments,MKSI,FTV,-0.0103054970310526,-0.0103054970310526,0.0875758558106594,False,,,,,-1.0,False
1430,Technology,Scientific & Technical Instruments,MKSI,TRMB,-0.0983019812014627,-0.0983019812014627,0.0767414937530605,False,,,,,-1.0,False
1431,Technology,Scientific & Technical Instruments,MKSI,ESE,0.5821187524458188,0.5821187524458188,0.0115706035976164,False,,,,,-1.0,False
1432,Technology,Scientific & Technical Instruments,MKSI,ST,0.6193220305162557,0.6193220305162557,0.0170966334067345,False,,,,,-1.0,False
1433,Technology,Scientific & Technical Instruments,MKSI,NOVT,0.5325767179344112,0.5252838020946097,0.0141891006274454,False,,,,,-1.0,False
1434,Technology,Scientific & Technical Instruments,MKSI,VNT,0.40499208495135,0.40499208495135,0.0708743540959582,False,,,,,-1.0,False
1435,Technology,Scientific & Technical Instruments,MKSI,BMI,0.0660891616574949,0.0353644562474546,0.0255791132977197,False,,,,,-1.0,False
1436,Technology,Scientific & Technical Instruments,MKSI,ITRI,0.2475641462232522,0.2475641462232522,0.0368819102264056,False,,,,,-1.0,False
1437,Technology,Scientific & Technical Instruments,FTV,TRMB,0.2360822687036737,0.2318678297515492,0.0220915252912338,False,,,,,-1.0,False
1438,Technology,Scientific & Technical Instruments,FTV,CGNX,0.1102135166948617,0.1102135166948617,0.0671224995627446,False,,,,,-1.0,False
1439,Technology,Scientific & Technical Instruments,FTV,ESE,0.1333558374944089,0.1333558374944089,0.0427109321729709,False,,,,,-1.0,False
1440,Technology,Scientific & Technical Instruments,FTV,ST,0.1584711623475427,0.1584711623475427,0.030651723871531,False,,,,,-1.0,False
1441,Technology,Scientific & Technical Instruments,FTV,NOVT,0.2782661551395998,0.2243822244972607,0.018498945962709,False,,,,,-1.0,False
1442,Technology,Scientific & Technical Instruments,FTV,VNT,0.3202758193922334,0.3083889283902982,0.0135552020411922,False,,,,,-1.0,False
1443,Technology,Scientific & Technical Instruments,FTV,BMI,0.1558049153435443,0.0285627820176899,0.0470169354531527,False,,,,,-1.0,False
1444,Technology,Scientific & Technical Instruments,FTV,ITRI,0.2638627611547409,0.2323155539057325,0.024561783396425,False,,,,,-1.0,False
1445,Technology,Scientific & Technical Instruments,TRMB,CGNX,-0.0931711594397761,-0.0931711594397761,0.060470217836443,False,,,,,-1.0,False
1446,Technology,Scientific & Technical Instruments,TRMB,ESE,0.0990158502146142,0.0990158502146142,0.0482687836600889,False,,,,,-1.0,False
1447,Technology,Scientific & Technical Instruments,TRMB,ST,0.0480550193771503,0.0480550193771503,0.0360725792881784,False,,,,,-1.0,False
1448,Technology,Scientific & Technical Instruments,TRMB,NOVT,0.0736294575136998,0.0736294575136998,0.0359873707538571,False,,,,,-1.0,False
1449,Technology,Scientific & Technical Instruments,TRMB,VNT,0.2963031462085842,0.2963031462085842,0.0317003379645295,False,,,,,-1.0,False
1450,Technology,Scientific & Technical Instruments,TRMB,BMI,0.034391831198353,-0.0049016280030225,0.0121514896438403,False,,,,,-1.0,False
1451,Technology,Scientific & Technical Instruments,TRMB,ITRI,0.2671387315837177,0.2671387315837177,0.0388823221976584,False,,,,,-1.0,False
1452,Technology,Scientific & Technical Instruments,CGNX,ESE,0.4035200967047243,0.3988611866084474,0.0121746847130208,False,,,,,-1.0,False
1453,Technology,Scientific & Technical Instruments,CGNX,ST,0.5714829791198206,0.5714829791198206,0.0100482732135608,False,,,,,-1.0,False
1454,Technology,Scientific & Technical Instruments,CGNX,NOVT,0.5265881186231002,0.4739503391055593,0.0229590189792953,False,,,,,-1.0,False
1455,Technology,Scientific & Technical Instruments,CGNX,VNT,0.4018678651116938,0.4018678651116938,0.0468935899029989,False,,,,,-1.0,False
1456,Technology,Scientific & Technical Instruments,CGNX,BMI,0.1935186371186295,0.1264814953162457,0.0242431321509574,False,,,,,-1.0,False
1457,Technology,Scientific & Technical Instruments,CGNX,ITRI,0.3129565152483474,0.3129565152483474,0.0263889303293475,False,,,,,-1.0,False
1458,Technology,Scientific & Technical Instruments,ESE,ST,0.5055912783867178,0.4807413253219778,0.0149265643091957,False,,,,,-1.0,False
1459,Technology,Scientific & Technical Instruments,ESE,NOVT,0.3842295604304142,0.3421693468810659,0.019104016550919,False,,,,,-1.0,False
1460,Technology,Scientific & Technical Instruments,ESE,BMI,0.0574499661219838,-0.0051209630943977,0.0211434368876718,False,,,,,-1.0,False
1461,Technology,Scientific & Technical Instruments,ESE,ITRI,0.2911610053730566,0.2911610053730566,0.0159793811149874,False,,,,,-1.0,False
1462,Technology,Scientific & Technical Instruments,ST,NOVT,0.6497328567093762,0.6351707855834574,0.0087612939293078,False,,,,,-1.0,False
1463,Technology,Scientific & Technical Instruments,ST,VNT,0.359704549964528,0.359704549964528,0.0267398645255687,False,,,,,-1.0,False
1464,Technology,Scientific & Technical Instruments,ST,BMI,0.0324116761836907,-0.0429565689889054,0.0256750674944545,False,,,,,-1.0,False
1465,Technology,Scientific & Technical Instruments,ST,ITRI,0.3746925384362718,0.3533964417395768,0.0120027242261475,False,,,,,-1.0,False
1466,Technology,Scientific & Technical Instruments,NOVT,VNT,0.3622213517808458,0.3622213517808458,0.0176422003827344,False,,,,,-1.0,False
1467,Technology,Scientific & Technical Instruments,NOVT,BMI,0.1261094286783319,0.0657613146671374,0.0225362168904628,False,,,,,-1.0,False
1468,Technology,Scientific & Technical Instruments,NOVT,ITRI,0.3677933502992538,0.2342610740950021,0.0477505427461526,False,,,,,-1.0,False
1469,Technology,Scientific & Technical Instruments,VNT,BMI,0.0844255063311956,0.0739542511308564,0.0108403279917909,False,,,,,-1.0,False
1470,Technology,Scientific & Technical Instruments,VNT,ITRI,0.3340813243040028,0.3340813243040028,0.0147958814211431,False,,,,,-1.0,False
1471,Technology,Scientific & Technical Instruments,BMI,ITRI,0.0600899000393675,0.0260214973233149,0.015728780498403,False,,,,,-1.0,False
1472,Technology,Solar,FSLR,NXT,0.5919126678796747,0.5900195505393601,0.0069499694178891,False,,,,,-1.0,False
1473,Technology,Solar,FSLR,ENPH,0.6451919373827466,0.6336591934864199,0.0038294908366399,False,,,,,-1.0,False
1474,Technology,Solar,FSLR,RUN,0.6176030611136516,0.6176030611136516,0.0135853186384456,False,,,,,-1.0,False
1475,Technology,Solar,FSLR,SEDG,0.5266686999774773,0.4633332938822722,0.0302812185549424,False,,,,,-1.0,False
1476,Technology,Solar,FSLR,SHLS,0.6790401956886382,0.6410253528202108,0.0148641207592902,False,,,,,-1.0,False
1477,Technology,Solar,NXT,ENPH,0.5100950179352312,0.5092226993446956,0.0136512998628949,False,,,,,-1.0,False
1478,Technology,Solar,NXT,RUN,0.5361296639851416,0.5361296639851416,0.0260343842135294,False,,,,,-1.0,False
1479,Technology,Solar,NXT,SEDG,0.514215856327545,0.4696751640926809,0.0278274570754111,False,,,,,-1.0,False
1480,Technology,Solar,NXT,SHLS,0.6049099851537566,0.593547528793091,0.0110007171973829,False,,,,,-1.0,False
1481,Technology,Solar,ENPH,RUN,0.5922102521307654,0.5624549113398485,0.0162568138656785,False,,,,,-1.0,False
1482,Technology,Solar,ENPH,SHLS,0.6336925611657669,0.6104920675742356,0.0112481121965057,False,,,,,-1.0,False
1483,Technology,Solar,RUN,SEDG,0.4553991422060084,0.3696822116103327,0.0415893630759874,False,,,,,-1.0,False
1484,Technology,Solar,RUN,SHLS,0.5988826301118259,0.5847263473455937,0.013020411547251,False,,,,,-1.0,False
1485,Technology,Solar,SEDG,SHLS,0.6356039788780221,0.5743044686196409,0.0249782244897186,False,,,,,-1.0,False
1486,Technology,Electronics & Computer Distribution,SNX,ARW,0.3615775065427692,0.3538268568445135,0.0147601091523419,False,,,,,-1.0,False
1487,Technology,Electronics & Computer Distribution,SNX,AVT,0.467729675758874,0.4285277642865379,0.0149290147948763,False,,,,,-1.0,False
1488,Technology,Electronics & Computer Distribution,SNX,NSIT,0.330542445557068,0.2020382755504118,0.0438738863519907,False,,,,,-1.0,False
1489,Technology,Electronics & Computer Distribution,ARW,NSIT,0.1015984552956297,0.0672742792243443,0.0267568942369012,False,,,,,-1.0,False
1490,Technology,Electronics & Computer Distribution,AVT,NSIT,0.0400478054874391,-0.0054840440293659,0.021706452592004,False,,,,,-1.0,False
1491,Communication Services,Internet Content & Information (1),GOOG,META,0.3590832370312125,0.3590832370312125,0.0318189858497151,False,,,,,-1.0,False
1492,Communication Services,Internet Content & Information (1),GOOG,SPOT,0.1535838447205678,0.1024523411690303,0.0168476406925819,False,,,,,-1.0,False
1493,Communication Services,Internet Content & Information (1),GOOG,PINS,0.1603180480900797,0.0963338445827758,0.0207390516488339,False,,,,,-1.0,False
1494,Communication Services,Internet Content & Information (1),GOOG,SNAP,0.3794682065223436,0.3794682065223436,0.0525376811977267,False,,,,,-1.0,False
1495,Communication Services,Internet Content & Information (1),GOOG,Z,0.3195798996765526,0.2644516747687507,0.0187707140790555,False,,,,,-1.0,False
1496,Communication Services,Internet Content & Information (1),GOOG,MTCH,0.3757481918039834,0.3677812796403369,0.029209844736702,False,,,,,-1.0,False
1497,Communication Services,Internet Content & Information (1),GOOG,RUM,0.3194335105638259,0.3194335105638259,0.0221360375282377,False,,,,,-1.0,False
1498,Communication Services,Internet Content & Information (1),GOOG,DJT,0.401391355551403,0.4009282866070896,0.026467775648528,False,,,,,-1.0,False
1499,Communication Services,Internet Content & Information (1),GOOG,GENI,0.0896413049354989,0.074546639400183,0.0094090398362253,False,,,,,-1.0,False
1500,Communication Services,Internet Content & Information (1),GOOG,YELP,0.2406413918036,0.1620501163350454,0.0247164071378076,False,,,,,-1.0,False
1501,Communication Services,Internet Content & Information (1),META,SPOT,0.1032876213993452,0.1018309315828498,0.0168982698125064,False,,,,,-1.0,False
1502,Communication Services,Internet Content & Information (1),META,PINS,0.24313796409908,0.2076707285079168,0.0168940312753496,False,,,,,-1.0,False
1503,Communication Services,Internet Content & Information (1),META,SNAP,0.3591066164313691,0.3591066164313691,0.0536236486248634,False,,,,,-1.0,False
1504,Communication Services,Internet Content & Information (1),META,Z,0.2921289326042735,0.2415566747986581,0.0198162576765058,False,,,,,-1.0,False
1505,Communication Services,Internet Content & Information (1),META,MTCH,0.3152898610893035,0.2097201390553,0.042683946751928,False,,,,,-1.0,False
1506,Communication Services,Internet Content & Information (1),META,RUM,0.1320979298461135,0.1320979298461135,0.0461159338975787,False,,,,,-1.0,False
1507,Communication Services,Internet Content & Information (1),META,DJT,0.323363334933528,0.323363334933528,0.0752249979214444,False,,,,,-1.0,False
1508,Communication Services,Internet Content & Information (1),META,GENI,0.2001701812116298,0.2001701812116298,0.0282054788552346,False,,,,,-1.0,False
1509,Communication Services,Internet Content & Information (1),META,YELP,0.1870493386356944,0.0004804160056896,0.0676632845834976,False,,,,,-1.0,False
1510,Communication Services,Internet Content & Information (1),SPOT,PINS,0.2651562630238969,0.2279632311701438,0.0158165190758782,False,,,,,-1.0,False
1511,Communication Services,Internet Content & Information (1),SPOT,SNAP,0.2456960051079939,0.1875104547378273,0.0180369544584796,False,,,,,-1.0,False
1512,Communication Services,Internet Content & Information (1),SPOT,Z,0.3018899054459483,0.2557021404139937,0.028337131511801,False,,,,,-1.0,False
1513,Communication Services,Internet Content & Information (1),SPOT,MTCH,0.1261950900154707,0.0535270345919282,0.0351867826493006,False,,,,,-1.0,False
1514,Communication Services,Internet Content & Information (1),SPOT,RUM,0.080440200249408,0.0577932559113148,0.0188315519634647,False,,,,,-1.0,False
1515,Communication Services,Internet Content & Information (1),SPOT,DJT,0.2197335206537382,0.2127170118739973,0.0352770402627402,False,,,,,-1.0,False
1516,Communication Services,Internet Content & Information (1),SPOT,GENI,0.3127089306686167,0.2033363248207642,0.0361285601916072,False,,,,,-1.0,False
1517,Communication Services,Internet Content & Information (1),SPOT,YELP,0.1206320490276531,0.0634538723101365,0.0257468811894269,False,,,,,-1.0,False
1518,Communication Services,Internet Content & Information (1),PINS,SNAP,0.4757478649127896,0.4517707578431973,0.0070672864312888,False,,,,,-1.0,False
1519,Communication Services,Internet Content & Information (1),PINS,Z,0.4642536498747298,0.4137607295741586,0.0199218486315933,False,,,,,-1.0,False
1520,Communication Services,Internet Content & Information (1),PINS,MTCH,0.3178503276752653,0.2027408823151059,0.0376872675694843,False,,,,,-1.0,False
1521,Communication Services,Internet Content & Information (1),PINS,RUM,0.1635242875956452,0.1635242875956452,0.0108314581727898,False,,,,,-1.0,False
1522,Communication Services,Internet Content & Information (1),PINS,DJT,0.2718258504407085,0.2478379862185903,0.0124749336158002,False,,,,,-1.0,False
1523,Communication Services,Internet Content & Information (1),PINS,GENI,0.4590945631271124,0.3871369898734878,0.0350046065580741,False,,,,,-1.0,False
1524,Communication Services,Internet Content & Information (1),PINS,YELP,0.3330068765263615,0.2564241803510566,0.0256733725115995,False,,,,,-1.0,False
1525,Communication Services,Internet Content & Information (1),SNAP,Z,0.4570309451320917,0.3611223562805848,0.0323282874188603,False,,,,,-1.0,False
1526,Communication Services,Internet Content & Information (1),SNAP,MTCH,0.3222211661193373,0.3068684840739396,0.0091356733780924,False,,,,,-1.0,False
1527,Communication Services,Internet Content & Information (1),SNAP,RUM,0.25350635298733,0.25350635298733,0.0221443356572877,False,,,,,-1.0,False
1528,Communication Services,Internet Content & Information (1),SNAP,DJT,0.4330627256648619,0.4330627256648619,0.022539393131352,False,,,,,-1.0,False
1529,Communication Services,Internet Content & Information (1),SNAP,GENI,0.2809137474965779,0.2794302188545892,0.0115968046402959,False,,,,,-1.0,False
1530,Communication Services,Internet Content & Information (1),SNAP,YELP,0.3652171703904958,0.2633886763351448,0.0337724106979746,False,,,,,-1.0,False
1531,Communication Services,Internet Content & Information (1),Z,MTCH,0.3872705944523211,0.3254097963938429,0.0246733804833367,False,,,,,-1.0,False
1532,Communication Services,Internet Content & Information (1),Z,RUM,0.1815756718325943,0.1815756718325943,0.0227109420129775,False,,,,,-1.0,False
1533,Communication Services,Internet Content & Information (1),Z,DJT,0.4225618209623877,0.2914932611153422,0.0510233515444581,False,,,,,-1.0,False
1534,Communication Services,Internet Content & Information (1),Z,GENI,0.3789176967498676,0.2368016552865354,0.0510356908866187,False,,,,,-1.0,False
1535,Communication Services,Internet Content & Information (1),Z,YELP,0.5009186902864418,0.380097901349574,0.040063562174234,False,,,,,-1.0,False
1536,Communication Services,Internet Content & Information (1),MTCH,RUM,0.281439847973234,0.281439847973234,0.0570542396209269,False,,,,,-1.0,False
1537,Communication Services,Internet Content & Information (1),MTCH,DJT,0.3078873009864974,0.2918535313536382,0.0327125259166287,False,,,,,-1.0,False
1538,Communication Services,Internet Content & Information (1),MTCH,GENI,0.1784489745521684,0.1187400907320767,0.0281958960763968,False,,,,,-1.0,False
1539,Communication Services,Internet Content & Information (1),MTCH,YELP,0.5312100981132791,0.4995123334809728,0.0110598510132103,False,,,,,-1.0,False
1540,Communication Services,Internet Content & Information (1),RUM,DJT,0.3321237998412473,0.3321237998412473,0.0215007312589778,False,,,,,-1.0,False
1541,Communication Services,Internet Content & Information (1),RUM,GENI,0.038267099533201,0.038267099533201,0.0151385522431258,False,,,,,-1.0,False
1542,Communication Services,Internet Content & Information (1),RUM,YELP,0.0142271031176758,0.0117123505775229,0.0389374432256743,False,,,,,-1.0,False
1543,Communication Services,Internet Content & Information (1),DJT,GENI,0.2320904388411676,0.228311549709857,0.0375993305905742,False,,,,,-1.0,False
1544,Communication Services,Internet Content & Information (1),DJT,YELP,0.1867420559056991,0.1464520044184524,0.0174433061559981,False,,,,,-1.0,False
1545,Communication Services,Internet Content & Information (1),GENI,YELP,0.2740859709563166,0.1791786146019509,0.0328921090536071,False,,,,,-1.0,False
1546,Communication Services,Entertainment (1),NFLX,DIS,0.2186469416137669,0.2186469416137669,0.0491248001878226,False,,,,,-1.0,False
1547,Communication Services,Entertainment (1),NFLX,WBD,-0.1990667891583518,-0.2718979716554286,0.0425938643298874,False,,,,,-1.0,False
1548,Communication Services,Entertainment (1),NFLX,LYV,0.0424250122736717,-0.0548810827812455,0.0490197318443912,False,,,,,-1.0,False
1549,Communication Services,Entertainment (1),NFLX,TKO,0.3067121806536632,0.2831516813433145,0.0215646403124963,False,,,,,-1.0,False
1550,Communication Services,Entertainment (1),NFLX,FOX,0.0474022289745244,-0.0403877130398174,0.032706657709122,False,,,,,-1.0,False
1551,Communication Services,Entertainment (1),NFLX,ROKU,0.1121981175673988,0.1121981175673988,0.0177300151556237,False,,,,,-1.0,False
1552,Communication Services,Entertainment (1),NFLX,WMG,0.2131570969708528,0.2131570969708528,0.0432799294734503,False,,,,,-1.0,False
1553,Communication Services,Entertainment (1),NFLX,NWS,0.0208026541523321,-0.0066029246812304,0.0783967168925189,False,,,,,-1.0,False
1554,Communication Services,Entertainment (1),NFLX,LLYVA,0.0577215328648651,0.0449749364097949,0.0320905161047773,False,,,,,-1.0,False
1555,Communication Services,Entertainment (1),NFLX,SIRI,0.0047464772317071,0.0047464772317071,0.0391243210843789,False,,,,,-1.0,False
1556,Communication Services,Entertainment (1),NFLX,SPHR,0.1974524383683805,0.1261865779225712,0.0449885532940554,False,,,,,-1.0,False
1557,Communication Services,Entertainment (1),NFLX,IMAX,0.0497392387793171,0.0497392387793171,0.0140237024061797,False,,,,,-1.0,False
1558,Communication Services,Entertainment (1),DIS,WBD,0.0411918048855651,0.0267724554864711,0.0570169559542915,False,,,,,-1.0,False
1559,Communication Services,Entertainment (1),DIS,LYV,0.3287332506264851,0.3287332506264851,0.0366323698196607,False,,,,,-1.0,False
1560,Communication Services,Entertainment (1),DIS,TKO,0.1560291918775675,0.1560291918775675,0.0340903333990248,False,,,,,-1.0,False
1561,Communication Services,Entertainment (1),DIS,FOX,0.0645989333492647,-0.006475921707344,0.0240200692737761,False,,,,,-1.0,False
1562,Communication Services,Entertainment (1),DIS,ROKU,0.3031694730465599,0.3031694730465599,0.0234723347895041,False,,,,,-1.0,False
1563,Communication Services,Entertainment (1),DIS,WMG,0.5410239025068245,0.4674291157717423,0.0304781795710532,False,,,,,-1.0,False
1564,Communication Services,Entertainment (1),DIS,NWS,0.3885364388687996,0.2638510849980768,0.0403332252060087,False,,,,,-1.0,False
1565,Communication Services,Entertainment (1),DIS,LLYVA,0.3049256413836262,0.3049256413836262,0.029516052381468,False,,,,,-1.0,False
1566,Communication Services,Entertainment (1),DIS,SIRI,0.2536517089632518,0.1929569912661078,0.0227488106476777,False,,,,,-1.0,False
1567,Communication Services,Entertainment (1),DIS,SPHR,0.3198235405958043,0.3198235405958043,0.0218744845216194,False,,,,,-1.0,False
1568,Communication Services,Entertainment (1),DIS,IMAX,0.0145826686859644,0.0145826686859644,0.0563148293821681,False,,,,,-1.0,False
1569,Communication Services,Entertainment (1),WBD,LYV,0.0725979139602921,0.0725979139602921,0.0329998337678184,False,,,,,-1.0,False
1570,Communication Services,Entertainment (1),WBD,TKO,-0.0373566132939526,-0.0785587395722475,0.0279947500114313,False,,,,,-1.0,False
1571,Communication Services,Entertainment (1),WBD,FOX,-0.0167946615404108,-0.0167946615404108,0.049428402279413,False,,,,,-1.0,False
1572,Communication Services,Entertainment (1),WBD,ROKU,0.1200944305704771,0.1200944305704771,0.0509450594525438,False,,,,,-1.0,False
1573,Communication Services,Entertainment (1),WBD,WMG,-0.0816961354530791,-0.0816961354530791,0.0498253893393949,False,,,,,-1.0,False
1574,Communication Services,Entertainment (1),WBD,NWS,-0.0545192511864724,-0.1960936772156875,0.0514619384581074,False,,,,,-1.0,False
1575,Communication Services,Entertainment (1),WBD,LLYVA,0.0658176593524702,0.0554082677294097,0.0054042907413897,False,,,,,-1.0,False
1576,Communication Services,Entertainment (1),WBD,SIRI,0.0584482460707633,0.01993081203909,0.0232052910263111,False,,,,,-1.0,False
1577,Communication Services,Entertainment (1),WBD,SPHR,0.0467012418425946,0.0467012418425946,0.0641240046042854,False,,,,,-1.0,False
1578,Communication Services,Entertainment (1),WBD,IMAX,-0.0471071439299715,-0.0768594212620121,0.009538929125138,False,,,,,-1.0,False
1579,Communication Services,Entertainment (1),LYV,TKO,0.1001599484764099,0.0975666466129509,0.1094803348248471,False,,,,,-1.0,False
1580,Communication Services,Entertainment (1),LYV,FOX,0.0911368568712117,-0.0108013807519975,0.0327521060940852,False,,,,,-1.0,False
1581,Communication Services,Entertainment (1),LYV,ROKU,0.0871078605051036,0.0871078605051036,0.0487576269311073,False,,,,,-1.0,False
1582,Communication Services,Entertainment (1),LYV,WMG,0.1936391470005257,0.1460895484873704,0.0280685772074679,False,,,,,-1.0,False
1583,Communication Services,Entertainment (1),LYV,NWS,0.1946600562126697,0.1597725673940864,0.0134316396200991,False,,,,,-1.0,False
1584,Communication Services,Entertainment (1),LYV,SIRI,0.0407295786035794,0.0325224030005467,0.0158869344107783,False,,,,,-1.0,False
1585,Communication Services,Entertainment (1),LYV,SPHR,0.3454811030230568,0.3454811030230568,0.0290565902441353,False,,,,,-1.0,False
1586,Communication Services,Entertainment (1),LYV,IMAX,0.1272922476016689,0.1272922476016689,0.0454585852364533,False,,,,,-1.0,False
1587,Communication Services,Entertainment (1),TKO,FOX,0.0502555066039465,0.0229576649851657,0.0275704875976872,False,,,,,-1.0,False
1588,Communication Services,Entertainment (1),TKO,ROKU,-0.0745805803857904,-0.0745805803857904,0.0749085793184271,False,,,,,-1.0,False
1589,Communication Services,Entertainment (1),TKO,WMG,-0.0470067844811238,-0.0470067844811238,0.0293765063144834,False,,,,,-1.0,False
1590,Communication Services,Entertainment (1),TKO,NWS,0.0292840478268161,0.0165468721205191,0.0433785539541678,False,,,,,-1.0,False
1591,Communication Services,Entertainment (1),TKO,LLYVA,0.2291394962154993,0.2291394962154993,0.0858036904577159,False,,,,,-1.0,False
1592,Communication Services,Entertainment (1),TKO,SIRI,0.049501775099904,0.049501775099904,0.0566506890839935,False,,,,,-1.0,False
1593,Communication Services,Entertainment (1),TKO,SPHR,0.2646414010898327,0.2646414010898327,0.0377311233512346,False,,,,,-1.0,False
1594,Communication Services,Entertainment (1),TKO,IMAX,0.0929009869849799,0.0929009869849799,0.052482799411863,False,,,,,-1.0,False
1595,Communication Services,Entertainment (1),FOX,ROKU,0.1021936133809923,0.0384012063073596,0.0224039213604437,False,,,,,-1.0,False
1596,Communication Services,Entertainment (1),FOX,WMG,0.1149381707230255,-0.0039051007892275,0.0374021407110599,False,,,,,-1.0,False
1597,Communication Services,Entertainment (1),FOX,NWS,0.3829782817758076,0.3191013283572196,0.0199045305250615,False,,,,,-1.0,False
1598,Communication Services,Entertainment (1),FOX,LLYVA,0.1273315415460016,0.055505200101757,0.0222088257162563,False,,,,,-1.0,False
1599,Communication Services,Entertainment (1),FOX,SIRI,0.1107158511352112,0.027785177797142,0.0281623954580317,False,,,,,-1.0,False
1600,Communication Services,Entertainment (1),FOX,SPHR,-0.022988446365391,-0.0763081429443192,0.0208181270735996,False,,,,,-1.0,False
1601,Communication Services,Entertainment (1),FOX,IMAX,-0.1541184261309229,-0.1541184261309229,0.0293727412653347,False,,,,,-1.0,False
1602,Communication Services,Entertainment (1),ROKU,WMG,0.26721519624798,0.2433899984637496,0.0262047509717567,False,,,,,-1.0,False
1603,Communication Services,Entertainment (1),ROKU,NWS,0.0282696380581502,0.0269332518777956,0.01753254847388,False,,,,,-1.0,False
1604,Communication Services,Entertainment (1),ROKU,LLYVA,-0.0120196012026667,-0.0120196012026667,0.0783050447545326,False,,,,,-1.0,False
1605,Communication Services,Entertainment (1),ROKU,SIRI,0.1698733368441859,0.1698733368441859,0.0114864463401127,False,,,,,-1.0,False
1606,Communication Services,Entertainment (1),ROKU,SPHR,0.1051404299536967,0.1051404299536967,0.0684617774806187,False,,,,,-1.0,False
1607,Communication Services,Entertainment (1),ROKU,IMAX,-0.0250908932110746,-0.0250908932110746,0.0693355792044336,False,,,,,-1.0,False
1608,Communication Services,Entertainment (1),WMG,NWS,0.2589914423130889,0.1241211087553658,0.0424681972783254,False,,,,,-1.0,False
1609,Communication Services,Entertainment (1),WMG,LLYVA,0.111362422361654,0.111362422361654,0.0316753881931774,False,,,,,-1.0,False
1610,Communication Services,Entertainment (1),WMG,SIRI,0.1773429616685725,0.1744845400627343,0.0086478065606896,False,,,,,-1.0,False
1611,Communication Services,Entertainment (1),WMG,SPHR,0.2495492822980474,0.2024029139263506,0.0346235667536298,False,,,,,-1.0,False
1612,Communication Services,Entertainment (1),WMG,IMAX,-0.0368966586469826,-0.0368966586469826,0.0490274021910084,False,,,,,-1.0,False
1613,Communication Services,Entertainment (1),NWS,LLYVA,0.2740949937394208,0.2479159688513044,0.0115563296940321,False,,,,,-1.0,False
1614,Communication Services,Entertainment (1),NWS,SIRI,0.1747833903535508,0.085565774384501,0.0285901504170693,False,,,,,-1.0,False
1615,Communication Services,Entertainment (1),NWS,SPHR,-0.0396753728959819,-0.0901113597766932,0.0393967278423426,False,,,,,-1.0,False
1616,Communication Services,Entertainment (1),NWS,IMAX,-0.0745116805945973,-0.0745116805945973,0.0483450896131365,False,,,,,-1.0,False
1617,Communication Services,Entertainment (1),LLYVA,SIRI,-0.0067339937741631,-0.0067339937741631,0.0190038733642844,False,,,,,-1.0,False
1618,Communication Services,Entertainment (1),LLYVA,SPHR,0.3034309021810818,0.3034309021810818,0.0616758751842037,False,,,,,-1.0,False
1619,Communication Services,Entertainment (1),LLYVA,IMAX,0.1453049254718963,0.1453049254718963,0.0756596217259093,False,,,,,-1.0,False
1620,Communication Services,Entertainment (1),SIRI,SPHR,-0.0391884700823811,-0.0391884700823811,0.040381557528761,False,,,,,-1.0,False
1621,Communication Services,Entertainment (1),SIRI,IMAX,0.1315765804202303,0.1315765804202303,0.0736299035825658,False,,,,,-1.0,False
1622,Communication Services,Entertainment (1),SPHR,IMAX,0.0029329146077885,0.0029329146077885,0.0753917482645239,False,,,,,-1.0,False
1623,Communication Services,Entertainment (2),FWONA,MSGS,0.14141754832245,0.14141754832245,0.0614978858730981,False,,,,,-1.0,False
1624,Communication Services,Entertainment (2),FWONA,MANU,0.0187896775367519,0.0144585316179535,0.0152577161600685,False,,,,,-1.0,False
1625,Communication Services,Entertainment (2),FWONA,MSGE,0.1785454896083834,0.1785454896083834,0.1079535014619631,False,,,,,-1.0,False
1626,Communication Services,Entertainment (2),FWONA,CNK,-0.0261619553498466,-0.0261619553498466,0.069023569331733,False,,,,,-1.0,False
1627,Communication Services,Entertainment (2),MSGS,MANU,0.1791386169760286,0.1589401144228842,0.0131649330578299,False,,,,,-1.0,False
1628,Communication Services,Entertainment (2),MSGS,MSGE,0.3560454618096301,0.3560454618096301,0.0156435226471685,False,,,,,-1.0,False
1629,Communication Services,Entertainment (2),MSGS,CNK,0.337716467747718,0.3299323575946495,0.0170237662058205,False,,,,,-1.0,False
1630,Communication Services,Entertainment (2),MANU,MSGE,0.3201643357025566,0.3013821076825999,0.0174393767405637,False,,,,,-1.0,False
1631,Communication Services,Entertainment (2),MANU,CNK,0.2383052353382372,0.2383052353382372,0.0222192655944455,False,,,,,-1.0,False
1632,Communication Services,Entertainment (2),MSGE,CNK,0.3821328960234494,0.3387664109369513,0.0174237808270577,False,,,,,-1.0,False
1633,Communication Services,Telecom Services (1),TMUS,VZ,0.5961652902475332,0.578493441138291,0.0201003009696874,False,,,,,-1.0,False
1634,Communication Services,Telecom Services (1),TMUS,CMCSA,0.2302103977789267,0.2302103977789267,0.1090717131798625,False,,,,,-1.0,False
1635,Communication Services,Telecom Services (1),TMUS,CHTR,0.1878894571682347,0.1762925254948157,0.0507682979104854,False,,,,,-1.0,False
1636,Communication Services,Telecom Services (1),TMUS,TIGO,0.134054208954262,0.0962017979482435,0.0277287015783188,False,,,,,-1.0,False
1637,Communication Services,Telecom Services (1),TMUS,LUMN,-0.1678701326669724,-0.1686148389760896,0.0408487525395843,False,,,,,-1.0,False
1638,Communication Services,Telecom Services (1),TMUS,LBRDA,0.2017586942433312,0.1830661590598067,0.0533784723699782,False,,,,,-1.0,False
1639,Communication Services,Telecom Services (1),TMUS,TDS,0.1824298079518819,0.1122491710062779,0.0348398166921129,False,,,,,-1.0,False
1640,Communication Services,Telecom Services (1),TMUS,LBTYA,0.2116968065434656,0.2012059818408728,0.0348639270188625,False,,,,,-1.0,False
1641,Communication Services,Telecom Services (1),TMUS,LILA,0.1195732856684307,0.1195732856684307,0.058059721002376,False,,,,,-1.0,False
1642,Communication Services,Telecom Services (1),TMUS,IDT,0.0013986354915997,-0.0457303878852249,0.0229647721470987,False,,,,,-1.0,False
1643,Communication Services,Telecom Services (1),VZ,CMCSA,0.3341639336949984,0.3341639336949984,0.0966137227081531,False,,,,,-1.0,False
1644,Communication Services,Telecom Services (1),VZ,CHTR,0.2908320389820948,0.2782121522330869,0.0601225666885462,False,,,,,-1.0,False
1645,Communication Services,Telecom Services (1),VZ,TIGO,0.2568474963361227,0.2338069253985283,0.024886322913308,False,,,,,-1.0,False
1646,Communication Services,Telecom Services (1),VZ,LUMN,-0.0418034053411018,-0.0625914614991912,0.0116120761945698,False,,,,,-1.0,False
1647,Communication Services,Telecom Services (1),VZ,LBRDA,0.2621913998695813,0.238402309577671,0.0597217269152882,False,,,,,-1.0,False
1648,Communication Services,Telecom Services (1),VZ,TDS,0.170975313077383,0.1315466620659962,0.0294146607667387,False,,,,,-1.0,False
1649,Communication Services,Telecom Services (1),VZ,LBTYA,0.3156511342184829,0.295836624901544,0.0106858515600595,False,,,,,-1.0,False
1650,Communication Services,Telecom Services (1),VZ,LILA,0.2348730804798971,0.2281295208575005,0.0575281341574732,False,,,,,-1.0,False
1651,Communication Services,Telecom Services (1),VZ,IDT,0.0658787669015888,0.0554601956011571,0.015861068429921,False,,,,,-1.0,False
1652,Communication Services,Telecom Services (1),T,CMCSA,0.3378612467919565,0.3215394487284919,0.068582708894017,False,,,,,-1.0,False
1653,Communication Services,Telecom Services (1),T,CHTR,0.3294868306938291,0.3215550907151361,0.0310437998481974,False,,,,,-1.0,False
1654,Communication Services,Telecom Services (1),T,TIGO,0.2186551032788548,0.2081052401688235,0.0484679626268528,False,,,,,-1.0,False
1655,Communication Services,Telecom Services (1),T,LUMN,-0.0647143607461521,-0.0752676196311431,0.0245951837367877,False,,,,,-1.0,False
1656,Communication Services,Telecom Services (1),T,LBRDA,0.3427237525101246,0.3275608719987095,0.0318583708839208,False,,,,,-1.0,False
1657,Communication Services,Telecom Services (1),T,TDS,0.2006025303526735,0.1640840323161091,0.0396249955810307,False,,,,,-1.0,False
1658,Communication Services,Telecom Services (1),T,LBTYA,0.3173188900816521,0.2855855420635626,0.0226152287961916,False,,,,,-1.0,False
1659,Communication Services,Telecom Services (1),T,LILA,0.3053400048804887,0.3053400048804887,0.0580985701055673,False,,,,,-1.0,False
1660,Communication Services,Telecom Services (1),T,IDT,0.0829303139689959,0.0323170363375899,0.0173417398873405,False,,,,,-1.0,False
1661,Communication Services,Telecom Services (1),CMCSA,TIGO,0.1373283726208433,0.117043211023036,0.0187535200038922,False,,,,,-1.0,False
1662,Communication Services,Telecom Services (1),CMCSA,LUMN,0.0782492932908438,0.0653823119057799,0.0248164718627615,False,,,,,-1.0,False
1663,Communication Services,Telecom Services (1),CMCSA,TDS,0.0007160316143902,-0.0305912395929623,0.0814687986728671,False,,,,,-1.0,False
1664,Communication Services,Telecom Services (1),CMCSA,LBTYA,0.3970421469568462,0.3103432803621898,0.0302896530470869,False,,,,,-1.0,False
1665,Communication Services,Telecom Services (1),CMCSA,LILA,0.3255321229491188,0.3227319686959783,0.0060355667716432,False,,,,,-1.0,False
1666,Communication Services,Telecom Services (1),CMCSA,IDT,0.0753558773206233,0.0753558773206233,0.0289140089891028,False,,,,,-1.0,False
1667,Communication Services,Telecom Services (1),CHTR,TIGO,0.2278263065945025,0.2009838449101528,0.0203715503193011,False,,,,,-1.0,False
1668,Communication Services,Telecom Services (1),CHTR,LUMN,0.0803592263253037,0.0715504114843137,0.0182228886368676,False,,,,,-1.0,False
1669,Communication Services,Telecom Services (1),CHTR,TDS,0.116999338246135,0.116999338246135,0.0403983161183978,False,,,,,-1.0,False
1670,Communication Services,Telecom Services (1),CHTR,LBTYA,0.3801762618430739,0.2770818121560349,0.0422055917989152,False,,,,,-1.0,False
1671,Communication Services,Telecom Services (1),CHTR,LILA,0.3267362855889577,0.28251845271192,0.0204857898556473,False,,,,,-1.0,False
1672,Communication Services,Telecom Services (1),CHTR,IDT,0.1258856082997357,0.0708450878518811,0.0186003439974787,False,,,,,-1.0,False
1673,Communication Services,Telecom Services (1),TIGO,LUMN,0.1714220233031672,0.1714220233031672,0.0534354599245984,False,,,,,-1.0,False
1674,Communication Services,Telecom Services (1),TIGO,LBRDA,0.2856917883457306,0.2636107260405153,0.0246673909189315,False,,,,,-1.0,False
1675,Communication Services,Telecom Services (1),TIGO,TDS,0.1430426138878369,0.1430426138878369,0.0571983068028205,False,,,,,-1.0,False
1676,Communication Services,Telecom Services (1),TIGO,LBTYA,0.1329011970185501,0.1329011970185501,0.0415650138216774,False,,,,,-1.0,False
1677,Communication Services,Telecom Services (1),TIGO,LILA,0.2118259125925073,0.1781932167721324,0.0189593733851013,False,,,,,-1.0,False
1678,Communication Services,Telecom Services (1),TIGO,IDT,0.039133892880228,-0.0456583705354219,0.0269468612256801,False,,,,,-1.0,False
1679,Communication Services,Telecom Services (1),LUMN,LBRDA,0.1367559481409505,0.1251229552255081,0.0223081618679614,False,,,,,-1.0,False
1680,Communication Services,Telecom Services (1),LUMN,TDS,0.0054343530811641,0.0020634977282968,0.0212558814984415,False,,,,,-1.0,False
1681,Communication Services,Telecom Services (1),LUMN,LBTYA,0.0081573353124026,0.0081573353124026,0.017889422104027,False,,,,,-1.0,False
1682,Communication Services,Telecom Services (1),LUMN,LILA,0.1269498137525832,0.1269498137525832,0.0262129900861212,False,,,,,-1.0,False
1683,Communication Services,Telecom Services (1),LUMN,IDT,-0.1755588086535459,-0.1894254008821821,0.0215416272487905,False,,,,,-1.0,False
1684,Communication Services,Telecom Services (1),LBRDA,TDS,0.1608586085827436,0.1608586085827436,0.0473530592234961,False,,,,,-1.0,False
1685,Communication Services,Telecom Services (1),LBRDA,LBTYA,0.4364977185516756,0.3287970085972059,0.0442924903522552,False,,,,,-1.0,False
1686,Communication Services,Telecom Services (1),LBRDA,LILA,0.3759825830824388,0.3322919851413256,0.0211772785543852,False,,,,,-1.0,False
1687,Communication Services,Telecom Services (1),LBRDA,IDT,0.0895501158037898,0.0283300887905244,0.0209584626566406,False,,,,,-1.0,False
1688,Communication Services,Telecom Services (1),TDS,LBTYA,0.1744376995816474,0.1744376995816474,0.0662759303200314,False,,,,,-1.0,False
1689,Communication Services,Telecom Services (1),TDS,LILA,-0.0267365729487171,-0.0401405861749508,0.0693950299408402,False,,,,,-1.0,False
1690,Communication Services,Telecom Services (1),TDS,IDT,0.1687857406068525,0.13567582466208,0.0540164802937471,False,,,,,-1.0,False
1691,Communication Services,Telecom Services (1),LBTYA,LILA,0.4985880604836621,0.4896618095037195,0.0409509248490528,False,,,,,-1.0,False
1692,Communication Services,Telecom Services (1),LBTYA,IDT,0.1801670729915993,0.1575181848485646,0.0256951397627095,False,,,,,-1.0,False
1693,Communication Services,Telecom Services (1),LILA,IDT,0.0924144729462734,0.0914321708170806,0.0118962847944061,False,,,,,-1.0,False
1694,Communication Services,Advertising Agencies,APP,OMC,0.0699831133745263,0.0699831133745263,0.0488171256872042,False,,,,,-1.0,False
1695,Communication Services,Advertising Agencies,APP,TTD,0.1078966825175997,0.1078966825175997,0.0307156661412205,False,,,,,-1.0,False
1696,Communication Services,Advertising Agencies,APP,MGNI,0.3512246218449102,0.2809056899950785,0.0352462914860738,False,,,,,-1.0,False
1697,Communication Services,Advertising Agencies,APP,STGW,0.239744061454866,0.1420122597378315,0.040536626709599,False,,,,,-1.0,False
1698,Communication Services,Advertising Agencies,APP,ZD,0.1370697608272805,0.1269186870450342,0.0139031261214994,False,,,,,-1.0,False
1699,Communication Services,Advertising Agencies,APP,DV,0.2159979487247128,0.2018139032011765,0.0137800118315101,False,,,,,-1.0,False
1700,Communication Services,Advertising Agencies,OMC,TTD,0.3050416371820109,0.2740711843289126,0.0115974146898966,False,,,,,-1.0,False
1701,Communication Services,Advertising Agencies,OMC,MGNI,0.4375110606290883,0.4375110606290883,0.0259362703450193,False,,,,,-1.0,False
1702,Communication Services,Advertising Agencies,OMC,STGW,0.3603529245271048,0.2080860965135767,0.0596220514245806,False,,,,,-1.0,False
1703,Communication Services,Advertising Agencies,OMC,ZD,0.256748697783927,0.2060105651352949,0.0163864905695874,False,,,,,-1.0,False
1704,Communication Services,Advertising Agencies,OMC,DV,0.4444776985383719,0.422475067442184,0.0135643802179657,False,,,,,-1.0,False
1705,Communication Services,Advertising Agencies,TTD,MGNI,0.3935413270409716,0.3036952231239078,0.0391967026615376,False,,,,,-1.0,False
1706,Communication Services,Advertising Agencies,TTD,STGW,0.3778352323250867,0.2420411346446071,0.0466036085853178,False,,,,,-1.0,False
1707,Communication Services,Advertising Agencies,TTD,ZD,0.4239971659208409,0.3817278185403658,0.0144985992049715,False,,,,,-1.0,False
1708,Communication Services,Advertising Agencies,TTD,DV,0.5990317610389203,0.5705498713141364,0.0092395327743751,False,,,,,-1.0,False
1709,Communication Services,Advertising Agencies,MGNI,STGW,0.4694667179566633,0.2152266212776901,0.091591696679384,False,,,,,-1.0,False
1710,Communication Services,Advertising Agencies,MGNI,ZD,0.2365672975724974,0.2365672975724974,0.0256950111762246,False,,,,,-1.0,False
1711,Communication Services,Advertising Agencies,MGNI,DV,0.5870862932431891,0.5506063707512114,0.0135981585762675,False,,,,,-1.0,False
1712,Communication Services,Advertising Agencies,STGW,ZD,0.3300076798709916,0.1923707364275211,0.0531751652936111,False,,,,,-1.0,False
1713,Communication Services,Advertising Agencies,STGW,DV,0.4399146140170965,0.2930285065018534,0.0578898700680686,False,,,,,-1.0,False
1714,Communication Services,Advertising Agencies,ZD,DV,0.4466075048287244,0.4277045365375027,0.0112899036305324,False,,,,,-1.0,False
1715,Communication Services,Electronic Gaming & Multimedia,EA,TTWO,0.1014915457190941,0.1002449966395026,0.0105183923694843,False,,,,,-1.0,False
1716,Communication Services,Electronic Gaming & Multimedia,EA,RBLX,0.0491248703441273,0.0491248703441273,0.032978380042919,False,,,,,-1.0,False
1717,Communication Services,Electronic Gaming & Multimedia,EA,PLTK,0.0191554944728098,0.011823115404454,0.0176428320813704,False,,,,,-1.0,False
1718,Communication Services,Electronic Gaming & Multimedia,TTWO,RBLX,0.32765256524704,0.3085709191495402,0.0114831568814321,False,,,,,-1.0,False
1719,Communication Services,Electronic Gaming & Multimedia,TTWO,PLTK,0.299867480791068,0.2238075907281448,0.0240377976785695,False,,,,,-1.0,False
1720,Communication Services,Electronic Gaming & Multimedia,RBLX,PLTK,0.2371481476321005,0.146520792421321,0.0299045603207631,False,,,,,-1.0,False
1721,Consumer Cyclical,Internet Retail,AMZN,MELI,0.3529884179885821,0.3529884179885821,0.0406599873031665,False,,,,,-1.0,False
1722,Consumer Cyclical,Internet Retail,AMZN,DASH,0.2793040509158701,0.2542819724047369,0.0171404616797613,False,,,,,-1.0,False
1723,Consumer Cyclical,Internet Retail,AMZN,EBAY,0.1335910995080431,0.1210144549662533,0.0183970123511454,False,,,,,-1.0,False
1724,Consumer Cyclical,Internet Retail,AMZN,CPNG,0.3238417057889132,0.3238417057889132,0.0306307734368253,False,,,,,-1.0,False
1725,Consumer Cyclical,Internet Retail,AMZN,CART,0.2061163191532088,0.1903233423292111,0.0214144237215135,False,,,,,-1.0,False
1726,Consumer Cyclical,Internet Retail,AMZN,CHWY,0.3227337216169512,0.2203736244728749,0.0425938304604932,False,,,,,-1.0,False
1727,Consumer Cyclical,Internet Retail,AMZN,W,0.4498674160566562,0.4498674160566562,0.0255292054287484,False,,,,,-1.0,False
1728,Consumer Cyclical,Internet Retail,AMZN,ETSY,0.3723998875704205,0.3723998875704205,0.0220839375280198,False,,,,,-1.0,False
1729,Consumer Cyclical,Internet Retail,AMZN,GLBE,0.0556915859937778,0.0556915859937778,0.0449353341533712,False,,,,,-1.0,False
1730,Consumer Cyclical,Internet Retail,AMZN,RVLV,0.1861760956607437,0.1781028604872397,0.0182662736565926,False,,,,,-1.0,False
1731,Consumer Cyclical,Internet Retail,MELI,DASH,0.5434007988390082,0.5171022775574491,0.0211831944513899,False,,,,,-1.0,False
1732,Consumer Cyclical,Internet Retail,MELI,EBAY,0.210257466402565,0.1912028505667158,0.0278390261167257,False,,,,,-1.0,False
1733,Consumer Cyclical,Internet Retail,MELI,CPNG,0.4419425816936799,0.4419425816936799,0.0250712861778285,False,,,,,-1.0,False
1734,Consumer Cyclical,Internet Retail,MELI,CART,0.160167208128747,0.1498578692516865,0.0147282705247118,False,,,,,-1.0,False
1735,Consumer Cyclical,Internet Retail,MELI,CHWY,0.3578373728791738,0.2554888958061379,0.0448791235741472,False,,,,,-1.0,False
1736,Consumer Cyclical,Internet Retail,MELI,W,0.4358584266952064,0.4358584266952064,0.0266891311862816,False,,,,,-1.0,False
1737,Consumer Cyclical,Internet Retail,MELI,ETSY,0.2714938528325045,0.2714938528325045,0.0367642030828408,False,,,,,-1.0,False
1738,Consumer Cyclical,Internet Retail,MELI,GLBE,0.3559835804754891,0.3559835804754891,0.0374588503678815,False,,,,,-1.0,False
1739,Consumer Cyclical,Internet Retail,MELI,RVLV,0.2866021163065269,0.276378467156159,0.0179159316114079,False,,,,,-1.0,False
1740,Consumer Cyclical,Internet Retail,DASH,EBAY,0.3028831965295906,0.2812003622077449,0.0152432112575284,False,,,,,-1.0,False
1741,Consumer Cyclical,Internet Retail,DASH,CPNG,0.2369203645683994,0.2369203645683994,0.047984729759889,False,,,,,-1.0,False
1742,Consumer Cyclical,Internet Retail,DASH,CART,0.1474548052399659,0.1304922862778461,0.0182125198699008,False,,,,,-1.0,False
1743,Consumer Cyclical,Internet Retail,DASH,CHWY,0.414560540688143,0.3348161974518089,0.0301172047504027,False,,,,,-1.0,False
1744,Consumer Cyclical,Internet Retail,DASH,W,0.4261015971464533,0.4082982931890651,0.005722901010498,False,,,,,-1.0,False
1745,Consumer Cyclical,Internet Retail,DASH,ETSY,0.308444383524507,0.3074245805854104,0.0223335123983587,False,,,,,-1.0,False
1746,Consumer Cyclical,Internet Retail,DASH,GLBE,0.1964592428777296,0.1964592428777296,0.0181922435786139,False,,,,,-1.0,False
1747,Consumer Cyclical,Internet Retail,DASH,RVLV,0.0879066406091934,0.0769323076157792,0.0072699539278577,False,,,,,-1.0,False
1748,Consumer Cyclical,Internet Retail,EBAY,CPNG,0.2071863753932304,0.1675619880313361,0.0198883475612255,False,,,,,-1.0,False
1749,Consumer Cyclical,Internet Retail,EBAY,CART,0.1280700955296225,0.078115392634747,0.0187634075507276,False,,,,,-1.0,False
1750,Consumer Cyclical,Internet Retail,EBAY,CHWY,0.1660442446155242,0.1527235398862832,0.0225254728300748,False,,,,,-1.0,False
1751,Consumer Cyclical,Internet Retail,EBAY,W,0.127848563394994,0.1270005940860511,0.0181323859738599,False,,,,,-1.0,False
1752,Consumer Cyclical,Internet Retail,EBAY,ETSY,0.2209850030510435,0.2121735212103433,0.0129615920306572,False,,,,,-1.0,False
1753,Consumer Cyclical,Internet Retail,EBAY,GLBE,-0.0168043255375543,-0.0168043255375543,0.019264338932986,False,,,,,-1.0,False
1754,Consumer Cyclical,Internet Retail,EBAY,RVLV,0.0092574450505417,-0.0131117988371337,0.027030480731275,False,,,,,-1.0,False
1755,Consumer Cyclical,Internet Retail,CPNG,CART,0.2243632701965258,0.2197328686406828,0.024070037299987,False,,,,,-1.0,False
1756,Consumer Cyclical,Internet Retail,CPNG,CHWY,0.1062331191118005,0.0111823705985578,0.0409248801177949,False,,,,,-1.0,False
1757,Consumer Cyclical,Internet Retail,CPNG,W,0.4076985870357477,0.4076985870357477,0.0336351935365071,False,,,,,-1.0,False
1758,Consumer Cyclical,Internet Retail,CPNG,ETSY,0.2247946749925696,0.2229174523385684,0.0401149212353405,False,,,,,-1.0,False
1759,Consumer Cyclical,Internet Retail,CPNG,GLBE,0.1942353839255109,0.1544597651022185,0.0257398974870591,False,,,,,-1.0,False
1760,Consumer Cyclical,Internet Retail,CPNG,RVLV,0.1595859508502646,0.1595859508502646,0.0301396444628832,False,,,,,-1.0,False
1761,Consumer Cyclical,Internet Retail,CART,CHWY,0.1281757367710805,0.0649020254704237,0.0221086517825933,False,,,,,-1.0,False
1762,Consumer Cyclical,Internet Retail,CART,W,0.0550726338458117,0.0396467022817361,0.0180768771333602,False,,,,,-1.0,False
1763,Consumer Cyclical,Internet Retail,CART,ETSY,0.2746975211466748,0.2639369533694607,0.0126219124490014,False,,,,,-1.0,False
1764,Consumer Cyclical,Internet Retail,CART,GLBE,0.2040984332647696,0.2023840003719527,0.0160615911759914,False,,,,,-1.0,False
1765,Consumer Cyclical,Internet Retail,CART,RVLV,0.1136267997367554,0.0228631547762772,0.0307673325072696,False,,,,,-1.0,False
1766,Consumer Cyclical,Internet Retail,CHWY,W,0.3083860748939251,0.2723144646532827,0.0254235239405927,False,,,,,-1.0,False
1767,Consumer Cyclical,Internet Retail,CHWY,ETSY,0.2361122872979768,0.1807638235381083,0.0310705352520851,False,,,,,-1.0,False
1768,Consumer Cyclical,Internet Retail,CHWY,GLBE,0.2691064590856193,0.2499856388544461,0.0369082293472439,False,,,,,-1.0,False
1769,Consumer Cyclical,Internet Retail,CHWY,RVLV,0.223953745892467,0.1835258091006086,0.0311917020273971,False,,,,,-1.0,False
1770,Consumer Cyclical,Internet Retail,W,ETSY,0.469023138908306,0.4461542552152853,0.0107051390615691,False,,,,,-1.0,False
1771,Consumer Cyclical,Internet Retail,W,GLBE,0.3119924099476014,0.3119924099476014,0.0210304167005918,False,,,,,-1.0,False
1772,Consumer Cyclical,Internet Retail,W,RVLV,0.3877852770350934,0.3085536844968659,0.0323572116709392,False,,,,,-1.0,False
1773,Consumer Cyclical,Internet Retail,ETSY,GLBE,0.2009673926132062,0.2009673926132062,0.0181069867896659,False,,,,,-1.0,False
1774,Consumer Cyclical,Internet Retail,ETSY,RVLV,0.1751593360760543,0.1377287208738158,0.0191578861852271,False,,,,,-1.0,False
1775,Consumer Cyclical,Internet Retail,GLBE,RVLV,0.178295762087789,0.1385345847181194,0.041302788650275,False,,,,,-1.0,False
1776,Consumer Cyclical,Auto Manufacturers,TSLA,GM,0.2966329100593863,0.2966329100593863,0.0478823792004786,False,,,,,-1.0,False
1777,Consumer Cyclical,Auto Manufacturers,TSLA,F,0.402486842736261,0.402486842736261,0.0204569875366534,False,,,,,-1.0,False
1778,Consumer Cyclical,Auto Manufacturers,TSLA,RIVN,0.3507211496496545,0.3234715112274395,0.0453429624272138,False,,,,,-1.0,False
1779,Consumer Cyclical,Auto Manufacturers,TSLA,VFS,0.1618066762611638,0.0591836470743145,0.0373137006644571,False,,,,,-1.0,False
1780,Consumer Cyclical,Auto Manufacturers,TSLA,LCID,0.3218181304698576,0.2905137236879348,0.0616605751455687,False,,,,,-1.0,False
1781,Consumer Cyclical,Auto Manufacturers,TSLA,CYD,0.3688107723823153,0.3471448678942427,0.0229169909258354,False,,,,,-1.0,False
1782,Consumer Cyclical,Auto Manufacturers,GM,F,0.5230131034983083,0.5230131034983083,0.0114533702703971,False,,,,,-1.0,False
1783,Consumer Cyclical,Auto Manufacturers,GM,RIVN,0.2317473294497105,0.2317473294497105,0.041657990894444,False,,,,,-1.0,False
1784,Consumer Cyclical,Auto Manufacturers,GM,VFS,-0.0308161408316238,-0.1008888725163743,0.0254466909533715,False,,,,,-1.0,False
1785,Consumer Cyclical,Auto Manufacturers,GM,LCID,0.1104424812295803,0.1104424812295803,0.0517667669752887,False,,,,,-1.0,False
1786,Consumer Cyclical,Auto Manufacturers,GM,CYD,0.334854407492104,0.3032479642782345,0.0162371113101883,False,,,,,-1.0,False
1787,Consumer Cyclical,Auto Manufacturers,F,RIVN,0.2719428092406919,0.2719428092406919,0.0416177761958013,False,,,,,-1.0,False
1788,Consumer Cyclical,Auto Manufacturers,F,VFS,-0.0182597285074634,-0.0506716069833387,0.0189004908961182,False,,,,,-1.0,False
1789,Consumer Cyclical,Auto Manufacturers,F,LCID,0.26136536346616,0.26136536346616,0.0342683894664875,False,,,,,-1.0,False
1790,Consumer Cyclical,Auto Manufacturers,F,CYD,0.3449302161197178,0.3363263536788293,0.0057958035893337,False,,,,,-1.0,False
1791,Consumer Cyclical,Auto Manufacturers,RIVN,VFS,0.0708848628980392,0.0198384659588269,0.0233452582042495,False,,,,,-1.0,False
1792,Consumer Cyclical,Auto Manufacturers,RIVN,LCID,0.2694327269174884,0.2657438635537564,0.0606769672006815,False,,,,,-1.0,False
1793,Consumer Cyclical,Auto Manufacturers,RIVN,CYD,0.2101702760906742,0.2101702760906742,0.0846864789522181,False,,,,,-1.0,False
1794,Consumer Cyclical,Auto Manufacturers,VFS,LCID,0.1827701279282576,0.1827701279282576,0.0366065287563702,False,,,,,-1.0,False
1795,Consumer Cyclical,Auto Manufacturers,VFS,CYD,0.0840474750627567,0.0602397665561948,0.0270856995419097,False,,,,,-1.0,False
1796,Consumer Cyclical,Auto Manufacturers,LCID,CYD,0.1228631154266446,0.1228631154266446,0.0748936904522426,False,,,,,-1.0,False
1797,Consumer Cyclical,Restaurants (1),MCD,SBUX,0.2875215350705037,0.2362148346527952,0.0204482637042886,False,,,,,-1.0,False
1798,Consumer Cyclical,Restaurants (1),MCD,CMG,0.3371700455747871,0.3371700455747871,0.0532905219898926,False,,,,,-1.0,False
1799,Consumer Cyclical,Restaurants (1),MCD,QSR,0.3330695301872834,0.2154507622799172,0.0409566857492877,False,,,,,-1.0,False
1800,Consumer Cyclical,Restaurants (1),MCD,DPZ,0.5633541304728755,0.5561685094142425,0.0164420629390441,False,,,,,-1.0,False
1801,Consumer Cyclical,Restaurants (1),MCD,CAVA,0.1770669921040452,0.1770669921040452,0.0687698687241726,False,,,,,-1.0,False
1802,Consumer Cyclical,Restaurants (1),MCD,SHAK,0.1682539617951915,0.1682539617951915,0.0301864161995062,False,,,,,-1.0,False
1803,Consumer Cyclical,Restaurants (1),MCD,WEN,0.2019122573068557,0.0538532309697832,0.05840279303489,False,,,,,-1.0,False
1804,Consumer Cyclical,Restaurants (1),SBUX,CMG,0.3318309324639976,0.3318309324639976,0.0593491759011696,False,,,,,-1.0,False
1805,Consumer Cyclical,Restaurants (1),SBUX,QSR,0.3083423692875214,0.2319825211382516,0.0252440488018326,False,,,,,-1.0,False
1806,Consumer Cyclical,Restaurants (1),SBUX,DPZ,0.1974034024725891,0.1961502304932084,0.0254432104782467,False,,,,,-1.0,False
1807,Consumer Cyclical,Restaurants (1),SBUX,CAVA,0.3130754098071576,0.3130754098071576,0.0451390964964446,False,,,,,-1.0,False
1808,Consumer Cyclical,Restaurants (1),SBUX,SHAK,0.3242289065548666,0.3242289065548666,0.0150947384542509,False,,,,,-1.0,False
1809,Consumer Cyclical,Restaurants (1),SBUX,WEN,0.0795810437454874,0.0668304161726504,0.0081180401769526,False,,,,,-1.0,False
1810,Consumer Cyclical,Restaurants (1),CMG,QSR,0.1706248934997304,0.1612011301849494,0.0478855069876484,False,,,,,-1.0,False
1811,Consumer Cyclical,Restaurants (1),CMG,DPZ,0.2808707318554357,0.2549269516570115,0.073666746505608,False,,,,,-1.0,False
1812,Consumer Cyclical,Restaurants (1),CMG,CAVA,0.5328714608688102,0.5185690194864425,0.0177493799397985,False,,,,,-1.0,False
1813,Consumer Cyclical,Restaurants (1),CMG,SHAK,0.2928678551938589,0.2928678551938589,0.0101315108040621,False,,,,,-1.0,False
1814,Consumer Cyclical,Restaurants (1),CMG,WEN,0.2615188862529213,0.1796729449933874,0.0420963596488329,False,,,,,-1.0,False
1815,Consumer Cyclical,Restaurants (1),QSR,DPZ,0.4628191499391912,0.4628191499391912,0.0128454006435379,False,,,,,-1.0,False
1816,Consumer Cyclical,Restaurants (1),QSR,CAVA,0.085279478480191,0.0549708915186911,0.0636512221269573,False,,,,,-1.0,False
1817,Consumer Cyclical,Restaurants (1),QSR,SHAK,0.008857443217175,0.0071276817478842,0.0262790395162338,False,,,,,-1.0,False
1818,Consumer Cyclical,Restaurants (1),QSR,WEN,0.1805548675644758,0.1595323313675651,0.0204421484683929,False,,,,,-1.0,False
1819,Consumer Cyclical,Restaurants (1),DPZ,CAVA,0.1885679392552217,0.1885679392552217,0.047385249426085,False,,,,,-1.0,False
1820,Consumer Cyclical,Restaurants (1),DPZ,SHAK,0.0995042048057844,0.0370129125180811,0.0304243731206463,False,,,,,-1.0,False
1821,Consumer Cyclical,Restaurants (1),DPZ,WEN,0.3322916735439288,0.2084891313099192,0.0423564206240952,False,,,,,-1.0,False
1822,Consumer Cyclical,Restaurants (1),CAVA,SHAK,0.4582163862584583,0.4582163862584583,0.0053014089376119,False,,,,,-1.0,False
1823,Consumer Cyclical,Restaurants (1),CAVA,WEN,0.1999707204902974,-0.0353180810904428,0.0896977213595715,False,,,,,-1.0,False
1824,Consumer Cyclical,Restaurants (1),SHAK,WEN,0.174709120239687,0.1276113881709418,0.0222945179924501,False,,,,,-1.0,False
1825,Consumer Cyclical,Restaurants (2),YUM,DRI,0.1851937517600852,0.1851937517600852,0.0353670614570876,False,,,,,-1.0,False
1826,Consumer Cyclical,Restaurants (2),YUM,YUMC,0.3041942162063831,0.2974320121436056,0.0387790138288884,False,,,,,-1.0,False
1827,Consumer Cyclical,Restaurants (2),YUM,TXRH,0.0756153000065785,0.0756153000065785,0.0415678045356878,False,,,,,-1.0,False
1828,Consumer Cyclical,Restaurants (2),YUM,BROS,0.0969874628163769,0.0748927338856888,0.0375438580738118,False,,,,,-1.0,False
1829,Consumer Cyclical,Restaurants (2),YUM,EAT,0.2091252122522069,0.2091252122522069,0.0175286985436956,False,,,,,-1.0,False
1830,Consumer Cyclical,Restaurants (2),YUM,WING,0.1542211348260247,0.1499801009725135,0.0087657591142713,False,,,,,-1.0,False
1831,Consumer Cyclical,Restaurants (2),YUM,CAKE,0.0954209661672089,0.0777419471652731,0.0180068098917585,False,,,,,-1.0,False
1832,Consumer Cyclical,Restaurants (2),DRI,YUMC,0.1142564651726073,0.1019936494504807,0.0382268436647972,False,,,,,-1.0,False
1833,Consumer Cyclical,Restaurants (2),DRI,TXRH,0.4440101133122073,0.4440101133122073,0.0235977010178194,False,,,,,-1.0,False
1834,Consumer Cyclical,Restaurants (2),DRI,BROS,0.2718731052655582,0.2377810673600985,0.0277361100756449,False,,,,,-1.0,False
1835,Consumer Cyclical,Restaurants (2),DRI,EAT,0.4373254143344985,0.4373254143344985,0.0202625204714218,False,,,,,-1.0,False
1836,Consumer Cyclical,Restaurants (2),DRI,WING,0.182094644417611,0.182094644417611,0.019952567984233,False,,,,,-1.0,False
1837,Consumer Cyclical,Restaurants (2),DRI,CAKE,0.4055862897669336,0.3682925009003305,0.0185296890625471,False,,,,,-1.0,False
1838,Consumer Cyclical,Restaurants (2),YUMC,TXRH,0.122516118560593,0.0665596070142363,0.0393893661337163,False,,,,,-1.0,False
1839,Consumer Cyclical,Restaurants (2),YUMC,BROS,0.1180456981942994,0.0977319673048036,0.0330094096914196,False,,,,,-1.0,False
1840,Consumer Cyclical,Restaurants (2),YUMC,EAT,0.172509744304339,0.1617151026651914,0.0245287911212079,False,,,,,-1.0,False
1841,Consumer Cyclical,Restaurants (2),YUMC,WING,0.0188458354390599,-0.0102793939046091,0.0393139132393721,False,,,,,-1.0,False
1842,Consumer Cyclical,Restaurants (2),YUMC,CAKE,0.0946589014104,0.0946589014104,0.0363751496865821,False,,,,,-1.0,False
1843,Consumer Cyclical,Restaurants (2),TXRH,BROS,0.1342034862384782,0.080973949515498,0.0262964988136656,False,,,,,-1.0,False
1844,Consumer Cyclical,Restaurants (2),TXRH,EAT,0.3465163431805401,0.3446237923563871,0.0058107918140795,False,,,,,-1.0,False
1845,Consumer Cyclical,Restaurants (2),TXRH,WING,0.0347099359193162,0.0309971388026925,0.0144188924706989,False,,,,,-1.0,False
1846,Consumer Cyclical,Restaurants (2),TXRH,CAKE,0.4268908933521584,0.3957560541412998,0.0157254231562444,False,,,,,-1.0,False
1847,Consumer Cyclical,Restaurants (2),BROS,EAT,0.3150020872069402,0.3150020872069402,0.03580460798578,False,,,,,-1.0,False
1848,Consumer Cyclical,Restaurants (2),BROS,WING,0.4245972037554269,0.4170398271017068,0.0149588400368927,False,,,,,-1.0,False
1849,Consumer Cyclical,Restaurants (2),BROS,CAKE,0.4263732964680553,0.3582562346058822,0.022051601024994,False,,,,,-1.0,False
1850,Consumer Cyclical,Restaurants (2),EAT,WING,0.3056366458721365,0.3056366458721365,0.0146809958913551,False,,,,,-1.0,False
1851,Consumer Cyclical,Restaurants (2),EAT,CAKE,0.583319097609214,0.5285452780638416,0.0169570553261682,False,,,,,-1.0,False
1852,Consumer Cyclical,Restaurants (2),WING,CAKE,0.1924484048289814,0.1924484048289814,0.0569205755665902,False,,,,,-1.0,False
1853,Consumer Cyclical,Apparel Retail,TJX,ROST,0.5705663681136366,0.5705663681136366,0.0141974128403423,False,,,,,-1.0,False
1854,Consumer Cyclical,Apparel Retail,TJX,BURL,0.5591123189396755,0.5591123189396755,0.018777321638971,False,,,,,-1.0,False
1855,Consumer Cyclical,Apparel Retail,TJX,LULU,0.3156839116721605,0.3156839116721605,0.0319994708014137,False,,,,,-1.0,False
1856,Consumer Cyclical,Apparel Retail,TJX,GAP,0.4883811582547767,0.4766252314065263,0.0145950048767748,False,,,,,-1.0,False
1857,Consumer Cyclical,Apparel Retail,TJX,URBN,0.2459889969111104,0.2345540916742542,0.0167739743891924,False,,,,,-1.0,False
1858,Consumer Cyclical,Apparel Retail,TJX,BOOT,0.2106857491116679,0.2028877545792939,0.0093132132716512,False,,,,,-1.0,False
1859,Consumer Cyclical,Apparel Retail,TJX,ANF,0.3166279337119024,0.3166279337119024,0.0198529066690494,False,,,,,-1.0,False
1860,Consumer Cyclical,Apparel Retail,TJX,AEO,0.3790651284868627,0.3790651284868627,0.0167599933207479,False,,,,,-1.0,False
1861,Consumer Cyclical,Apparel Retail,TJX,BKE,0.297303317008891,0.2818220104985313,0.0183931348268139,False,,,,,-1.0,False
1862,Consumer Cyclical,Apparel Retail,TJX,CRI,0.3785471212783391,0.3471219032231446,0.0123999297079901,False,,,,,-1.0,False
1863,Consumer Cyclical,Apparel Retail,ROST,BURL,0.6167688334967754,0.6167688334967754,0.0179807407649476,False,,,,,-1.0,False
1864,Consumer Cyclical,Apparel Retail,ROST,LULU,0.1300575922594633,0.1300575922594633,0.044697649611072,False,,,,,-1.0,False
1865,Consumer Cyclical,Apparel Retail,ROST,GAP,0.5114077785418084,0.5114077785418084,0.0191173977086514,False,,,,,-1.0,False
1866,Consumer Cyclical,Apparel Retail,ROST,URBN,0.3654184388516924,0.3654184388516924,0.0208437529260462,False,,,,,-1.0,False
1867,Consumer Cyclical,Apparel Retail,ROST,BOOT,0.3509862718119354,0.3509862718119354,0.0233163253782418,False,,,,,-1.0,False
1868,Consumer Cyclical,Apparel Retail,ROST,ANF,0.3075350556696847,0.3075350556696847,0.0190904421509656,False,,,,,-1.0,False
1869,Consumer Cyclical,Apparel Retail,ROST,AEO,0.4584956276181789,0.4322615255551925,0.0129207997594055,False,,,,,-1.0,False
1870,Consumer Cyclical,Apparel Retail,ROST,BKE,0.2673793174571511,0.2355396533114741,0.0173435837528876,False,,,,,-1.0,False
1871,Consumer Cyclical,Apparel Retail,ROST,CRI,0.2571140355206309,0.2287150917730338,0.0144673732723625,False,,,,,-1.0,False
1872,Consumer Cyclical,Apparel Retail,BURL,LULU,0.3283785913424799,0.3215296377932023,0.0209002353810929,False,,,,,-1.0,False
1873,Consumer Cyclical,Apparel Retail,BURL,GAP,0.6894385122838476,0.5505718439613496,0.0591598279817695,False,,,,,-1.0,False
1874,Consumer Cyclical,Apparel Retail,BURL,URBN,0.4449848971834246,0.3776965543381483,0.0264005212089968,False,,,,,-1.0,False
1875,Consumer Cyclical,Apparel Retail,BURL,BOOT,0.3543280009998882,0.3543280009998882,0.0162461183013933,False,,,,,-1.0,False
1876,Consumer Cyclical,Apparel Retail,BURL,ANF,0.2874062407499073,0.2874062407499073,0.0212759660761687,False,,,,,-1.0,False
1877,Consumer Cyclical,Apparel Retail,BURL,AEO,0.6011259083568018,0.421739273191318,0.06544266326683,False,,,,,-1.0,False
1878,Consumer Cyclical,Apparel Retail,BURL,BKE,0.0903248423407437,0.0903248423407437,0.0196349051020842,False,,,,,-1.0,False
1879,Consumer Cyclical,Apparel Retail,BURL,CRI,0.2990439319639728,0.2573293230736113,0.0171927744215422,False,,,,,-1.0,False
1880,Consumer Cyclical,Apparel Retail,LULU,GAP,0.3699188646395782,0.2919220268269571,0.0325124769043796,False,,,,,-1.0,False
1881,Consumer Cyclical,Apparel Retail,LULU,URBN,0.3439580998858286,0.3002694766190392,0.0235455859715796,False,,,,,-1.0,False
1882,Consumer Cyclical,Apparel Retail,LULU,BOOT,0.2482781475533092,0.2213587635413962,0.0161409923586096,False,,,,,-1.0,False
1883,Consumer Cyclical,Apparel Retail,LULU,ANF,0.4050785375811318,0.3456582317327012,0.0378762747167888,False,,,,,-1.0,False
1884,Consumer Cyclical,Apparel Retail,LULU,AEO,0.345303458601785,0.345303458601785,0.0288071803287017,False,,,,,-1.0,False
1885,Consumer Cyclical,Apparel Retail,LULU,BKE,0.2942098331960724,0.2605610898860909,0.0269443777532053,False,,,,,-1.0,False
1886,Consumer Cyclical,Apparel Retail,LULU,CRI,0.3973729096099008,0.3476945715168017,0.0171817466201126,False,,,,,-1.0,False
1887,Consumer Cyclical,Apparel Retail,GAP,URBN,0.5363310408860619,0.5198086936431427,0.0109101441961965,False,,,,,-1.0,False
1888,Consumer Cyclical,Apparel Retail,GAP,BOOT,0.4315812247064657,0.3786926982242994,0.0218432644880523,False,,,,,-1.0,False
1889,Consumer Cyclical,Apparel Retail,GAP,ANF,0.5288114740210205,0.5288114740210205,0.0078319971970435,False,,,,,-1.0,False
1890,Consumer Cyclical,Apparel Retail,GAP,BKE,0.3480232867335232,0.3333404311091599,0.0109815823641743,False,,,,,-1.0,False
1891,Consumer Cyclical,Apparel Retail,GAP,CRI,0.4160678150852304,0.3710096510286339,0.0222184040780877,False,,,,,-1.0,False
1892,Consumer Cyclical,Apparel Retail,URBN,BOOT,0.4895118136082692,0.4895118136082692,0.0103132801495888,False,,,,,-1.0,False
1893,Consumer Cyclical,Apparel Retail,URBN,ANF,0.5215349388172466,0.5117966888658584,0.0104606801546155,False,,,,,-1.0,False
1894,Consumer Cyclical,Apparel Retail,URBN,AEO,0.4845363637235366,0.4792353239074761,0.0162693297612287,False,,,,,-1.0,False
1895,Consumer Cyclical,Apparel Retail,URBN,BKE,0.3893709544820223,0.3865875064505359,0.008727586492878,False,,,,,-1.0,False
1896,Consumer Cyclical,Apparel Retail,URBN,CRI,0.4242084100143176,0.4155286609201959,0.0089398703376715,False,,,,,-1.0,False
1897,Consumer Cyclical,Apparel Retail,BOOT,ANF,0.3030247757143475,0.3030247757143475,0.0153220464304125,False,,,,,-1.0,False
1898,Consumer Cyclical,Apparel Retail,BOOT,AEO,0.2436820385149421,0.2436820385149421,0.0324038691186683,False,,,,,-1.0,False
1899,Consumer Cyclical,Apparel Retail,BOOT,BKE,0.431512826034824,0.431512826034824,0.0102521054999365,False,,,,,-1.0,False
1900,Consumer Cyclical,Apparel Retail,BOOT,CRI,0.3583247217788672,0.2883374461839036,0.0204549072222269,False,,,,,-1.0,False
1901,Consumer Cyclical,Apparel Retail,ANF,AEO,0.5117358966136144,0.4898043750686377,0.0181875055730432,False,,,,,-1.0,False
1902,Consumer Cyclical,Apparel Retail,ANF,BKE,0.4483685385143251,0.3998486957495305,0.0216712656856489,False,,,,,-1.0,False
1903,Consumer Cyclical,Apparel Retail,ANF,CRI,0.4609329298002248,0.441857962336168,0.0133232152090049,False,,,,,-1.0,False
1904,Consumer Cyclical,Apparel Retail,AEO,BKE,0.1863150533806485,0.1767468344292932,0.0066354871164522,False,,,,,-1.0,False
1905,Consumer Cyclical,Apparel Retail,AEO,CRI,0.4264956025973971,0.3570080240722793,0.0294353929626084,False,,,,,-1.0,False
1906,Consumer Cyclical,Apparel Retail,BKE,CRI,0.3727540527953427,0.3455796743115631,0.0174540370362207,False,,,,,-1.0,False
1907,Consumer Cyclical,Travel Services,BKNG,ABNB,0.6206800399167755,0.5393547146585518,0.0361581641190677,False,,,,,-1.0,False
1908,Consumer Cyclical,Travel Services,BKNG,RCL,0.4995938474947884,0.3948856360374375,0.0420463736015945,False,,,,,-1.0,False
1909,Consumer Cyclical,Travel Services,BKNG,VIK,0.2804678074534811,0.2804678074534811,0.0206122694070901,False,,,,,-1.0,False
1910,Consumer Cyclical,Travel Services,BKNG,CCL,0.4705725888094053,0.3937027952342544,0.0300319652533358,False,,,,,-1.0,False
1911,Consumer Cyclical,Travel Services,BKNG,NCLH,0.5019930013767492,0.460409412547007,0.0253444126742778,False,,,,,-1.0,False
1912,Consumer Cyclical,Travel Services,BKNG,GBTG,-0.0535332097685825,-0.0535332097685825,0.0205222095036556,False,,,,,-1.0,False
1913,Consumer Cyclical,Travel Services,BKNG,MMYT,0.5733088995473038,0.5619767278806019,0.0229573045771861,False,,,,,-1.0,False
1914,Consumer Cyclical,Travel Services,BKNG,TNL,0.5078664174289437,0.4566363144984687,0.0190092814585185,False,,,,,-1.0,False
1915,Consumer Cyclical,Travel Services,ABNB,RCL,0.4198808963904467,0.4198808963904467,0.0336457107461229,False,,,,,-1.0,False
1916,Consumer Cyclical,Travel Services,ABNB,VIK,0.2306222747653081,0.2306222747653081,0.0674256401378802,False,,,,,-1.0,False
1917,Consumer Cyclical,Travel Services,ABNB,CCL,0.5228122946005503,0.5164846924724904,0.0140897580681846,False,,,,,-1.0,False
1918,Consumer Cyclical,Travel Services,ABNB,EXPE,0.6626018969037976,0.5174321630094643,0.0528084742998768,False,,,,,-1.0,False
1919,Consumer Cyclical,Travel Services,ABNB,NCLH,0.5027009365622904,0.5027009365622904,0.0321149520161656,False,,,,,-1.0,False
1920,Consumer Cyclical,Travel Services,ABNB,GBTG,-0.0798168492068219,-0.0798168492068219,0.0265498163438132,False,,,,,-1.0,False
1921,Consumer Cyclical,Travel Services,ABNB,MMYT,0.6445120074189402,0.5339792554456956,0.0367805007498107,False,,,,,-1.0,False
1922,Consumer Cyclical,Travel Services,ABNB,TNL,0.2150520992205366,0.2150520992205366,0.0262110010025761,False,,,,,-1.0,False
1923,Consumer Cyclical,Travel Services,RCL,VIK,0.6099805589459911,0.6099805589459911,0.0297017610167666,False,,,,,-1.0,False
1924,Consumer Cyclical,Travel Services,RCL,EXPE,0.4357317283200961,0.3277137288436372,0.0544256978287343,False,,,,,-1.0,False
1925,Consumer Cyclical,Travel Services,RCL,GBTG,-0.0788459628704292,-0.0788459628704292,0.0142118032948403,False,,,,,-1.0,False
1926,Consumer Cyclical,Travel Services,RCL,MMYT,0.4484100213340656,0.421090869473156,0.0478461576548904,False,,,,,-1.0,False
1927,Consumer Cyclical,Travel Services,RCL,TNL,0.4291691110642244,0.4291691110642244,0.0187482672527166,False,,,,,-1.0,False
1928,Consumer Cyclical,Travel Services,VIK,CCL,0.6321281740146611,0.6321281740146611,0.0345784140037808,False,,,,,-1.0,False
1929,Consumer Cyclical,Travel Services,VIK,EXPE,0.2942404102561588,0.2916118832034364,0.027265213882552,False,,,,,-1.0,False
1930,Consumer Cyclical,Travel Services,VIK,NCLH,0.5423440734201924,0.5423440734201924,0.029968278334406,False,,,,,-1.0,False
1931,Consumer Cyclical,Travel Services,VIK,GBTG,-0.1366200597002707,-0.1366200597002707,0.0245360175062304,False,,,,,-1.0,False
1932,Consumer Cyclical,Travel Services,VIK,MMYT,0.3763460401574872,0.3692527865181523,0.0619182424872256,False,,,,,-1.0,False
1933,Consumer Cyclical,Travel Services,VIK,TNL,0.4673492784166511,0.4673492784166511,0.0305728117629175,False,,,,,-1.0,False
1934,Consumer Cyclical,Travel Services,CCL,EXPE,0.4299319529478482,0.3119356768324397,0.0433423964704538,False,,,,,-1.0,False
1935,Consumer Cyclical,Travel Services,CCL,GBTG,-0.1092643543904204,-0.1092643543904204,0.0143280498083235,False,,,,,-1.0,False
1936,Consumer Cyclical,Travel Services,CCL,MMYT,0.5190586328055468,0.4903321724315648,0.0246260005180766,False,,,,,-1.0,False
1937,Consumer Cyclical,Travel Services,CCL,TNL,0.5603283087717272,0.5603283087717272,0.0105312181967384,False,,,,,-1.0,False
1938,Consumer Cyclical,Travel Services,EXPE,NCLH,0.4829962059271334,0.391693937600449,0.0422163077433427,False,,,,,-1.0,False
1939,Consumer Cyclical,Travel Services,EXPE,GBTG,-0.0417398769437979,-0.0417398769437979,0.018019727107514,False,,,,,-1.0,False
1940,Consumer Cyclical,Travel Services,EXPE,MMYT,0.4974412273746556,0.4455464709544476,0.0216780064969595,False,,,,,-1.0,False
1941,Consumer Cyclical,Travel Services,EXPE,TNL,0.3687698115374832,0.3034744714583259,0.0238239225970322,False,,,,,-1.0,False
1942,Consumer Cyclical,Travel Services,NCLH,GBTG,-0.315090719641576,-0.315090719641576,0.0276369419694308,False,,,,,-1.0,False
1943,Consumer Cyclical,Travel Services,NCLH,MMYT,0.4537258460721451,0.4537258460721451,0.033933729132788,False,,,,,-1.0,False
1944,Consumer Cyclical,Travel Services,NCLH,TNL,0.4727245028723263,0.4727245028723263,0.0338184288534956,False,,,,,-1.0,False
1945,Consumer Cyclical,Travel Services,GBTG,MMYT,-0.0528711131419725,-0.0561137879007175,0.020967294593844,False,,,,,-1.0,False
1946,Consumer Cyclical,Travel Services,GBTG,TNL,-0.0482878346373379,-0.0482878346373379,0.0139537626494605,False,,,,,-1.0,False
1947,Consumer Cyclical,Travel Services,MMYT,TNL,0.3329001982598809,0.3329001982598809,0.0305488998191028,False,,,,,-1.0,False
1948,Consumer Cyclical,Lodging,MAR,WH,0.3713080320932229,0.3508440406422942,0.0158220726166362,False,,,,,-1.0,False
1949,Consumer Cyclical,Lodging,MAR,CHH,0.2382665910919185,0.2373450816424035,0.0064606602670324,False,,,,,-1.0,False
1950,Consumer Cyclical,Lodging,HLT,WH,0.346909668005202,0.3132204477657696,0.0233779965253944,False,,,,,-1.0,False
1951,Consumer Cyclical,Lodging,HLT,CHH,0.187440633351979,0.187440633351979,0.0119599713626682,False,,,,,-1.0,False
1952,Consumer Cyclical,Lodging,H,WH,0.3746900379086783,0.3506650401084387,0.0132576001470708,False,,,,,-1.0,False
1953,Consumer Cyclical,Lodging,H,CHH,0.2142771534897099,0.2142771534897099,0.0047903739193797,False,,,,,-1.0,False
1954,Consumer Cyclical,Auto Parts (1),ORLY,AZO,0.6817238082126605,0.5866455194031843,0.0341723597372811,False,,,,,-1.0,False
1955,Consumer Cyclical,Auto Parts (1),ORLY,GPC,0.2327587920839965,0.2251843305853523,0.05395881316304,False,,,,,-1.0,False
1956,Consumer Cyclical,Auto Parts (1),ORLY,MOD,-0.0711293303170477,-0.1378664555291293,0.0215395992276916,False,,,,,-1.0,False
1957,Consumer Cyclical,Auto Parts (1),ORLY,LKQ,0.3621131461077957,0.357637597737359,0.0258039554881679,False,,,,,-1.0,False
1958,Consumer Cyclical,Auto Parts (1),ORLY,DORM,0.2259642236665793,0.158872871263795,0.0272604014536311,False,,,,,-1.0,False
1959,Consumer Cyclical,Auto Parts (1),ORLY,AAP,0.5382205772867158,0.4535739258553521,0.0319525586170283,False,,,,,-1.0,False
1960,Consumer Cyclical,Auto Parts (1),ORLY,GT,0.0846659546385976,0.0846659546385976,0.0747807887582605,False,,,,,-1.0,False
1961,Consumer Cyclical,Auto Parts (1),AZO,GPC,0.3085215350620006,0.2719437477722817,0.0556409764621636,False,,,,,-1.0,False
1962,Consumer Cyclical,Auto Parts (1),AZO,MOD,-0.1863237497155251,-0.1906345340057275,0.0532668296269409,False,,,,,-1.0,False
1963,Consumer Cyclical,Auto Parts (1),AZO,LKQ,0.3134745734010248,0.2837705608924734,0.0130632253032876,False,,,,,-1.0,False
1964,Consumer Cyclical,Auto Parts (1),AZO,DORM,0.2449540740432767,0.1820946287491908,0.030571189246399,False,,,,,-1.0,False
1965,Consumer Cyclical,Auto Parts (1),AZO,AAP,0.5345125315014825,0.453112470750655,0.028122725161573,False,,,,,-1.0,False
1966,Consumer Cyclical,Auto Parts (1),AZO,GT,0.0912649990625558,0.0846327316259306,0.0597457802235961,False,,,,,-1.0,False
1967,Consumer Cyclical,Auto Parts (1),GPC,MOD,0.0581070077404746,0.0581070077404746,0.0968957246724502,False,,,,,-1.0,False
1968,Consumer Cyclical,Auto Parts (1),GPC,LKQ,0.5391775302021778,0.516743331820257,0.0264576105180837,False,,,,,-1.0,False
1969,Consumer Cyclical,Auto Parts (1),GPC,DORM,0.4729202951257293,0.4516410559682319,0.0160987918583882,False,,,,,-1.0,False
1970,Consumer Cyclical,Auto Parts (1),GPC,AAP,0.4082897463367464,0.4082897463367464,0.0643270154440053,False,,,,,-1.0,False
1971,Consumer Cyclical,Auto Parts (1),GPC,GT,0.4214034625616921,0.4120304142944203,0.0300493204329851,False,,,,,-1.0,False
1972,Consumer Cyclical,Auto Parts (1),MOD,LKQ,0.07657335201732,0.07657335201732,0.0354577111702975,False,,,,,-1.0,False
1973,Consumer Cyclical,Auto Parts (1),MOD,DORM,0.296995567921395,0.296995567921395,0.0525653158482708,False,,,,,-1.0,False
1974,Consumer Cyclical,Auto Parts (1),MOD,AAP,-0.0392683988752197,-0.0518255421253337,0.0376661079691488,False,,,,,-1.0,False
1975,Consumer Cyclical,Auto Parts (1),MOD,GT,0.0041324350317359,0.0041324350317359,0.0618141401850941,False,,,,,-1.0,False
1976,Consumer Cyclical,Auto Parts (1),LKQ,DORM,0.456730442503599,0.4406273107435013,0.0183915754949521,False,,,,,-1.0,False
1977,Consumer Cyclical,Auto Parts (1),LKQ,AAP,0.4283185127632455,0.4283185127632455,0.0366370871759423,False,,,,,-1.0,False
1978,Consumer Cyclical,Auto Parts (1),LKQ,GT,0.3780045402297561,0.3780045402297561,0.0305863109475488,False,,,,,-1.0,False
1979,Consumer Cyclical,Auto Parts (1),DORM,AAP,0.286851236603713,0.286851236603713,0.0305238291654782,False,,,,,-1.0,False
1980,Consumer Cyclical,Auto Parts (1),DORM,GT,0.4745906640966454,0.4504809431994666,0.0240862934048092,False,,,,,-1.0,False
1981,Consumer Cyclical,Auto Parts (1),AAP,GT,0.3162521028031922,0.3162521028031922,0.0732027666571159,False,,,,,-1.0,False
1982,Consumer Cyclical,Auto Parts (2),BWA,ALSN,0.4219683012912766,0.4219683012912766,0.0178353454056271,False,,,,,-1.0,False
1983,Consumer Cyclical,Auto Parts (2),BWA,GTX,0.6158863062371257,0.5427058938158293,0.0295040049767224,False,,,,,-1.0,False
1984,Consumer Cyclical,Auto Parts (2),BWA,QS,0.3867299309861725,0.3867299309861725,0.0162328327253979,False,,,,,-1.0,False
1985,Consumer Cyclical,Auto Parts (2),BWA,ATMU,0.346775485791,0.3296411900161265,0.0145509985661818,False,,,,,-1.0,False
1986,Consumer Cyclical,Auto Parts (2),BWA,DAN,0.4659940703482207,0.4183601788221587,0.0239498928952088,False,,,,,-1.0,False
1987,Consumer Cyclical,Auto Parts (2),BWA,PHIN,0.601787723847885,0.5853252683258521,0.0146740860994131,False,,,,,-1.0,False
1988,Consumer Cyclical,Auto Parts (2),ALSN,GTX,0.4265790221327382,0.4265790221327382,0.0310965274481073,False,,,,,-1.0,False
1989,Consumer Cyclical,Auto Parts (2),ALSN,QS,0.0745791838076064,0.0745791838076064,0.0375949228552477,False,,,,,-1.0,False
1990,Consumer Cyclical,Auto Parts (2),ALSN,ATMU,0.5196422313190593,0.512830900798089,0.005406536266647,False,,,,,-1.0,False
1991,Consumer Cyclical,Auto Parts (2),ALSN,DAN,0.3915274877942705,0.3915274877942705,0.0184915283207744,False,,,,,-1.0,False
1992,Consumer Cyclical,Auto Parts (2),ALSN,PHIN,0.4305258424702863,0.4305258424702863,0.0315271924626916,False,,,,,-1.0,False
1993,Consumer Cyclical,Auto Parts (2),GTX,QS,0.3300294737251267,0.3194418379234782,0.0036802343490143,False,,,,,-1.0,False
1994,Consumer Cyclical,Auto Parts (2),GTX,ATMU,0.3863699917154604,0.3735673984317768,0.0116886545118364,False,,,,,-1.0,False
1995,Consumer Cyclical,Auto Parts (2),GTX,DAN,0.2526515919980163,0.1944617264527132,0.0283221805708391,False,,,,,-1.0,False
1996,Consumer Cyclical,Auto Parts (2),GTX,PHIN,0.4035206023269499,0.3579791736594447,0.0225603801269011,False,,,,,-1.0,False
1997,Consumer Cyclical,Auto Parts (2),QS,ATMU,0.0117401631266128,0.0117401631266128,0.0447736861938498,False,,,,,-1.0,False
1998,Consumer Cyclical,Auto Parts (2),QS,DAN,0.0902427495973119,0.0902427495973119,0.0274504831455,False,,,,,-1.0,False
1999,Consumer Cyclical,Auto Parts (2),QS,PHIN,0.1180642706281953,0.1180642706281953,0.0339644979145509,False,,,,,-1.0,False
2000,Consumer Cyclical,Auto Parts (2),ATMU,DAN,0.3360528654924376,0.3332137545518336,0.0130913512543813,False,,,,,-1.0,False
2001,Consumer Cyclical,Auto Parts (2),ATMU,PHIN,0.3811271398077321,0.3716351138949955,0.0096868998560152,False,,,,,-1.0,False
2002,Consumer Cyclical,Auto Parts (2),DAN,PHIN,0.5148375117771751,0.5056583998595108,0.0144195860970163,False,,,,,-1.0,False
2003,Consumer Cyclical,Auto Parts (3),APTV,ALV,0.4275945625757227,0.373202497842817,0.0178812553845466,False,,,,,-1.0,False
2004,Consumer Cyclical,Auto Parts (3),APTV,LEA,0.4898333120220038,0.4456205802786948,0.0161341661078456,False,,,,,-1.0,False
2005,Consumer Cyclical,Auto Parts (3),APTV,GNTX,0.5389689381800826,0.4876091478348354,0.0175478624739634,False,,,,,-1.0,False
2006,Consumer Cyclical,Auto Parts (3),APTV,VC,0.3619685888639493,0.3002024250229164,0.019963065091753,False,,,,,-1.0,False
2007,Consumer Cyclical,Auto Parts (3),APTV,ADNT,0.3943867176934288,0.326247729442108,0.0240467040616699,False,,,,,-1.0,False
2008,Consumer Cyclical,Auto Parts (3),ALV,GNTX,0.6132690223586332,0.6098571746567947,0.0130514798388325,False,,,,,-1.0,False
2009,Consumer Cyclical,Auto Parts (3),ALV,VC,0.6142756870112608,0.6033541675491682,0.0250083894020037,False,,,,,-1.0,False
2010,Consumer Cyclical,Auto Parts (3),LEA,GNTX,0.6382511603136766,0.6382511603136766,0.0093458898700119,False,,,,,-1.0,False
2011,Consumer Cyclical,Auto Parts (3),LEA,VC,0.6065614951766929,0.579260558805336,0.0259120116363383,False,,,,,-1.0,False
2012,Consumer Cyclical,Auto Parts (3),GNTX,VC,0.5247422118157763,0.5245559513685237,0.046126768791868,False,,,,,-1.0,False
2013,Consumer Cyclical,Auto Parts (3),GNTX,ADNT,0.5667322912258587,0.5575644685951155,0.0175462091286192,False,,,,,-1.0,False
2014,Consumer Cyclical,Auto Parts (3),VC,ADNT,0.586537769978321,0.5054736676012335,0.0346158753716334,False,,,,,-1.0,False
2015,Consumer Cyclical,Auto & Truck Dealerships,CVNA,PAG,0.3194724317941018,0.3194724317941018,0.064022831365575,False,,,,,-1.0,False
2016,Consumer Cyclical,Auto & Truck Dealerships,CVNA,AN,0.3074600620087585,0.3074600620087585,0.0240925324792894,False,,,,,-1.0,False
2017,Consumer Cyclical,Auto & Truck Dealerships,CVNA,LAD,0.4372616675402201,0.4372616675402201,0.0293164960196878,False,,,,,-1.0,False
2018,Consumer Cyclical,Auto & Truck Dealerships,CVNA,KMX,0.1822370344651049,0.1822370344651049,0.0407720451204321,False,,,,,-1.0,False
2019,Consumer Cyclical,Auto & Truck Dealerships,CVNA,RUSHA,0.3081428283422748,0.2822046140896238,0.0148816124583938,False,,,,,-1.0,False
2020,Consumer Cyclical,Auto & Truck Dealerships,CVNA,VVV,0.2259760519229214,0.2259760519229214,0.0366174949680061,False,,,,,-1.0,False
2021,Consumer Cyclical,Auto & Truck Dealerships,CVNA,GPI,0.3548966716760742,0.2711971183988038,0.0312309850568875,False,,,,,-1.0,False
2022,Consumer Cyclical,Auto & Truck Dealerships,CVNA,ABG,0.3581007085847222,0.3494388589700007,0.0178015345568253,False,,,,,-1.0,False
2023,Consumer Cyclical,Auto & Truck Dealerships,CVNA,CARG,0.3612426769063964,0.229851231949036,0.0432346092986881,False,,,,,-1.0,False
2024,Consumer Cyclical,Auto & Truck Dealerships,CVNA,SAH,0.2719067999218594,0.2639444632455774,0.0128119828653938,False,,,,,-1.0,False
2025,Consumer Cyclical,Auto & Truck Dealerships,CVNA,DRVN,0.2914892929064439,0.2879372761273424,0.0113663610209592,False,,,,,-1.0,False
2026,Consumer Cyclical,Auto & Truck Dealerships,PAG,KMX,0.3251378295419658,0.3251378295419658,0.0235833088840139,False,,,,,-1.0,False
2027,Consumer Cyclical,Auto & Truck Dealerships,PAG,RUSHA,0.4106585342615944,0.4106585342615944,0.0104813346425635,False,,,,,-1.0,False
2028,Consumer Cyclical,Auto & Truck Dealerships,PAG,VVV,0.3874162833188979,0.3874162833188979,0.0320010056403904,False,,,,,-1.0,False
2029,Consumer Cyclical,Auto & Truck Dealerships,PAG,CARG,0.0476403841085643,0.0476403841085643,0.0309450248632891,False,,,,,-1.0,False
2030,Consumer Cyclical,Auto & Truck Dealerships,PAG,SAH,0.6747481703420364,0.6332724951757682,0.0160941516396699,False,,,,,-1.0,False
2031,Consumer Cyclical,Auto & Truck Dealerships,PAG,DRVN,0.2153591810787003,0.2153591810787003,0.0346939251066495,False,,,,,-1.0,False
2032,Consumer Cyclical,Auto & Truck Dealerships,AN,KMX,0.380421027998772,0.380421027998772,0.0115861210574904,False,,,,,-1.0,False
2033,Consumer Cyclical,Auto & Truck Dealerships,AN,RUSHA,0.5835108373625014,0.5533884054119046,0.0222560023861478,False,,,,,-1.0,False
2034,Consumer Cyclical,Auto & Truck Dealerships,AN,VVV,0.52236966408513,0.52236966408513,0.0145592460197579,False,,,,,-1.0,False
2035,Consumer Cyclical,Auto & Truck Dealerships,AN,CARG,0.2235312451810204,0.1802884317739567,0.0220877363568085,False,,,,,-1.0,False
2036,Consumer Cyclical,Auto & Truck Dealerships,AN,DRVN,0.2898987687106791,0.2898987687106791,0.0230379322493543,False,,,,,-1.0,False
2037,Consumer Cyclical,Auto & Truck Dealerships,LAD,KMX,0.3809238322067233,0.3809238322067233,0.0240160505176384,False,,,,,-1.0,False
2038,Consumer Cyclical,Auto & Truck Dealerships,LAD,RUSHA,0.4280563790072171,0.4027288160436651,0.0283839077205458,False,,,,,-1.0,False
2039,Consumer Cyclical,Auto & Truck Dealerships,LAD,VVV,0.458215314541868,0.458215314541868,0.0097342179851505,False,,,,,-1.0,False
2040,Consumer Cyclical,Auto & Truck Dealerships,LAD,GPI,0.7245363376350905,0.5961627073431469,0.0450462902733692,False,,,,,-1.0,False
2041,Consumer Cyclical,Auto & Truck Dealerships,LAD,CARG,0.3141565282787765,0.178667594846681,0.0462273282857603,False,,,,,-1.0,False
2042,Consumer Cyclical,Auto & Truck Dealerships,LAD,SAH,0.5678225608476846,0.5018889679661003,0.0215725609252044,False,,,,,-1.0,False
2043,Consumer Cyclical,Auto & Truck Dealerships,LAD,DRVN,0.2554095062605945,0.2554095062605945,0.044628439469672,False,,,,,-1.0,False
2044,Consumer Cyclical,Auto & Truck Dealerships,KMX,RUSHA,0.2946668980673071,0.2946668980673071,0.0220186277196192,False,,,,,-1.0,False
2045,Consumer Cyclical,Auto & Truck Dealerships,KMX,VVV,0.3439033593215296,0.3416292404715887,0.0034219941133798,False,,,,,-1.0,False
2046,Consumer Cyclical,Auto & Truck Dealerships,KMX,GPI,0.3638153082906178,0.3572082090244795,0.0158653171275107,False,,,,,-1.0,False
2047,Consumer Cyclical,Auto & Truck Dealerships,KMX,ABG,0.3320419791538441,0.3320419791538441,0.0269986986344673,False,,,,,-1.0,False
2048,Consumer Cyclical,Auto & Truck Dealerships,KMX,CARG,0.0399772182081189,-0.0347338627119802,0.0260354670073696,False,,,,,-1.0,False
2049,Consumer Cyclical,Auto & Truck Dealerships,KMX,SAH,0.3799524220983736,0.3799524220983736,0.0149919478169624,False,,,,,-1.0,False
2050,Consumer Cyclical,Auto & Truck Dealerships,KMX,DRVN,0.041237315046415,0.041237315046415,0.0359041397859097,False,,,,,-1.0,False
2051,Consumer Cyclical,Auto & Truck Dealerships,RUSHA,VVV,0.4790976415134511,0.4790976415134511,0.0239635479837325,False,,,,,-1.0,False
2052,Consumer Cyclical,Auto & Truck Dealerships,RUSHA,GPI,0.5606954716206402,0.5134424578145984,0.0287384237641463,False,,,,,-1.0,False
2053,Consumer Cyclical,Auto & Truck Dealerships,RUSHA,ABG,0.6205277781327839,0.551791165716934,0.0267898800422328,False,,,,,-1.0,False
2054,Consumer Cyclical,Auto & Truck Dealerships,RUSHA,CARG,0.1139119283449146,0.0427269425774108,0.02270985889285,False,,,,,-1.0,False
2055,Consumer Cyclical,Auto & Truck Dealerships,RUSHA,SAH,0.5351462400867284,0.5036336215692105,0.0177545632437043,False,,,,,-1.0,False
2056,Consumer Cyclical,Auto & Truck Dealerships,RUSHA,DRVN,0.3263511249538876,0.3260023053425371,0.0108133003272897,False,,,,,-1.0,False
2057,Consumer Cyclical,Auto & Truck Dealerships,VVV,GPI,0.4402164229219,0.4402164229219,0.0193559281417486,False,,,,,-1.0,False
2058,Consumer Cyclical,Auto & Truck Dealerships,VVV,ABG,0.4927424197011003,0.4431144473200663,0.0276992936291466,False,,,,,-1.0,False
2059,Consumer Cyclical,Auto & Truck Dealerships,VVV,CARG,0.1748670211960351,0.1044245907733193,0.0249325370151061,False,,,,,-1.0,False
2060,Consumer Cyclical,Auto & Truck Dealerships,VVV,SAH,0.4588382471107303,0.4542519784921585,0.0128737344506155,False,,,,,-1.0,False
2061,Consumer Cyclical,Auto & Truck Dealerships,VVV,DRVN,0.3685802445784677,0.3640383795138113,0.0249949584119534,False,,,,,-1.0,False
2062,Consumer Cyclical,Auto & Truck Dealerships,GPI,CARG,0.215730550076072,0.1278833377556706,0.0323876112908788,False,,,,,-1.0,False
2063,Consumer Cyclical,Auto & Truck Dealerships,GPI,SAH,0.7265380667736099,0.6024005029307188,0.0459002004784153,False,,,,,-1.0,False
2064,Consumer Cyclical,Auto & Truck Dealerships,GPI,DRVN,0.2486389424850869,0.2411309340341644,0.0239084706872847,False,,,,,-1.0,False
2065,Consumer Cyclical,Auto & Truck Dealerships,ABG,CARG,0.351609703723783,0.2763108020746371,0.0306024452581132,False,,,,,-1.0,False
2066,Consumer Cyclical,Auto & Truck Dealerships,ABG,SAH,0.662747419801545,0.6027573159687145,0.0202989915440405,False,,,,,-1.0,False
2067,Consumer Cyclical,Auto & Truck Dealerships,ABG,DRVN,0.2622968107075906,0.2622968107075906,0.0154476426310752,False,,,,,-1.0,False
2068,Consumer Cyclical,Auto & Truck Dealerships,CARG,SAH,0.1858560550317609,0.091366104205208,0.0361840709679661,False,,,,,-1.0,False
2069,Consumer Cyclical,Auto & Truck Dealerships,CARG,DRVN,0.1948067815967597,0.1569055064928817,0.0202208202553135,False,,,,,-1.0,False
2070,Consumer Cyclical,Auto & Truck Dealerships,SAH,DRVN,0.3102361294439538,0.3102361294439538,0.034945187961454,False,,,,,-1.0,False
2071,Consumer Cyclical,Footwear & Accessories,NKE,DECK,0.4782040406151809,0.3264953323745682,0.0537258345013803,False,,,,,-1.0,False
2072,Consumer Cyclical,Footwear & Accessories,NKE,ONON,0.5253817021080165,0.2695482519575388,0.0881401439684352,False,,,,,-1.0,False
2073,Consumer Cyclical,Footwear & Accessories,NKE,BIRK,0.3299259215637774,0.262510323172953,0.0215209888819936,False,,,,,-1.0,False
2074,Consumer Cyclical,Footwear & Accessories,NKE,CROX,0.4620440909810601,0.3340013252304468,0.0437761775482044,False,,,,,-1.0,False
2075,Consumer Cyclical,Footwear & Accessories,NKE,SHOO,0.350726854282464,0.2346017835831876,0.0487889596866517,False,,,,,-1.0,False
2076,Consumer Cyclical,Footwear & Accessories,DECK,ONON,0.5782577323417848,0.5782577323417848,0.0234681293040441,False,,,,,-1.0,False
2077,Consumer Cyclical,Footwear & Accessories,DECK,BIRK,0.5315295731478433,0.5219582377035711,0.0091345112446855,False,,,,,-1.0,False
2078,Consumer Cyclical,Footwear & Accessories,DECK,CROX,0.5961950022774563,0.5456647089958676,0.0184831190346798,False,,,,,-1.0,False
2079,Consumer Cyclical,Footwear & Accessories,DECK,SHOO,0.6241350961552271,0.6241350961552271,0.0257149608329253,False,,,,,-1.0,False
2080,Consumer Cyclical,Footwear & Accessories,ONON,BIRK,0.3413020731367305,0.3198620702641551,0.0153509255577377,False,,,,,-1.0,False
2081,Consumer Cyclical,Footwear & Accessories,ONON,CROX,0.4823386995909563,0.3706183192332535,0.043432093187946,False,,,,,-1.0,False
2082,Consumer Cyclical,Footwear & Accessories,ONON,SHOO,0.4301535414431795,0.3841940127513928,0.025758335616085,False,,,,,-1.0,False
2083,Consumer Cyclical,Footwear & Accessories,BIRK,CROX,0.5739408006335722,0.5399394277072312,0.013839597585391,False,,,,,-1.0,False
2084,Consumer Cyclical,Footwear & Accessories,BIRK,SHOO,0.2758019407745902,0.2758019407745902,0.0092132826286114,False,,,,,-1.0,False
2085,Consumer Cyclical,Footwear & Accessories,CROX,SHOO,0.5024718743799257,0.4335950638222785,0.0324673447018878,False,,,,,-1.0,False
2086,Consumer Cyclical,Residential Construction,DHI,IBP,0.5301680452174666,0.5301680452174666,0.0093800285439439,False,,,,,-1.0,False
2087,Consumer Cyclical,Residential Construction,DHI,TMHC,0.2481819927257799,0.2481819927257799,0.0393293325034146,False,,,,,-1.0,False
2088,Consumer Cyclical,Residential Construction,DHI,CVCO,0.5979161682978879,0.5895351220130814,0.0063415318839888,False,,,,,-1.0,False
2089,Consumer Cyclical,Residential Construction,PHM,IBP,0.5009207365921693,0.4963494242635707,0.0068070547232157,False,,,,,-1.0,False
2090,Consumer Cyclical,Residential Construction,PHM,TMHC,0.2504561873370802,0.2504561873370802,0.0399030171728828,False,,,,,-1.0,False
2091,Consumer Cyclical,Residential Construction,LEN,IBP,0.5104150147708358,0.4794168714711423,0.0123540853374417,False,,,,,-1.0,False
2092,Consumer Cyclical,Residential Construction,LEN,TMHC,0.3035466583869571,0.3035466583869571,0.0241474233515872,False,,,,,-1.0,False
2093,Consumer Cyclical,Residential Construction,LEN,MTH,0.7635200270596266,0.645050948180523,0.0459755543665089,False,,,,,-1.0,False
2094,Consumer Cyclical,Residential Construction,LEN,CVCO,0.6295198839585969,0.5741014610880744,0.0239310849145692,False,,,,,-1.0,False
2095,Consumer Cyclical,Residential Construction,TOL,IBP,0.486394031245272,0.4817270878271232,0.009602701017454,False,,,,,-1.0,False
2096,Consumer Cyclical,Residential Construction,TOL,TMHC,0.2107227648257232,0.2107227648257232,0.0314962637202154,False,,,,,-1.0,False
2097,Consumer Cyclical,Residential Construction,IBP,TMHC,0.1364339297569776,0.1364339297569776,0.020949608988841,False,,,,,-1.0,False
2098,Consumer Cyclical,Residential Construction,IBP,MTH,0.3565997249250488,0.3514185570632963,0.00503382327939,False,,,,,-1.0,False
2099,Consumer Cyclical,Residential Construction,IBP,SKY,0.5261903878293007,0.5148303877126246,0.0071389573371171,False,,,,,-1.0,False
2100,Consumer Cyclical,Residential Construction,IBP,CVCO,0.4596814214819852,0.4596814214819852,0.0102987981921124,False,,,,,-1.0,False
2101,Consumer Cyclical,Residential Construction,IBP,MHO,0.430485581476648,0.4223565821780655,0.0061735874151524,False,,,,,-1.0,False
2102,Consumer Cyclical,Residential Construction,IBP,KBH,0.3640192773247788,0.3352870994159657,0.0124712450322146,False,,,,,-1.0,False
2103,Consumer Cyclical,Residential Construction,IBP,GRBK,0.4462089703843483,0.442434755113163,0.0099553416032286,False,,,,,-1.0,False
2104,Consumer Cyclical,Residential Construction,TMHC,MTH,0.3884031878120313,0.3884031878120313,0.023158836682824,False,,,,,-1.0,False
2105,Consumer Cyclical,Residential Construction,TMHC,SKY,0.2524932562580245,0.2524932562580245,0.0330258966877116,False,,,,,-1.0,False
2106,Consumer Cyclical,Residential Construction,TMHC,CVCO,0.3114718016237753,0.3114718016237753,0.0274870036410289,False,,,,,-1.0,False
2107,Consumer Cyclical,Residential Construction,TMHC,MHO,0.5601823633618631,0.5601823633618631,0.0385747380772148,False,,,,,-1.0,False
2108,Consumer Cyclical,Residential Construction,TMHC,KBH,0.442893122454269,0.442893122454269,0.0603609574091426,False,,,,,-1.0,False
2109,Consumer Cyclical,Residential Construction,TMHC,GRBK,0.4151876897596184,0.4151876897596184,0.0398595693929915,False,,,,,-1.0,False
2110,Consumer Cyclical,Residential Construction,MTH,SKY,0.641438821823106,0.6119163109906645,0.0124414903066098,False,,,,,-1.0,False
2111,Consumer Cyclical,Residential Construction,MTH,CVCO,0.6186595780377881,0.6186595780377881,0.0082621933490473,False,,,,,-1.0,False
2112,Consumer Cyclical,Residential Construction,CVCO,KBH,0.6296340732843387,0.6276411382209038,0.0117295509380057,False,,,,,-1.0,False
2113,Consumer Cyclical,Resorts & Casinos,LVS,WYNN,0.5563277943258644,0.5563277943258644,0.0206867974275207,False,,,,,-1.0,False
2114,Consumer Cyclical,Resorts & Casinos,LVS,MGM,0.4886919230491909,0.4783373057994598,0.0160341358716464,False,,,,,-1.0,False
2115,Consumer Cyclical,Resorts & Casinos,LVS,BYD,0.4889182084517559,0.4889182084517559,0.0591052396699627,False,,,,,-1.0,False
2116,Consumer Cyclical,Resorts & Casinos,LVS,CZR,0.0606742764821872,0.0606742764821872,0.0301646391336385,False,,,,,-1.0,False
2117,Consumer Cyclical,Resorts & Casinos,LVS,RRR,0.2738067889157672,0.2738067889157672,0.0459925205916442,False,,,,,-1.0,False
2118,Consumer Cyclical,Resorts & Casinos,LVS,MTN,0.4078970241630708,0.310667873085599,0.0379404429530502,False,,,,,-1.0,False
2119,Consumer Cyclical,Resorts & Casinos,LVS,HGV,0.3339474386386845,0.3339474386386845,0.037058274251333,False,,,,,-1.0,False
2120,Consumer Cyclical,Resorts & Casinos,LVS,VAC,0.383257421417748,0.3753157624984257,0.0262891543774672,False,,,,,-1.0,False
2121,Consumer Cyclical,Resorts & Casinos,LVS,PENN,0.1110502111790176,0.1110502111790176,0.0130488031683917,False,,,,,-1.0,False
2122,Consumer Cyclical,Resorts & Casinos,LVS,MCRI,0.036048426114593,0.036048426114593,0.0276029931943438,False,,,,,-1.0,False
2123,Consumer Cyclical,Resorts & Casinos,WYNN,MGM,0.5089264802991327,0.4973283744853105,0.0159960813839572,False,,,,,-1.0,False
2124,Consumer Cyclical,Resorts & Casinos,WYNN,BYD,0.4850750888565572,0.4850750888565572,0.0509131788487678,False,,,,,-1.0,False
2125,Consumer Cyclical,Resorts & Casinos,WYNN,CZR,0.1127330782154922,0.1074756330205763,0.0494218797992584,False,,,,,-1.0,False
2126,Consumer Cyclical,Resorts & Casinos,WYNN,RRR,0.3229942956257702,0.3229942956257702,0.0722190789271066,False,,,,,-1.0,False
2127,Consumer Cyclical,Resorts & Casinos,WYNN,MTN,0.361304153500108,0.291692324628758,0.0362431310307889,False,,,,,-1.0,False
2128,Consumer Cyclical,Resorts & Casinos,WYNN,HGV,0.4980795631995988,0.4980795631995988,0.0272302991553932,False,,,,,-1.0,False
2129,Consumer Cyclical,Resorts & Casinos,WYNN,VAC,0.5261696279448078,0.4943418577408368,0.0174359691614889,False,,,,,-1.0,False
2130,Consumer Cyclical,Resorts & Casinos,WYNN,PENN,0.2583680757114646,0.2583680757114646,0.0463464524231463,False,,,,,-1.0,False
2131,Consumer Cyclical,Resorts & Casinos,WYNN,MCRI,0.0653396550527315,0.0653396550527315,0.0342955876323548,False,,,,,-1.0,False
2132,Consumer Cyclical,Resorts & Casinos,MGM,BYD,0.492401254019342,0.492401254019342,0.0370388570055431,False,,,,,-1.0,False
2133,Consumer Cyclical,Resorts & Casinos,MGM,CZR,0.1675279061946904,0.1675279061946904,0.068447623467405,False,,,,,-1.0,False
2134,Consumer Cyclical,Resorts & Casinos,MGM,RRR,0.1529711981034296,0.1529711981034296,0.0454874282149727,False,,,,,-1.0,False
2135,Consumer Cyclical,Resorts & Casinos,MGM,MTN,0.0428961130019758,0.0428961130019758,0.0410990240609622,False,,,,,-1.0,False
2136,Consumer Cyclical,Resorts & Casinos,MGM,HGV,0.2035480061836688,0.2035480061836688,0.0362806710095041,False,,,,,-1.0,False
2137,Consumer Cyclical,Resorts & Casinos,MGM,VAC,0.4233223608564758,0.4136046134500007,0.0251859704764187,False,,,,,-1.0,False
2138,Consumer Cyclical,Resorts & Casinos,MGM,PENN,0.3959865425532668,0.3959865425532668,0.0310230606054516,False,,,,,-1.0,False
2139,Consumer Cyclical,Resorts & Casinos,MGM,MCRI,0.1813581797325208,0.1807555870363855,0.023622570716651,False,,,,,-1.0,False
2140,Consumer Cyclical,Resorts & Casinos,BYD,CZR,-0.007178033487226,-0.007178033487226,0.0832158103698303,False,,,,,-1.0,False
2141,Consumer Cyclical,Resorts & Casinos,BYD,RRR,0.4378000969609261,0.4378000969609261,0.0448389425562401,False,,,,,-1.0,False
2142,Consumer Cyclical,Resorts & Casinos,BYD,MTN,0.1588698290716621,0.1588698290716621,0.0398515890048217,False,,,,,-1.0,False
2143,Consumer Cyclical,Resorts & Casinos,BYD,HGV,0.4676144684646772,0.4676144684646772,0.0243517350607693,False,,,,,-1.0,False
2144,Consumer Cyclical,Resorts & Casinos,BYD,VAC,0.458092230324129,0.4490452299851071,0.016343348896838,False,,,,,-1.0,False
2145,Consumer Cyclical,Resorts & Casinos,BYD,PENN,0.2993340086998898,0.2963347566852859,0.0191687363685374,False,,,,,-1.0,False
2146,Consumer Cyclical,Resorts & Casinos,BYD,MCRI,0.1363708055949749,0.1292193378220528,0.0230956246128934,False,,,,,-1.0,False
2147,Consumer Cyclical,Resorts & Casinos,CZR,RRR,0.0858426087916748,0.0858426087916748,0.0422283966282284,False,,,,,-1.0,False
2148,Consumer Cyclical,Resorts & Casinos,CZR,MTN,-0.0077553114158975,-0.0077553114158975,0.0663747234741423,False,,,,,-1.0,False
2149,Consumer Cyclical,Resorts & Casinos,CZR,HGV,0.1078981442282022,0.1078981442282022,0.0387652516739264,False,,,,,-1.0,False
2150,Consumer Cyclical,Resorts & Casinos,CZR,VAC,0.2469851509807197,0.2469851509807197,0.0262700658252855,False,,,,,-1.0,False
2151,Consumer Cyclical,Resorts & Casinos,CZR,PENN,0.1285503731063894,0.1285503731063894,0.0304800502192753,False,,,,,-1.0,False
2152,Consumer Cyclical,Resorts & Casinos,CZR,MCRI,0.1205551917726773,0.1205551917726773,0.0274090177892379,False,,,,,-1.0,False
2153,Consumer Cyclical,Resorts & Casinos,RRR,MTN,0.422207330613068,0.4192384061421691,0.0206203770660448,False,,,,,-1.0,False
2154,Consumer Cyclical,Resorts & Casinos,RRR,HGV,0.4821920888936986,0.4821920888936986,0.015672601752054,False,,,,,-1.0,False
2155,Consumer Cyclical,Resorts & Casinos,RRR,VAC,0.4049348314918721,0.4049348314918721,0.0139831266849092,False,,,,,-1.0,False
2156,Consumer Cyclical,Resorts & Casinos,RRR,PENN,0.3808869258158426,0.331185266706462,0.0172973037941367,False,,,,,-1.0,False
2157,Consumer Cyclical,Resorts & Casinos,RRR,MCRI,0.2424686202523593,0.2406523786290999,0.0240999776904415,False,,,,,-1.0,False
2158,Consumer Cyclical,Resorts & Casinos,MTN,HGV,0.3880226658409847,0.3848333429684124,0.0180511353649367,False,,,,,-1.0,False
2159,Consumer Cyclical,Resorts & Casinos,MTN,VAC,0.3613136577444021,0.3414487183830707,0.0250847195510972,False,,,,,-1.0,False
2160,Consumer Cyclical,Resorts & Casinos,MTN,PENN,0.132334750672794,0.1003631365435484,0.0210511724368042,False,,,,,-1.0,False
2161,Consumer Cyclical,Resorts & Casinos,MTN,MCRI,-0.0172783800254297,-0.0172783800254297,0.0277490135848242,False,,,,,-1.0,False
2162,Consumer Cyclical,Resorts & Casinos,HGV,PENN,0.2709394111171971,0.2709394111171971,0.0212943194293007,False,,,,,-1.0,False
2163,Consumer Cyclical,Resorts & Casinos,HGV,MCRI,-0.0300445997915723,-0.0300445997915723,0.0340846343356185,False,,,,,-1.0,False
2164,Consumer Cyclical,Resorts & Casinos,VAC,PENN,0.2967033052226535,0.2915179792186541,0.0058590103022834,False,,,,,-1.0,False
2165,Consumer Cyclical,Resorts & Casinos,VAC,MCRI,-0.1424670714403429,-0.1431896181122521,0.0199736160816994,False,,,,,-1.0,False
2166,Consumer Cyclical,Resorts & Casinos,PENN,MCRI,0.2243293380265325,0.2243293380265325,0.0153236717112189,False,,,,,-1.0,False
2167,Consumer Cyclical,Specialty Retail,CASY,ULTA,-0.0083131862752218,-0.0083131862752218,0.0679811222070517,False,,,,,-1.0,False
2168,Consumer Cyclical,Specialty Retail,CASY,WSM,-0.0883730513942827,-0.0924373795374761,0.0596833188272996,False,,,,,-1.0,False
2169,Consumer Cyclical,Specialty Retail,CASY,DKS,0.124571545460197,0.124571545460197,0.0404858425455359,False,,,,,-1.0,False
2170,Consumer Cyclical,Specialty Retail,CASY,TSCO,-0.0263377560286411,-0.0991055774323495,0.0400135854771179,False,,,,,-1.0,False
2171,Consumer Cyclical,Specialty Retail,CASY,BBY,-0.0533701674048498,-0.0941199238321443,0.0231194869540815,False,,,,,-1.0,False
2172,Consumer Cyclical,Specialty Retail,CASY,FIVE,0.0720045106158735,0.0584468294377755,0.0261355225308042,False,,,,,-1.0,False
2173,Consumer Cyclical,Specialty Retail,CASY,MUSA,0.4919060759495816,0.2331289904937146,0.0902040891621376,False,,,,,-1.0,False
2174,Consumer Cyclical,Specialty Retail,CASY,GME,0.0384751280071878,0.0223752678813169,0.009623500597419,False,,,,,-1.0,False
2175,Consumer Cyclical,Specialty Retail,CASY,BBWI,-0.0581706779522985,-0.0588616126162366,0.0391676742672131,False,,,,,-1.0,False
2176,Consumer Cyclical,Specialty Retail,CASY,ASO,-0.0253005554399834,-0.0759277103046581,0.0416378582651322,False,,,,,-1.0,False
2177,Consumer Cyclical,Specialty Retail,CASY,RH,-0.054495566639529,-0.054495566639529,0.0481979330254728,False,,,,,-1.0,False
2178,Consumer Cyclical,Specialty Retail,CASY,EYE,0.1303324087555112,0.1303324087555112,0.0331166965150628,False,,,,,-1.0,False
2179,Consumer Cyclical,Specialty Retail,CASY,OLPX,-0.0478864865865694,-0.0521277762734235,0.0393937243199259,False,,,,,-1.0,False
2180,Consumer Cyclical,Specialty Retail,ULTA,WSM,0.3811139910775608,0.3639450632430754,0.0083161251299677,False,,,,,-1.0,False
2181,Consumer Cyclical,Specialty Retail,ULTA,DKS,0.3444679893536065,0.2439125191524215,0.0400503697598347,False,,,,,-1.0,False
2182,Consumer Cyclical,Specialty Retail,ULTA,TSCO,0.2833349663955067,0.1957745679108758,0.0280221434590715,False,,,,,-1.0,False
2183,Consumer Cyclical,Specialty Retail,ULTA,BBY,0.3389946516983108,0.1749095850740244,0.068386358991782,False,,,,,-1.0,False
2184,Consumer Cyclical,Specialty Retail,ULTA,FIVE,0.5805052452597981,0.4431259657770771,0.0573662482408357,False,,,,,-1.0,False
2185,Consumer Cyclical,Specialty Retail,ULTA,MUSA,-0.0589315677464272,-0.080161025817968,0.0106686921700804,False,,,,,-1.0,False
2186,Consumer Cyclical,Specialty Retail,ULTA,GME,0.1996870187074392,0.1425725579093964,0.0257282628194675,False,,,,,-1.0,False
2187,Consumer Cyclical,Specialty Retail,ULTA,BBWI,0.32122382211962,0.3094828860754726,0.0127783459163172,False,,,,,-1.0,False
2188,Consumer Cyclical,Specialty Retail,ULTA,ASO,0.4322134941749256,0.2836398674890336,0.0491529617926954,False,,,,,-1.0,False
2189,Consumer Cyclical,Specialty Retail,ULTA,RH,0.3013160785468772,0.3013160785468772,0.0267320631845182,False,,,,,-1.0,False
2190,Consumer Cyclical,Specialty Retail,ULTA,EYE,0.2744085937505686,0.1735317615413824,0.043474654079135,False,,,,,-1.0,False
2191,Consumer Cyclical,Specialty Retail,ULTA,OLPX,-0.0704862685543567,-0.0737692201975822,0.0630647995651909,False,,,,,-1.0,False
2192,Consumer Cyclical,Specialty Retail,WSM,DKS,0.4468023086292329,0.3903371764373509,0.0298319996629317,False,,,,,-1.0,False
2193,Consumer Cyclical,Specialty Retail,WSM,TSCO,0.1250227786627468,0.1040100784345005,0.0293982106700607,False,,,,,-1.0,False
2194,Consumer Cyclical,Specialty Retail,WSM,BBY,0.3585590559232171,0.2878363635137677,0.0305597781374847,False,,,,,-1.0,False
2195,Consumer Cyclical,Specialty Retail,WSM,FIVE,0.2992239304554245,0.2866692745785784,0.0295100434108242,False,,,,,-1.0,False
2196,Consumer Cyclical,Specialty Retail,WSM,MUSA,-0.2993744192146328,-0.3338405852880339,0.0131142714829861,False,,,,,-1.0,False
2197,Consumer Cyclical,Specialty Retail,WSM,GME,0.1688928654141376,0.1632814943028826,0.0172651834005799,False,,,,,-1.0,False
2198,Consumer Cyclical,Specialty Retail,WSM,BBWI,0.3784762448496871,0.3784762448496871,0.0357451470493001,False,,,,,-1.0,False
2199,Consumer Cyclical,Specialty Retail,WSM,ASO,0.359487298137127,0.3457201464601741,0.0253265927563735,False,,,,,-1.0,False
2200,Consumer Cyclical,Specialty Retail,WSM,RH,0.5560141192493955,0.5469886584458888,0.0129973685950063,False,,,,,-1.0,False
2201,Consumer Cyclical,Specialty Retail,WSM,EYE,0.3805706417927924,0.3308617464414135,0.0263835083066026,False,,,,,-1.0,False
2202,Consumer Cyclical,Specialty Retail,WSM,OLPX,-0.0574239149261271,-0.0574239149261271,0.0320213358476349,False,,,,,-1.0,False
2203,Consumer Cyclical,Specialty Retail,DKS,TSCO,0.1329215282897827,0.0552594947303961,0.0273833109390744,False,,,,,-1.0,False
2204,Consumer Cyclical,Specialty Retail,DKS,BBY,0.2615400831614876,0.2262553651705486,0.0170251382915661,False,,,,,-1.0,False
2205,Consumer Cyclical,Specialty Retail,DKS,FIVE,0.2547395896581767,0.2042264120186477,0.0156529619638137,False,,,,,-1.0,False
2206,Consumer Cyclical,Specialty Retail,DKS,MUSA,-0.0951235859064203,-0.1182840080579193,0.0115748062741556,False,,,,,-1.0,False
2207,Consumer Cyclical,Specialty Retail,DKS,GME,0.1861959650676369,0.1855987608811929,0.0236837564812989,False,,,,,-1.0,False
2208,Consumer Cyclical,Specialty Retail,DKS,BBWI,0.1560677810373229,0.1459802811980493,0.0273689346758991,False,,,,,-1.0,False
2209,Consumer Cyclical,Specialty Retail,DKS,ASO,0.5202778236906105,0.3625464809648151,0.0531676207313718,False,,,,,-1.0,False
2210,Consumer Cyclical,Specialty Retail,DKS,RH,0.2432984970552415,0.231789630938075,0.0348251409665088,False,,,,,-1.0,False
2211,Consumer Cyclical,Specialty Retail,DKS,EYE,0.3835897859860866,0.342854299327064,0.0178250293559973,False,,,,,-1.0,False
2212,Consumer Cyclical,Specialty Retail,DKS,OLPX,-0.057693522607729,-0.0688924654832009,0.0157889810589688,False,,,,,-1.0,False
2213,Consumer Cyclical,Specialty Retail,TSCO,BBY,0.2861496133426316,0.2022348287993921,0.0345337758386107,False,,,,,-1.0,False
2214,Consumer Cyclical,Specialty Retail,TSCO,FIVE,0.3436476499612033,0.2930725589081576,0.0154546111933735,False,,,,,-1.0,False
2215,Consumer Cyclical,Specialty Retail,TSCO,MUSA,-0.0311910762615888,-0.1125524674964662,0.0294166244109384,False,,,,,-1.0,False
2216,Consumer Cyclical,Specialty Retail,TSCO,GME,0.1342169236521401,0.0773987182455518,0.0207242122159485,False,,,,,-1.0,False
2217,Consumer Cyclical,Specialty Retail,TSCO,BBWI,0.1456201117248213,0.1386645418570195,0.0212383294328075,False,,,,,-1.0,False
2218,Consumer Cyclical,Specialty Retail,TSCO,ASO,0.1398095648633485,0.1398095648633485,0.0254884065918964,False,,,,,-1.0,False
2219,Consumer Cyclical,Specialty Retail,TSCO,RH,0.1677293672433656,0.0960603440701148,0.0379005147612215,False,,,,,-1.0,False
2220,Consumer Cyclical,Specialty Retail,TSCO,EYE,0.3257771188113391,0.2292083002879186,0.0397946587080413,False,,,,,-1.0,False
2221,Consumer Cyclical,Specialty Retail,TSCO,OLPX,0.0175721831791473,-0.0002560970416616,0.0198843722751806,False,,,,,-1.0,False
2222,Consumer Cyclical,Specialty Retail,BBY,FIVE,0.3187737942847142,0.2668396916768908,0.0223918737011416,False,,,,,-1.0,False
2223,Consumer Cyclical,Specialty Retail,BBY,MUSA,-0.0139707766211792,-0.0370254444674648,0.0106255585586935,False,,,,,-1.0,False
2224,Consumer Cyclical,Specialty Retail,BBY,GME,0.1506374649285195,0.1231200491347239,0.0120874775577283,False,,,,,-1.0,False
2225,Consumer Cyclical,Specialty Retail,BBY,BBWI,0.4154117366726571,0.4074267443394046,0.0131458116530968,False,,,,,-1.0,False
2226,Consumer Cyclical,Specialty Retail,BBY,ASO,0.2832431742656948,0.2617188170231709,0.0108211010975257,False,,,,,-1.0,False
2227,Consumer Cyclical,Specialty Retail,BBY,RH,0.2485657780026268,0.2197936241418725,0.0142049361547242,False,,,,,-1.0,False
2228,Consumer Cyclical,Specialty Retail,BBY,EYE,0.3352985933681426,0.2689319713553257,0.0267748864399303,False,,,,,-1.0,False
2229,Consumer Cyclical,Specialty Retail,BBY,OLPX,0.178390443643996,0.1734686447430806,0.0197038051012035,False,,,,,-1.0,False
2230,Consumer Cyclical,Specialty Retail,FIVE,MUSA,0.0079548917663414,-0.1023013819780091,0.040810126804227,False,,,,,-1.0,False
2231,Consumer Cyclical,Specialty Retail,FIVE,GME,0.212698403609024,0.2011517911771185,0.0063292625085455,False,,,,,-1.0,False
2232,Consumer Cyclical,Specialty Retail,FIVE,BBWI,0.1897294925403706,0.1888223821210126,0.0330393129662914,False,,,,,-1.0,False
2233,Consumer Cyclical,Specialty Retail,FIVE,ASO,0.4315466293539353,0.2489327916359822,0.0552001811572959,False,,,,,-1.0,False
2234,Consumer Cyclical,Specialty Retail,FIVE,RH,0.1879996655403472,0.1517460224943229,0.0386365401000106,False,,,,,-1.0,False
2235,Consumer Cyclical,Specialty Retail,FIVE,EYE,0.1268330533593103,0.1086125277337271,0.0105781165210049,False,,,,,-1.0,False
2236,Consumer Cyclical,Specialty Retail,FIVE,OLPX,-0.0430872457935801,-0.0444971806802126,0.0050819237212687,False,,,,,-1.0,False
2237,Consumer Cyclical,Specialty Retail,MUSA,GME,0.1166879583327519,0.107821992901681,0.0041279328079192,False,,,,,-1.0,False
2238,Consumer Cyclical,Specialty Retail,MUSA,BBWI,-0.0737597447436307,-0.1099871299326632,0.0129486427129534,False,,,,,-1.0,False
2239,Consumer Cyclical,Specialty Retail,MUSA,ASO,0.0065924691040374,0.0051004722293327,0.0111188885222034,False,,,,,-1.0,False
2240,Consumer Cyclical,Specialty Retail,MUSA,RH,-0.2374355063002282,-0.2769690528271088,0.0140676775297595,False,,,,,-1.0,False
2241,Consumer Cyclical,Specialty Retail,MUSA,EYE,-0.024171480033697,-0.0456039658096862,0.0180837483480218,False,,,,,-1.0,False
2242,Consumer Cyclical,Specialty Retail,MUSA,OLPX,0.1249504721340537,0.0648802056311639,0.0245965526805693,False,,,,,-1.0,False
2243,Consumer Cyclical,Specialty Retail,GME,BBWI,0.1513611502779957,0.10227491039786,0.0224503174377378,False,,,,,-1.0,False
2244,Consumer Cyclical,Specialty Retail,GME,ASO,0.2400184582995957,0.1590428483697582,0.0269017784687973,False,,,,,-1.0,False
2245,Consumer Cyclical,Specialty Retail,GME,RH,0.2068766153214883,0.1954860717908788,0.0066335254800905,False,,,,,-1.0,False
2246,Consumer Cyclical,Specialty Retail,GME,EYE,0.2698334333194061,0.2230685092651707,0.0214956370657798,False,,,,,-1.0,False
2247,Consumer Cyclical,Specialty Retail,GME,OLPX,-0.0520035833248626,-0.0636935041124988,0.0055665068208835,False,,,,,-1.0,False
2248,Consumer Cyclical,Specialty Retail,BBWI,ASO,0.1741738467873715,0.1572928768793274,0.0367348364708621,False,,,,,-1.0,False
2249,Consumer Cyclical,Specialty Retail,BBWI,RH,0.345147488377479,0.3424514210014362,0.0398409521676468,False,,,,,-1.0,False
2250,Consumer Cyclical,Specialty Retail,BBWI,EYE,0.2282860302841915,0.2264362006534921,0.0134337282562016,False,,,,,-1.0,False
2251,Consumer Cyclical,Specialty Retail,BBWI,OLPX,-0.036793581973903,-0.036793581973903,0.0692642454751435,False,,,,,-1.0,False
2252,Consumer Cyclical,Specialty Retail,ASO,RH,0.2660555762664555,0.1279545525411697,0.0433569202760463,False,,,,,-1.0,False
2253,Consumer Cyclical,Specialty Retail,ASO,EYE,0.2017903393555042,0.1296542699966854,0.0223092250560272,False,,,,,-1.0,False
2254,Consumer Cyclical,Specialty Retail,ASO,OLPX,-0.0010828937654011,-0.0010828937654011,0.0348387654856199,False,,,,,-1.0,False
2255,Consumer Cyclical,Specialty Retail,RH,EYE,0.3007512513180184,0.214940017364911,0.0407436927737174,False,,,,,-1.0,False
2256,Consumer Cyclical,Specialty Retail,RH,OLPX,-0.1034838969093648,-0.1063358686415227,0.0544178082202523,False,,,,,-1.0,False
2257,Consumer Cyclical,Specialty Retail,EYE,OLPX,-0.0379861203933631,-0.0415322555874903,0.0583074120976443,False,,,,,-1.0,False
2258,Consumer Cyclical,Personal Services,ROL,SCI,0.1970895091442735,0.1970895091442735,0.0543401070047529,False,,,,,-1.0,False
2259,Consumer Cyclical,Personal Services,ROL,HRB,0.1789411525831346,0.1789411525831346,0.0233451416961639,False,,,,,-1.0,False
2260,Consumer Cyclical,Personal Services,ROL,FTDR,0.2021404433164341,0.1850279921927004,0.074883485823393,False,,,,,-1.0,False
2261,Consumer Cyclical,Personal Services,ROL,BFAM,0.2369048385857828,0.1627014762448592,0.023817144346063,False,,,,,-1.0,False
2262,Consumer Cyclical,Personal Services,SCI,HRB,0.1873903656188517,0.1001753553138805,0.0298046802039275,False,,,,,-1.0,False
2263,Consumer Cyclical,Personal Services,SCI,FTDR,0.0662769795009568,0.0271628045882679,0.0298265856109989,False,,,,,-1.0,False
2264,Consumer Cyclical,Personal Services,SCI,BFAM,0.3126673077852331,0.2046829907456809,0.0432345232404099,False,,,,,-1.0,False
2265,Consumer Cyclical,Personal Services,HRB,FTDR,0.1287108077646466,0.0922112572281842,0.0121237006792915,False,,,,,-1.0,False
2266,Consumer Cyclical,Personal Services,HRB,BFAM,0.4171017563048061,0.3388192183859004,0.0241869006570529,False,,,,,-1.0,False
2267,Consumer Cyclical,Personal Services,FTDR,BFAM,0.1575450793155247,0.0763916524013153,0.0322581954966138,False,,,,,-1.0,False
2268,Consumer Cyclical,Leisure,AS,HAS,0.2020732438784225,0.2020732438784225,0.0486166041113609,False,,,,,-1.0,False
2269,Consumer Cyclical,Leisure,AS,LTH,0.3360763021642831,0.2843788676161288,0.0178128865297116,False,,,,,-1.0,False
2270,Consumer Cyclical,Leisure,AS,GOLF,0.2392643208172937,0.2287533521182539,0.0517889214576634,False,,,,,-1.0,False
2271,Consumer Cyclical,Leisure,AS,PLNT,0.1790377284301994,0.1616084652022889,0.0062096091619098,False,,,,,-1.0,False
2272,Consumer Cyclical,Leisure,AS,MAT,0.22059413131641,0.22059413131641,0.0665689497787283,False,,,,,-1.0,False
2273,Consumer Cyclical,Leisure,AS,YETI,0.4895600044498361,0.4736294930124892,0.0208870572500306,False,,,,,-1.0,False
2274,Consumer Cyclical,Leisure,AS,OSW,0.377017485637696,0.377017485637696,0.065709933670953,False,,,,,-1.0,False
2275,Consumer Cyclical,Leisure,AS,PTON,0.2436470349829917,0.2287560342417426,0.019077393916146,False,,,,,-1.0,False
2276,Consumer Cyclical,Leisure,AS,FUN,0.3818678579712891,0.3818678579712891,0.0321245025906326,False,,,,,-1.0,False
2277,Consumer Cyclical,Leisure,AS,PRKS,0.4554800279614147,0.4554800279614147,0.0166270247840376,False,,,,,-1.0,False
2278,Consumer Cyclical,Leisure,HAS,LTH,0.1394971425305171,0.1394971425305171,0.0336190312884805,False,,,,,-1.0,False
2279,Consumer Cyclical,Leisure,HAS,GOLF,0.0375805702271682,0.0375805702271682,0.0394455644183789,False,,,,,-1.0,False
2280,Consumer Cyclical,Leisure,HAS,PLNT,0.0289901064649229,0.0289901064649229,0.026354569919597,False,,,,,-1.0,False
2281,Consumer Cyclical,Leisure,HAS,MAT,0.3476715350826085,0.3443225555954985,0.015919800047116,False,,,,,-1.0,False
2282,Consumer Cyclical,Leisure,HAS,YETI,0.1049911425994728,0.1049911425994728,0.0092174439986767,False,,,,,-1.0,False
2283,Consumer Cyclical,Leisure,HAS,OSW,0.1681518320652444,0.1561822710565183,0.0183001967129383,False,,,,,-1.0,False
2284,Consumer Cyclical,Leisure,HAS,PTON,-0.0044804584102191,-0.0044804584102191,0.0349972198101109,False,,,,,-1.0,False
2285,Consumer Cyclical,Leisure,HAS,FUN,0.0866811059848608,0.0866811059848608,0.0268734808136859,False,,,,,-1.0,False
2286,Consumer Cyclical,Leisure,HAS,PRKS,0.1984155836239658,0.1957137609932225,0.0240724128533903,False,,,,,-1.0,False
2287,Consumer Cyclical,Leisure,LTH,GOLF,-0.0355249488128665,-0.0917650006324997,0.0230312688723443,False,,,,,-1.0,False
2288,Consumer Cyclical,Leisure,LTH,PLNT,0.3921891932990949,0.3921891932990949,0.0068162595843032,False,,,,,-1.0,False
2289,Consumer Cyclical,Leisure,LTH,MAT,-0.0003305303670294,-0.0126563690689346,0.0228988909344546,False,,,,,-1.0,False
2290,Consumer Cyclical,Leisure,LTH,YETI,0.3320806202834624,0.3180870647732401,0.0131032221051822,False,,,,,-1.0,False
2291,Consumer Cyclical,Leisure,LTH,OSW,0.3652468879709027,0.2612479980060405,0.0383469883270195,False,,,,,-1.0,False
2292,Consumer Cyclical,Leisure,LTH,PTON,0.1052488987281687,0.061165538418255,0.0249383242805937,False,,,,,-1.0,False
2293,Consumer Cyclical,Leisure,LTH,FUN,-0.0350221377362789,-0.0350221377362789,0.0182398712626199,False,,,,,-1.0,False
2294,Consumer Cyclical,Leisure,LTH,PRKS,0.2220814629220984,0.2220814629220984,0.0211476989415431,False,,,,,-1.0,False
2295,Consumer Cyclical,Leisure,GOLF,PLNT,-0.1076691101344939,-0.1076691101344939,0.0081965275357144,False,,,,,-1.0,False
2296,Consumer Cyclical,Leisure,GOLF,MAT,0.2391915749363276,0.2391915749363276,0.0195494445939467,False,,,,,-1.0,False
2297,Consumer Cyclical,Leisure,GOLF,YETI,0.1921485820253418,0.1921485820253418,0.0089355073555337,False,,,,,-1.0,False
2298,Consumer Cyclical,Leisure,GOLF,OSW,0.1201230705820141,0.0954645019213868,0.0083757907461242,False,,,,,-1.0,False
2299,Consumer Cyclical,Leisure,GOLF,PTON,0.0784361589828433,0.0784361589828433,0.0295738535001368,False,,,,,-1.0,False
2300,Consumer Cyclical,Leisure,GOLF,FUN,0.1909750661061781,0.1661860605348314,0.0176594555105063,False,,,,,-1.0,False
2301,Consumer Cyclical,Leisure,GOLF,PRKS,0.3037259868590242,0.2922327596651899,0.0162658142126305,False,,,,,-1.0,False
2302,Consumer Cyclical,Leisure,PLNT,MAT,-0.0919909603565357,-0.1315584225939872,0.0158397380488603,False,,,,,-1.0,False
2303,Consumer Cyclical,Leisure,PLNT,YETI,0.1987094272870456,0.1721889624974645,0.0122079091747821,False,,,,,-1.0,False
2304,Consumer Cyclical,Leisure,PLNT,OSW,0.2662639944785885,0.2662639944785885,0.0062278506891684,False,,,,,-1.0,False
2305,Consumer Cyclical,Leisure,PLNT,PTON,-0.0304864598141285,-0.0884380880138692,0.0197526278579434,False,,,,,-1.0,False
2306,Consumer Cyclical,Leisure,PLNT,FUN,-0.2624462741946209,-0.309293478774448,0.0161125486559005,False,,,,,-1.0,False
2307,Consumer Cyclical,Leisure,PLNT,PRKS,0.1130521742804196,0.1130521742804196,0.015696718812836,False,,,,,-1.0,False
2308,Consumer Cyclical,Leisure,MAT,YETI,0.3242448569528367,0.2783259612867695,0.0258543152888405,False,,,,,-1.0,False
2309,Consumer Cyclical,Leisure,MAT,OSW,-0.0112031184568184,-0.0112031184568184,0.0300473457982581,False,,,,,-1.0,False
2310,Consumer Cyclical,Leisure,MAT,PTON,0.2891856037866336,0.2117485440824367,0.0332125067726925,False,,,,,-1.0,False
2311,Consumer Cyclical,Leisure,MAT,FUN,0.2610862193503769,0.2539880806919429,0.0237039106897968,False,,,,,-1.0,False
2312,Consumer Cyclical,Leisure,MAT,PRKS,0.2785194418070918,0.2785194418070918,0.0231041001603807,False,,,,,-1.0,False
2313,Consumer Cyclical,Leisure,YETI,OSW,0.3964173779312862,0.3153666318125647,0.0308050706293597,False,,,,,-1.0,False
2314,Consumer Cyclical,Leisure,YETI,PTON,0.0877083578957866,0.0593860441345007,0.0280563108490727,False,,,,,-1.0,False
2315,Consumer Cyclical,Leisure,YETI,FUN,0.3011891493313261,0.3011891493313261,0.0172687204150307,False,,,,,-1.0,False
2316,Consumer Cyclical,Leisure,YETI,PRKS,0.3808217834336178,0.3808217834336178,0.0246827025212043,False,,,,,-1.0,False
2317,Consumer Cyclical,Leisure,OSW,PTON,0.099691918352462,0.099691918352462,0.0448644815810844,False,,,,,-1.0,False
2318,Consumer Cyclical,Leisure,OSW,FUN,0.1540649446121813,0.1540649446121813,0.009314038164437,False,,,,,-1.0,False
2319,Consumer Cyclical,Leisure,OSW,PRKS,0.217901430750882,0.1815873504527971,0.0137178117549886,False,,,,,-1.0,False
2320,Consumer Cyclical,Leisure,PTON,FUN,0.3037592706469269,0.1491921686597748,0.0501500914575904,False,,,,,-1.0,False
2321,Consumer Cyclical,Leisure,PTON,PRKS,0.1887859344980429,0.0917148424504183,0.0488735051122334,False,,,,,-1.0,False
2322,Consumer Cyclical,Leisure,FUN,PRKS,0.5108946720525278,0.4660697212473034,0.015292429073684,False,,,,,-1.0,False
2323,Consumer Cyclical,Apparel Manufacturing,RL,LEVI,0.4928271813225334,0.4889832599400511,0.0216060075125781,False,,,,,-1.0,False
2324,Consumer Cyclical,Apparel Manufacturing,RL,VFC,0.367173046222788,0.367173046222788,0.033259720967939,False,,,,,-1.0,False
2325,Consumer Cyclical,Apparel Manufacturing,RL,ZGN,0.4959512984202148,0.4959512984202148,0.0129314479124179,False,,,,,-1.0,False
2326,Consumer Cyclical,Apparel Manufacturing,RL,PVH,0.470251660233291,0.470251660233291,0.0147034883484974,False,,,,,-1.0,False
2327,Consumer Cyclical,Apparel Manufacturing,RL,KTB,0.604853917192388,0.5731273750181832,0.0188925730915289,False,,,,,-1.0,False
2328,Consumer Cyclical,Apparel Manufacturing,RL,COLM,0.5904414881378033,0.5561870014279867,0.0154281786286252,False,,,,,-1.0,False
2329,Consumer Cyclical,Apparel Manufacturing,RL,UA,0.3958261180962124,0.3846954180629597,0.0117316099659806,False,,,,,-1.0,False
2330,Consumer Cyclical,Apparel Manufacturing,RL,FIGS,0.2452483385081436,0.2452483385081436,0.0338933827107113,False,,,,,-1.0,False
2331,Consumer Cyclical,Apparel Manufacturing,LEVI,VFC,0.3932597685420324,0.3932597685420324,0.0404011658624317,False,,,,,-1.0,False
2332,Consumer Cyclical,Apparel Manufacturing,LEVI,ZGN,0.460966933443511,0.4050683724858433,0.026021641646157,False,,,,,-1.0,False
2333,Consumer Cyclical,Apparel Manufacturing,LEVI,PVH,0.4882452114908747,0.4882452114908747,0.0259821760407402,False,,,,,-1.0,False
2334,Consumer Cyclical,Apparel Manufacturing,LEVI,KTB,0.4407250725199373,0.3995938822337335,0.0188273729518215,False,,,,,-1.0,False
2335,Consumer Cyclical,Apparel Manufacturing,LEVI,COLM,0.4663438130476305,0.4234057741395322,0.0229548450421972,False,,,,,-1.0,False
2336,Consumer Cyclical,Apparel Manufacturing,LEVI,UA,0.3667365723307589,0.3453952370319862,0.0067898848334905,False,,,,,-1.0,False
2337,Consumer Cyclical,Apparel Manufacturing,LEVI,FIGS,0.0228833056847442,0.0228833056847442,0.0699013274149899,False,,,,,-1.0,False
2338,Consumer Cyclical,Apparel Manufacturing,VFC,ZGN,0.4718075170749921,0.4718075170749921,0.022590451714528,False,,,,,-1.0,False
2339,Consumer Cyclical,Apparel Manufacturing,VFC,PVH,0.3809879609536405,0.3809879609536405,0.0151163429529195,False,,,,,-1.0,False
2340,Consumer Cyclical,Apparel Manufacturing,VFC,KTB,0.51361662057451,0.51361662057451,0.0260170389806705,False,,,,,-1.0,False
2341,Consumer Cyclical,Apparel Manufacturing,VFC,COLM,0.5929816536061234,0.5929816536061234,0.0087117207217888,False,,,,,-1.0,False
2342,Consumer Cyclical,Apparel Manufacturing,VFC,UA,0.4609918954829109,0.4249473130782895,0.0159384925945035,False,,,,,-1.0,False
2343,Consumer Cyclical,Apparel Manufacturing,VFC,FIGS,0.205432820914611,0.205432820914611,0.0239670791613499,False,,,,,-1.0,False
2344,Consumer Cyclical,Apparel Manufacturing,ZGN,PVH,0.4230960567082972,0.4208529055564646,0.0169328603198206,False,,,,,-1.0,False
2345,Consumer Cyclical,Apparel Manufacturing,ZGN,KTB,0.5372883792640928,0.4901862287682574,0.0306573855174468,False,,,,,-1.0,False
2346,Consumer Cyclical,Apparel Manufacturing,ZGN,COLM,0.6666621808748663,0.6478078091979613,0.0139179733834474,False,,,,,-1.0,False
2347,Consumer Cyclical,Apparel Manufacturing,ZGN,UA,0.3404162532008842,0.3389058058415769,0.0092279961914132,False,,,,,-1.0,False
2348,Consumer Cyclical,Apparel Manufacturing,ZGN,FIGS,0.2249221298034675,0.220040648213846,0.0439733804766744,False,,,,,-1.0,False
2349,Consumer Cyclical,Apparel Manufacturing,PVH,KTB,0.4865997166880287,0.4738363779262781,0.0058313106535274,False,,,,,-1.0,False
2350,Consumer Cyclical,Apparel Manufacturing,PVH,COLM,0.5793544663226801,0.5616378613924592,0.0066396954436663,False,,,,,-1.0,False
2351,Consumer Cyclical,Apparel Manufacturing,PVH,UA,0.3516655979777405,0.2727603288253016,0.0252429434992818,False,,,,,-1.0,False
2352,Consumer Cyclical,Apparel Manufacturing,PVH,FIGS,0.0862890575105125,0.0862890575105125,0.0260475484624655,False,,,,,-1.0,False
2353,Consumer Cyclical,Apparel Manufacturing,KTB,UA,0.4302378653379624,0.3645847753602372,0.0323642435213747,False,,,,,-1.0,False
2354,Consumer Cyclical,Apparel Manufacturing,KTB,FIGS,0.134408940224516,0.134408940224516,0.0352033346191707,False,,,,,-1.0,False
2355,Consumer Cyclical,Apparel Manufacturing,COLM,UA,0.5017141860119696,0.4969024662131713,0.0130046032251132,False,,,,,-1.0,False
2356,Consumer Cyclical,Apparel Manufacturing,COLM,FIGS,0.191573108220006,0.191573108220006,0.0178144374855954,False,,,,,-1.0,False
2357,Consumer Cyclical,Apparel Manufacturing,UA,FIGS,0.1452655627265996,0.1452655627265996,0.0351678691965742,False,,,,,-1.0,False
2358,Consumer Cyclical,Packaging & Containers,SW,BALL,0.3612368634572234,0.3566790286484179,0.0213581249646002,False,,,,,-1.0,False
2359,Consumer Cyclical,Packaging & Containers,SW,AVY,0.6636570190894355,0.6359659199907863,0.0146712227268098,False,,,,,-1.0,False
2360,Consumer Cyclical,Packaging & Containers,SW,CCK,0.5780491475804913,0.5744173941116465,0.0149772040814123,False,,,,,-1.0,False
2361,Consumer Cyclical,Packaging & Containers,SW,SON,0.6130119252591142,0.5456635503161554,0.0298241685392928,False,,,,,-1.0,False
2362,Consumer Cyclical,Packaging & Containers,SW,REYN,0.382646734503474,0.334802314839267,0.0224007154469857,False,,,,,-1.0,False
2363,Consumer Cyclical,Packaging & Containers,SW,SLGN,0.478229307625654,0.478229307625654,0.0147976270804461,False,,,,,-1.0,False
2364,Consumer Cyclical,Packaging & Containers,SW,GPK,0.5834818707816103,0.4611608768697414,0.0430121140986391,False,,,,,-1.0,False
2365,Consumer Cyclical,Packaging & Containers,SW,AMBP,0.3712257833120881,0.3712257833120881,0.0198068106159904,False,,,,,-1.0,False
2366,Consumer Cyclical,Packaging & Containers,SW,TRS,0.4502849254559806,0.4502849254559806,0.0430572825678448,False,,,,,-1.0,False
2367,Consumer Cyclical,Packaging & Containers,SW,OI,0.2498386877291405,0.239690392151386,0.0147777320912737,False,,,,,-1.0,False
2368,Consumer Cyclical,Packaging & Containers,PKG,AMCR,0.5201345153237923,0.516034223827386,0.0226716007693119,False,,,,,-1.0,False
2369,Consumer Cyclical,Packaging & Containers,PKG,IP,0.6344193173493813,0.6344193173493813,0.0312783092379303,False,,,,,-1.0,False
2370,Consumer Cyclical,Packaging & Containers,PKG,BALL,0.4437983817088564,0.4345294997371887,0.0080531834338786,False,,,,,-1.0,False
2371,Consumer Cyclical,Packaging & Containers,PKG,AVY,0.641986893540188,0.641986893540188,0.0123669832226353,False,,,,,-1.0,False
2372,Consumer Cyclical,Packaging & Containers,PKG,CCK,0.5697623240584115,0.5391633309207834,0.0108041530581563,False,,,,,-1.0,False
2373,Consumer Cyclical,Packaging & Containers,PKG,SON,0.5340956277100039,0.487271502693136,0.018079109014785,False,,,,,-1.0,False
2374,Consumer Cyclical,Packaging & Containers,PKG,REYN,0.3139810950071309,0.2697928038149307,0.0189008083645423,False,,,,,-1.0,False
2375,Consumer Cyclical,Packaging & Containers,PKG,SLGN,0.4329336295885708,0.4065700847063092,0.0116489504971218,False,,,,,-1.0,False
2376,Consumer Cyclical,Packaging & Containers,PKG,GPK,0.4465833417855415,0.4195152563751846,0.0159595272858514,False,,,,,-1.0,False
2377,Consumer Cyclical,Packaging & Containers,PKG,AMBP,0.4223869883822225,0.4223869883822225,0.0160316076129557,False,,,,,-1.0,False
2378,Consumer Cyclical,Packaging & Containers,PKG,TRS,0.4457716923404702,0.4441264228569848,0.0292043296258864,False,,,,,-1.0,False
2379,Consumer Cyclical,Packaging & Containers,PKG,OI,-0.0701387167886803,-0.0890853615616419,0.019205980927347,False,,,,,-1.0,False
2380,Consumer Cyclical,Packaging & Containers,AMCR,IP,0.5389687180777472,0.5363887937920531,0.0217129033770025,False,,,,,-1.0,False
2381,Consumer Cyclical,Packaging & Containers,AMCR,BALL,0.5496938045749775,0.507616430943438,0.0200792110424696,False,,,,,-1.0,False
2382,Consumer Cyclical,Packaging & Containers,AMCR,SON,0.6622110189914486,0.5983921036952882,0.0251753704543569,False,,,,,-1.0,False
2383,Consumer Cyclical,Packaging & Containers,AMCR,REYN,0.5347191166848136,0.5051173469876136,0.0095112345096869,False,,,,,-1.0,False
2384,Consumer Cyclical,Packaging & Containers,AMCR,GPK,0.4157177532243887,0.4155216172721986,0.0084355933472456,False,,,,,-1.0,False
2385,Consumer Cyclical,Packaging & Containers,AMCR,AMBP,0.3922495993064696,0.3922495993064696,0.0211787800168459,False,,,,,-1.0,False
2386,Consumer Cyclical,Packaging & Containers,AMCR,TRS,0.4398236122167072,0.4398236122167072,0.0487192014572362,False,,,,,-1.0,False
2387,Consumer Cyclical,Packaging & Containers,AMCR,OI,0.329150669160538,0.329150669160538,0.0217850804258837,False,,,,,-1.0,False
2388,Consumer Cyclical,Packaging & Containers,IP,BALL,0.3821877271806388,0.3821877271806388,0.0232591555885648,False,,,,,-1.0,False
2389,Consumer Cyclical,Packaging & Containers,IP,AVY,0.5176351845111407,0.511427778075582,0.0152764150546758,False,,,,,-1.0,False
2390,Consumer Cyclical,Packaging & Containers,IP,CCK,0.4137062308124282,0.4137062308124282,0.038062490285714,False,,,,,-1.0,False
2391,Consumer Cyclical,Packaging & Containers,IP,SON,0.5853362413109559,0.5532335194586536,0.0125506141205507,False,,,,,-1.0,False
2392,Consumer Cyclical,Packaging & Containers,IP,REYN,0.215090236058683,0.215090236058683,0.0203022496838085,False,,,,,-1.0,False
2393,Consumer Cyclical,Packaging & Containers,IP,SLGN,0.3656192767967778,0.3656192767967778,0.0444751060118708,False,,,,,-1.0,False
2394,Consumer Cyclical,Packaging & Containers,IP,GEF,0.6153904511275335,0.5917665229662035,0.015224343727459,False,,,,,-1.0,False
2395,Consumer Cyclical,Packaging & Containers,IP,GPK,0.4357893560620183,0.4149676889290718,0.0088483832384965,False,,,,,-1.0,False
2396,Consumer Cyclical,Packaging & Containers,IP,AMBP,0.3905527319908121,0.3868327748478483,0.0269287422745861,False,,,,,-1.0,False
2397,Consumer Cyclical,Packaging & Containers,IP,TRS,0.345428771543527,0.345428771543527,0.0559931974430059,False,,,,,-1.0,False
2398,Consumer Cyclical,Packaging & Containers,IP,OI,0.1214655369389749,0.1214655369389749,0.0273712607008539,False,,,,,-1.0,False
2399,Consumer Cyclical,Packaging & Containers,BALL,AVY,0.6499058630042267,0.6188230708429009,0.0147743266144599,False,,,,,-1.0,False
2400,Consumer Cyclical,Packaging & Containers,BALL,SON,0.4850306152036815,0.4443811998591228,0.0188439863998442,False,,,,,-1.0,False
2401,Consumer Cyclical,Packaging & Containers,BALL,REYN,0.4459637506358977,0.4314656018201019,0.0088503461500982,False,,,,,-1.0,False
2402,Consumer Cyclical,Packaging & Containers,BALL,GEF,0.5480921325445037,0.5348917153001899,0.0047446677797055,False,,,,,-1.0,False
2403,Consumer Cyclical,Packaging & Containers,BALL,GPK,0.149474040810393,0.0384972513105376,0.0392967586435825,False,,,,,-1.0,False
2404,Consumer Cyclical,Packaging & Containers,BALL,AMBP,0.5666491861684525,0.5409197112195528,0.0129446833735579,False,,,,,-1.0,False
2405,Consumer Cyclical,Packaging & Containers,BALL,TRS,0.2342095510842433,0.2342095510842433,0.0473048122516478,False,,,,,-1.0,False
2406,Consumer Cyclical,Packaging & Containers,BALL,OI,0.2871484886867889,0.267084211722362,0.0099112699726649,False,,,,,-1.0,False
2407,Consumer Cyclical,Packaging & Containers,AVY,SON,0.6381920245283458,0.5462081554460765,0.0364639226860787,False,,,,,-1.0,False
2408,Consumer Cyclical,Packaging & Containers,AVY,REYN,0.6203291280252515,0.596496934051223,0.0075762851269348,False,,,,,-1.0,False
2409,Consumer Cyclical,Packaging & Containers,AVY,GPK,0.4998671359232695,0.4315757125826295,0.0267806376824774,False,,,,,-1.0,False
2410,Consumer Cyclical,Packaging & Containers,AVY,AMBP,0.5050026294405711,0.5050026294405711,0.0376201769584213,False,,,,,-1.0,False
2411,Consumer Cyclical,Packaging & Containers,AVY,TRS,0.3675282668630507,0.3675282668630507,0.0622557895164045,False,,,,,-1.0,False
2412,Consumer Cyclical,Packaging & Containers,AVY,OI,0.2912524149401291,0.2715289983378172,0.0094164669824223,False,,,,,-1.0,False
2413,Consumer Cyclical,Packaging & Containers,CCK,SON,0.6002195865433463,0.5567807634036239,0.0297930782984719,False,,,,,-1.0,False
2414,Consumer Cyclical,Packaging & Containers,CCK,REYN,0.5466900741019507,0.5295383606748673,0.018884121162611,False,,,,,-1.0,False
2415,Consumer Cyclical,Packaging & Containers,CCK,GPK,0.2797691807945446,0.2248131690148997,0.021006098324409,False,,,,,-1.0,False
2416,Consumer Cyclical,Packaging & Containers,CCK,AMBP,0.6023251186342241,0.6023251186342241,0.0287738593293606,False,,,,,-1.0,False
2417,Consumer Cyclical,Packaging & Containers,CCK,TRS,0.412444528908064,0.412444528908064,0.0448816638880954,False,,,,,-1.0,False
2418,Consumer Cyclical,Packaging & Containers,CCK,OI,0.3685510910705719,0.3685510910705719,0.0112561991575166,False,,,,,-1.0,False
2419,Consumer Cyclical,Packaging & Containers,SON,REYN,0.4919861055361078,0.41013388910838,0.0330947199228298,False,,,,,-1.0,False
2420,Consumer Cyclical,Packaging & Containers,SON,SLGN,0.6943657075017207,0.5952654483637573,0.0382065888290599,False,,,,,-1.0,False
2421,Consumer Cyclical,Packaging & Containers,SON,GPK,0.4290698925086717,0.3084541069624757,0.0473315646410109,False,,,,,-1.0,False
2422,Consumer Cyclical,Packaging & Containers,SON,AMBP,0.4133217880872397,0.3031200888419413,0.0418066744265239,False,,,,,-1.0,False
2423,Consumer Cyclical,Packaging & Containers,SON,TRS,0.4957131740280897,0.4603402143718699,0.0162691130536716,False,,,,,-1.0,False
2424,Consumer Cyclical,Packaging & Containers,SON,OI,0.3461531378800286,0.2815060928998331,0.028081356041125,False,,,,,-1.0,False
2425,Consumer Cyclical,Packaging & Containers,REYN,SLGN,0.7056704509266118,0.6408455555645836,0.022891323448616,False,,,,,-1.0,False
2426,Consumer Cyclical,Packaging & Containers,REYN,GEF,0.5425156787616779,0.4771586095279947,0.0335400647817724,False,,,,,-1.0,False
2427,Consumer Cyclical,Packaging & Containers,REYN,GPK,0.3407989067314804,0.2687392744555272,0.0252633084917392,False,,,,,-1.0,False
2428,Consumer Cyclical,Packaging & Containers,REYN,AMBP,0.3195227663373713,0.3195227663373713,0.0510643389172576,False,,,,,-1.0,False
2429,Consumer Cyclical,Packaging & Containers,REYN,TRS,0.3558797267776047,0.3558797267776047,0.0319353746079799,False,,,,,-1.0,False
2430,Consumer Cyclical,Packaging & Containers,REYN,OI,0.2511532433776671,0.2066432333644321,0.0180527767835226,False,,,,,-1.0,False
2431,Consumer Cyclical,Packaging & Containers,SLGN,GPK,0.3367065132700657,0.2771294403175041,0.0241388815145307,False,,,,,-1.0,False
2432,Consumer Cyclical,Packaging & Containers,SLGN,AMBP,0.4444137577200843,0.4444137577200843,0.0537431752785786,False,,,,,-1.0,False
2433,Consumer Cyclical,Packaging & Containers,SLGN,TRS,0.4632723239463362,0.4632723239463362,0.038436618344695,False,,,,,-1.0,False
2434,Consumer Cyclical,Packaging & Containers,SLGN,OI,0.4479498156495171,0.4303125006068691,0.0107387921326254,False,,,,,-1.0,False
2435,Consumer Cyclical,Packaging & Containers,GEF,GPK,0.4444016682378078,0.3910338847100015,0.0186821478170004,False,,,,,-1.0,False
2436,Consumer Cyclical,Packaging & Containers,GEF,AMBP,0.4823970837983954,0.4380694596254926,0.0160507329180817,False,,,,,-1.0,False
2437,Consumer Cyclical,Packaging & Containers,GEF,TRS,0.5749848882275959,0.5749848882275959,0.0272844869745198,False,,,,,-1.0,False
2438,Consumer Cyclical,Packaging & Containers,GEF,OI,0.3487563754427106,0.3389216859864558,0.0160184817689348,False,,,,,-1.0,False
2439,Consumer Cyclical,Packaging & Containers,GPK,AMBP,0.1859481823961041,0.1574719354951341,0.0338816630366225,False,,,,,-1.0,False
2440,Consumer Cyclical,Packaging & Containers,GPK,TRS,0.3221951868439353,0.2979560009637181,0.0437337350563617,False,,,,,-1.0,False
2441,Consumer Cyclical,Packaging & Containers,GPK,OI,0.1724419186117006,0.1372877022123466,0.0187931478592968,False,,,,,-1.0,False
2442,Consumer Cyclical,Packaging & Containers,AMBP,TRS,0.325802084218847,0.3250578174983641,0.062280643252159,False,,,,,-1.0,False
2443,Consumer Cyclical,Packaging & Containers,AMBP,OI,0.231690551840814,0.231690551840814,0.0480225351040321,False,,,,,-1.0,False
2444,Consumer Cyclical,Packaging & Containers,TRS,OI,0.3207854644298483,0.3207854644298483,0.0508922968947162,False,,,,,-1.0,False
2445,Consumer Cyclical,Gambling,FLUT,DKNG,0.6737406804215704,0.6321995330976624,0.022818569313051,False,,,,,-1.0,False
2446,Consumer Cyclical,Gambling,FLUT,SGHC,0.2869614530513279,0.272509897650757,0.0087631373000842,False,,,,,-1.0,False
2447,Consumer Cyclical,Gambling,FLUT,RSI,0.2060313349494328,0.1860140068396396,0.0242138924873628,False,,,,,-1.0,False
2448,Consumer Cyclical,Gambling,FLUT,CHDN,0.3470289767811982,0.3409204422093287,0.0303980765450884,False,,,,,-1.0,False
2449,Consumer Cyclical,Gambling,DKNG,SGHC,0.3907853116708544,0.3653350434348811,0.011174142842869,False,,,,,-1.0,False
2450,Consumer Cyclical,Gambling,DKNG,RSI,0.3140053843292255,0.2623361314021464,0.0204135499420014,False,,,,,-1.0,False
2451,Consumer Cyclical,Gambling,DKNG,CHDN,0.247366361791359,0.1943136453768751,0.0394642923993391,False,,,,,-1.0,False
2452,Consumer Cyclical,Gambling,SGHC,RSI,0.5411243251415464,0.3634862855190102,0.0562228895880661,False,,,,,-1.0,False
2453,Consumer Cyclical,Gambling,SGHC,CHDN,0.0553896328364161,0.0553896328364161,0.042333630417371,False,,,,,-1.0,False
2454,Consumer Cyclical,Gambling,RSI,CHDN,0.0793337351657338,0.0793337351657338,0.0344510711132773,False,,,,,-1.0,False
2455,Consumer Cyclical,"Furnishings, Fixtures & Appliances",SN,MHK,0.5807180356453077,0.5807180356453077,0.0190684812742005,False,,,,,-1.0,False
2456,Consumer Cyclical,"Furnishings, Fixtures & Appliances",SN,WHR,0.4012241505680362,0.4012241505680362,0.0286831509252674,False,,,,,-1.0,False
2457,Consumer Cyclical,"Furnishings, Fixtures & Appliances",SN,HNI,0.5503392052029447,0.4925969474029965,0.0193076062732402,False,,,,,-1.0,False
2458,Consumer Cyclical,"Furnishings, Fixtures & Appliances",SN,TILE,0.5121958873699207,0.4887339994359488,0.0162137678283255,False,,,,,-1.0,False
2459,Consumer Cyclical,"Furnishings, Fixtures & Appliances",SN,LZB,0.4982836594312593,0.482332908812618,0.0140393855866953,False,,,,,-1.0,False
2460,Consumer Cyclical,"Furnishings, Fixtures & Appliances",SN,LEG,0.5872936538085308,0.5872936538085308,0.0446495461604648,False,,,,,-1.0,False
2461,Consumer Cyclical,"Furnishings, Fixtures & Appliances",MHK,WHR,0.2257971687314954,0.1875518252163232,0.0196861145379527,False,,,,,-1.0,False
2462,Consumer Cyclical,"Furnishings, Fixtures & Appliances",MHK,HNI,0.4501604712387358,0.404282039432343,0.0191208262868945,False,,,,,-1.0,False
2463,Consumer Cyclical,"Furnishings, Fixtures & Appliances",MHK,LZB,0.4946243118765545,0.4946243118765545,0.0084528379829413,False,,,,,-1.0,False
2464,Consumer Cyclical,"Furnishings, Fixtures & Appliances",MHK,LEG,0.5729873570959625,0.5729873570959625,0.0120342543875181,False,,,,,-1.0,False
2465,Consumer Cyclical,"Furnishings, Fixtures & Appliances",WHR,HNI,0.5949571100540655,0.5576676540446507,0.013793693129056,False,,,,,-1.0,False
2466,Consumer Cyclical,"Furnishings, Fixtures & Appliances",WHR,TILE,0.2260339176815536,0.1767086629394581,0.0271558255018176,False,,,,,-1.0,False
2467,Consumer Cyclical,"Furnishings, Fixtures & Appliances",WHR,LZB,0.2434414916100377,0.2258041667945352,0.0235414575922474,False,,,,,-1.0,False
2468,Consumer Cyclical,"Furnishings, Fixtures & Appliances",WHR,LEG,0.4290569234126814,0.4290569234126814,0.0355909035880878,False,,,,,-1.0,False
2469,Consumer Cyclical,"Furnishings, Fixtures & Appliances",HNI,TILE,0.5902294403946219,0.59008560592482,0.0203026099158663,False,,,,,-1.0,False
2470,Consumer Cyclical,"Furnishings, Fixtures & Appliances",HNI,LZB,0.4270411781588669,0.4025347400829329,0.026942797067983,False,,,,,-1.0,False
2471,Consumer Cyclical,"Furnishings, Fixtures & Appliances",HNI,LEG,0.569994133090339,0.5396735588415531,0.0118028521745323,False,,,,,-1.0,False
2472,Consumer Cyclical,"Furnishings, Fixtures & Appliances",TILE,LZB,0.5330101258782683,0.5116737005781379,0.0072293825944979,False,,,,,-1.0,False
2473,Consumer Cyclical,"Furnishings, Fixtures & Appliances",TILE,LEG,0.4733768707698543,0.4350058301114638,0.0135308246077443,False,,,,,-1.0,False
2474,Consumer Cyclical,"Furnishings, Fixtures & Appliances",LZB,LEG,0.4588068380679761,0.457614658086459,0.0060117084142892,False,,,,,-1.0,False
2475,Consumer Cyclical,Recreational Vehicles,BC,THO,0.6436201034613238,0.6225050180768031,0.0157417220138157,False,,,,,-1.0,False
2476,Consumer Cyclical,Recreational Vehicles,BC,PII,0.6329837920471701,0.6295295417816482,0.0162654651514499,False,,,,,-1.0,False
2477,Consumer Cyclical,Recreational Vehicles,BC,PATK,0.6181191382808534,0.6181191382808534,0.0135067543802423,False,,,,,-1.0,False
2478,Consumer Cyclical,Recreational Vehicles,BC,LCII,0.5634344832399738,0.5634344832399738,0.0549489387466323,False,,,,,-1.0,False
2479,Consumer Cyclical,Recreational Vehicles,BC,HOG,0.3347671333027888,0.3347671333027888,0.0257229582844612,False,,,,,-1.0,False
2480,Consumer Cyclical,Recreational Vehicles,THO,PII,0.51817333113727,0.5061944567563075,0.0160129784603829,False,,,,,-1.0,False
2481,Consumer Cyclical,Recreational Vehicles,THO,PATK,0.6653614197869256,0.6265367419938735,0.0130726149147845,False,,,,,-1.0,False
2482,Consumer Cyclical,Recreational Vehicles,THO,HOG,0.2157401216046967,0.2157401216046967,0.0268761834389907,False,,,,,-1.0,False
2483,Consumer Cyclical,Recreational Vehicles,PII,PATK,0.5583396855961112,0.5461862099466501,0.0126390076086606,False,,,,,-1.0,False
2484,Consumer Cyclical,Recreational Vehicles,PII,LCII,0.3642312904338698,0.3642312904338698,0.055033783014977,False,,,,,-1.0,False
2485,Consumer Cyclical,Recreational Vehicles,PII,HOG,0.3748426695271267,0.3613828632893185,0.0096517812073946,False,,,,,-1.0,False
2486,Consumer Cyclical,Recreational Vehicles,PATK,HOG,0.2413763091354716,0.1909282046365465,0.03147671710933,False,,,,,-1.0,False
2487,Consumer Cyclical,Recreational Vehicles,LCII,HOG,0.2712880217872276,0.2712880217872276,0.0267785213288725,False,,,,,-1.0,False
2488,Consumer Defensive,Discount Stores,WMT,TGT,0.3049235142746573,0.3006341376456795,0.0095190571291719,False,,,,,-1.0,False
2489,Consumer Defensive,Discount Stores,WMT,DG,0.2100695239558855,0.0454471731603789,0.0663641777245736,False,,,,,-1.0,False
2490,Consumer Defensive,Discount Stores,WMT,DLTR,0.130668967665634,0.0871211123976204,0.0151926793117966,False,,,,,-1.0,False
2491,Consumer Defensive,Discount Stores,WMT,BJ,0.3791462281849676,0.3225175260775763,0.0233700844639986,False,,,,,-1.0,False
2492,Consumer Defensive,Discount Stores,WMT,PSMT,0.3134811413058214,0.3134811413058214,0.0528141483294446,False,,,,,-1.0,False
2493,Consumer Defensive,Discount Stores,WMT,OLLI,0.0162943700209669,0.0162943700209669,0.0343111375854861,False,,,,,-1.0,False
2494,Consumer Defensive,Discount Stores,WMT,TBBB,0.1248428648520475,0.1205732339920438,0.0180308601193309,False,,,,,-1.0,False
2495,Consumer Defensive,Discount Stores,COST,TGT,0.307908900624163,0.298659239303281,0.0230831813237379,False,,,,,-1.0,False
2496,Consumer Defensive,Discount Stores,COST,DG,0.1423745196749958,-0.0520510052071238,0.0729248905259743,False,,,,,-1.0,False
2497,Consumer Defensive,Discount Stores,COST,DLTR,0.0732881902580877,-0.0040316097985123,0.028752822251909,False,,,,,-1.0,False
2498,Consumer Defensive,Discount Stores,COST,BJ,0.549877121861467,0.4986750238462311,0.0198292276939705,False,,,,,-1.0,False
2499,Consumer Defensive,Discount Stores,COST,PSMT,0.1169266411210325,0.1169266411210325,0.0387228987641858,False,,,,,-1.0,False
2500,Consumer Defensive,Discount Stores,COST,OLLI,0.0415595336643419,0.0415595336643419,0.0419976137561426,False,,,,,-1.0,False
2501,Consumer Defensive,Discount Stores,COST,TBBB,-0.0184290322010111,-0.0184290322010111,0.0196347262305418,False,,,,,-1.0,False
2502,Consumer Defensive,Discount Stores,TGT,DG,0.3486228206279832,0.3059258225812706,0.0162750541307119,False,,,,,-1.0,False
2503,Consumer Defensive,Discount Stores,TGT,DLTR,0.3317970880571096,0.3205345132525931,0.0172111244888409,False,,,,,-1.0,False
2504,Consumer Defensive,Discount Stores,TGT,BJ,0.1886645309336867,0.0956756226218029,0.0348915441474645,False,,,,,-1.0,False
2505,Consumer Defensive,Discount Stores,TGT,PSMT,0.1688759979549082,0.1688759979549082,0.0538454184781691,False,,,,,-1.0,False
2506,Consumer Defensive,Discount Stores,TGT,OLLI,0.1934946234824177,0.180648318498581,0.0634311166427269,False,,,,,-1.0,False
2507,Consumer Defensive,Discount Stores,TGT,TBBB,0.0573043130964272,0.0573043130964272,0.0143677161573854,False,,,,,-1.0,False
2508,Consumer Defensive,Discount Stores,DG,DLTR,0.5042771357533424,0.4962890985238122,0.0216315123817015,False,,,,,-1.0,False
2509,Consumer Defensive,Discount Stores,DG,BJ,0.3042231329383469,0.0598414892655609,0.0945327130982258,False,,,,,-1.0,False
2510,Consumer Defensive,Discount Stores,DG,PSMT,0.2373303508707141,0.2373303508707141,0.0298068755460914,False,,,,,-1.0,False
2511,Consumer Defensive,Discount Stores,DG,OLLI,0.4822987129036565,0.444243992137121,0.0211756966034621,False,,,,,-1.0,False
2512,Consumer Defensive,Discount Stores,DG,TBBB,0.2828167544704348,0.2627290692777335,0.0120215194948446,False,,,,,-1.0,False
2513,Consumer Defensive,Discount Stores,DLTR,BJ,0.1431099087040558,0.058640310789596,0.0308937397034802,False,,,,,-1.0,False
2514,Consumer Defensive,Discount Stores,DLTR,PSMT,0.2804735220403853,0.2804735220403853,0.0280589371813929,False,,,,,-1.0,False
2515,Consumer Defensive,Discount Stores,DLTR,OLLI,0.3749533429454716,0.3609429421009467,0.0133175990995348,False,,,,,-1.0,False
2516,Consumer Defensive,Discount Stores,DLTR,TBBB,-0.0264663738315863,-0.0275604990035619,0.0070089317629063,False,,,,,-1.0,False
2517,Consumer Defensive,Discount Stores,BJ,PSMT,-0.0519284903179723,-0.0519284903179723,0.0430649015725064,False,,,,,-1.0,False
2518,Consumer Defensive,Discount Stores,BJ,OLLI,0.0994778238892442,0.0988622743593276,0.0239496264990362,False,,,,,-1.0,False
2519,Consumer Defensive,Discount Stores,BJ,TBBB,0.1699551051875771,0.1239921272474351,0.0337938092599735,False,,,,,-1.0,False
2520,Consumer Defensive,Discount Stores,PSMT,OLLI,0.1457877200503573,0.1457877200503573,0.0258893809532693,False,,,,,-1.0,False
2521,Consumer Defensive,Discount Stores,PSMT,TBBB,0.1542223151393671,0.1542223151393671,0.0242462647645479,False,,,,,-1.0,False
2522,Consumer Defensive,Discount Stores,OLLI,TBBB,0.0267612322664853,0.0162488229618411,0.0163969041024526,False,,,,,-1.0,False
2523,Consumer Defensive,Beverages - Non-Alcoholic,KO,PEP,0.4984582724568617,0.442366956866268,0.0214363246272643,False,,,,,-1.0,False
2524,Consumer Defensive,Beverages - Non-Alcoholic,KO,MNST,0.2899021180746376,0.2271476633142693,0.0238857208314886,False,,,,,-1.0,False
2525,Consumer Defensive,Beverages - Non-Alcoholic,KO,CCEP,0.4110135402012291,0.3488739777285055,0.0288545505429468,False,,,,,-1.0,False
2526,Consumer Defensive,Beverages - Non-Alcoholic,KO,KDP,0.4162695413621749,0.3480645642699426,0.0263191344423848,False,,,,,-1.0,False
2527,Consumer Defensive,Beverages - Non-Alcoholic,KO,COKE,0.4430039805477258,0.4105543498962423,0.020973265337513,False,,,,,-1.0,False
2528,Consumer Defensive,Beverages - Non-Alcoholic,KO,CELH,0.1709689771920322,0.1310360040780151,0.0199375780760154,False,,,,,-1.0,False
2529,Consumer Defensive,Beverages - Non-Alcoholic,KO,COCO,-0.0092772971065401,-0.034468614270838,0.0512428414131913,False,,,,,-1.0,False
2530,Consumer Defensive,Beverages - Non-Alcoholic,KO,FIZZ,0.366795286204637,0.3019051627991298,0.0266732680843481,False,,,,,-1.0,False
2531,Consumer Defensive,Beverages - Non-Alcoholic,PEP,MNST,0.2470235759095793,0.157188372300795,0.0296918087800882,False,,,,,-1.0,False
2532,Consumer Defensive,Beverages - Non-Alcoholic,PEP,CCEP,0.4923198346328385,0.4152017786194984,0.0340124205860922,False,,,,,-1.0,False
2533,Consumer Defensive,Beverages - Non-Alcoholic,PEP,KDP,0.4295630351316077,0.327540308710894,0.0362313731999949,False,,,,,-1.0,False
2534,Consumer Defensive,Beverages - Non-Alcoholic,PEP,COKE,0.2004801176297846,0.1656760150737499,0.0210734781630374,False,,,,,-1.0,False
2535,Consumer Defensive,Beverages - Non-Alcoholic,PEP,CELH,0.3141547781562563,0.1749323043356875,0.0557118918414116,False,,,,,-1.0,False
2536,Consumer Defensive,Beverages - Non-Alcoholic,PEP,COCO,-0.0022633023125444,-0.0548880286878599,0.0236667680045254,False,,,,,-1.0,False
2537,Consumer Defensive,Beverages - Non-Alcoholic,PEP,FIZZ,0.2807520212187875,0.1160106621920161,0.0729522712416045,False,,,,,-1.0,False
2538,Consumer Defensive,Beverages - Non-Alcoholic,MNST,CCEP,0.4019118462852666,0.3648618353838623,0.0216412183635925,False,,,,,-1.0,False
2539,Consumer Defensive,Beverages - Non-Alcoholic,MNST,KDP,0.4322461388089706,0.3855936759847549,0.0160955390161005,False,,,,,-1.0,False
2540,Consumer Defensive,Beverages - Non-Alcoholic,MNST,COKE,-0.0782599066136612,-0.0858965379129301,0.0113576296373302,False,,,,,-1.0,False
2541,Consumer Defensive,Beverages - Non-Alcoholic,MNST,CELH,0.1092365900515453,0.1092365900515453,0.0657717209635322,False,,,,,-1.0,False
2542,Consumer Defensive,Beverages - Non-Alcoholic,MNST,COCO,0.0078817558210513,0.0078817558210513,0.0495330025611633,False,,,,,-1.0,False
2543,Consumer Defensive,Beverages - Non-Alcoholic,MNST,FIZZ,0.2656072520290291,0.1767108119340227,0.0418166704888024,False,,,,,-1.0,False
2544,Consumer Defensive,Beverages - Non-Alcoholic,CCEP,KDP,0.404523251551131,0.3426719260615228,0.0271692116061273,False,,,,,-1.0,False
2545,Consumer Defensive,Beverages - Non-Alcoholic,CCEP,COKE,0.3615830691076762,0.2987687205114715,0.0221262611396672,False,,,,,-1.0,False
2546,Consumer Defensive,Beverages - Non-Alcoholic,CCEP,CELH,0.2818224719479505,0.145838834880009,0.0485112459020332,False,,,,,-1.0,False
2547,Consumer Defensive,Beverages - Non-Alcoholic,CCEP,COCO,-0.1985241083648057,-0.1985241083648057,0.0434469229994312,False,,,,,-1.0,False
2548,Consumer Defensive,Beverages - Non-Alcoholic,CCEP,FIZZ,0.368616618843757,0.2731354133809137,0.0466409546655721,False,,,,,-1.0,False
2549,Consumer Defensive,Beverages - Non-Alcoholic,KDP,COKE,0.3025749368725709,0.2324670873121965,0.0224395368712828,False,,,,,-1.0,False
2550,Consumer Defensive,Beverages - Non-Alcoholic,KDP,CELH,0.2679341699987339,0.2626835202229287,0.0321729990852091,False,,,,,-1.0,False
2551,Consumer Defensive,Beverages - Non-Alcoholic,KDP,COCO,-0.0896760022255369,-0.0896760022255369,0.0403010548496181,False,,,,,-1.0,False
2552,Consumer Defensive,Beverages - Non-Alcoholic,KDP,FIZZ,0.3000753119644965,0.1237077203927242,0.0691539375988697,False,,,,,-1.0,False
2553,Consumer Defensive,Beverages - Non-Alcoholic,COKE,CELH,0.2667969055936925,0.241703057796029,0.0081137976340283,False,,,,,-1.0,False
2554,Consumer Defensive,Beverages - Non-Alcoholic,COKE,COCO,-0.0004898905435174,-0.0004898905435174,0.0310931820338268,False,,,,,-1.0,False
2555,Consumer Defensive,Beverages - Non-Alcoholic,COKE,FIZZ,0.282989733432319,0.2664938808572313,0.0182349171068955,False,,,,,-1.0,False
2556,Consumer Defensive,Beverages - Non-Alcoholic,CELH,COCO,-0.051813050563682,-0.051813050563682,0.0661306006330418,False,,,,,-1.0,False
2557,Consumer Defensive,Beverages - Non-Alcoholic,CELH,FIZZ,0.3809619442749895,0.2939530673682214,0.0348253286584332,False,,,,,-1.0,False
2558,Consumer Defensive,Beverages - Non-Alcoholic,COCO,FIZZ,-0.0602195323055653,-0.0627151090787721,0.0311651565819343,False,,,,,-1.0,False
2559,Consumer Defensive,Household & Personal Products,PG,EL,0.3765186628942517,0.353197275668431,0.0329449561871498,False,,,,,-1.0,False
2560,Consumer Defensive,Household & Personal Products,PG,CHD,0.7399278667462451,0.6178177554570312,0.0411765915270656,False,,,,,-1.0,False
2561,Consumer Defensive,Household & Personal Products,PG,CLX,0.5237483731472492,0.5015695709430837,0.0093352063691376,False,,,,,-1.0,False
2562,Consumer Defensive,Household & Personal Products,PG,ELF,0.1787768608841171,0.1787768608841171,0.0461668544005155,False,,,,,-1.0,False
2563,Consumer Defensive,Household & Personal Products,PG,IPAR,0.5783591557361403,0.5567533541588228,0.0072909867180247,False,,,,,-1.0,False
2564,Consumer Defensive,Household & Personal Products,PG,COTY,0.4362090358228991,0.4002144865331997,0.0225462040671675,False,,,,,-1.0,False
2565,Consumer Defensive,Household & Personal Products,PG,SPB,0.3744856393768247,0.3514421689603745,0.0154615157467447,False,,,,,-1.0,False
2566,Consumer Defensive,Household & Personal Products,PG,NWL,0.2376529862452355,0.1497413207902456,0.0300115089212326,False,,,,,-1.0,False
2567,Consumer Defensive,Household & Personal Products,CL,KVUE,0.610516021128592,0.5820254356625234,0.0159932536794417,False,,,,,-1.0,False
2568,Consumer Defensive,Household & Personal Products,CL,KMB,0.6566107259229234,0.5985186684820696,0.0284009260122823,False,,,,,-1.0,False
2569,Consumer Defensive,Household & Personal Products,CL,EL,0.1827059795578001,0.1349806513442114,0.0406658659515384,False,,,,,-1.0,False
2570,Consumer Defensive,Household & Personal Products,CL,CHD,0.7273337658334038,0.6295332363866238,0.0395448863710212,False,,,,,-1.0,False
2571,Consumer Defensive,Household & Personal Products,CL,CLX,0.3721652444703973,0.3721652444703973,0.0143885749573184,False,,,,,-1.0,False
2572,Consumer Defensive,Household & Personal Products,CL,ELF,0.0484766440016165,0.0469900133767379,0.0205057161798217,False,,,,,-1.0,False
2573,Consumer Defensive,Household & Personal Products,CL,IPAR,0.4447730648374907,0.4015151478751325,0.016348367026464,False,,,,,-1.0,False
2574,Consumer Defensive,Household & Personal Products,CL,COTY,0.242832251198975,0.2219469811039646,0.0163095038321326,False,,,,,-1.0,False
2575,Consumer Defensive,Household & Personal Products,CL,SPB,0.2012575047271561,0.1813444978072274,0.0222068063451933,False,,,,,-1.0,False
2576,Consumer Defensive,Household & Personal Products,CL,NWL,0.1030307083526544,0.0346248121580449,0.0255820682744547,False,,,,,-1.0,False
2577,Consumer Defensive,Household & Personal Products,KVUE,EL,0.3604205894717634,0.3120979890579944,0.0188720058662471,False,,,,,-1.0,False
2578,Consumer Defensive,Household & Personal Products,KVUE,CHD,0.6589540675472835,0.6074423766521383,0.0244194542183316,False,,,,,-1.0,False
2579,Consumer Defensive,Household & Personal Products,KVUE,CLX,0.4892914734346734,0.410200706672553,0.0278189185334335,False,,,,,-1.0,False
2580,Consumer Defensive,Household & Personal Products,KVUE,ELF,0.3324716452011858,0.3324716452011858,0.0286745734727338,False,,,,,-1.0,False
2581,Consumer Defensive,Household & Personal Products,KVUE,IPAR,0.6297462928610826,0.5903337509687296,0.0176992992861693,False,,,,,-1.0,False
2582,Consumer Defensive,Household & Personal Products,KVUE,COTY,0.4277421538172347,0.4069579305998915,0.0149845593105336,False,,,,,-1.0,False
2583,Consumer Defensive,Household & Personal Products,KVUE,SPB,0.3115363980930459,0.310688796318844,0.0232065909448286,False,,,,,-1.0,False
2584,Consumer Defensive,Household & Personal Products,KVUE,NWL,0.2419988601178389,0.1398988256522469,0.0398598262698506,False,,,,,-1.0,False
2585,Consumer Defensive,Household & Personal Products,KMB,EL,0.3023378995224967,0.2592989833749089,0.037835313832043,False,,,,,-1.0,False
2586,Consumer Defensive,Household & Personal Products,KMB,CHD,0.6614179013541848,0.5902433543242586,0.0298380029516021,False,,,,,-1.0,False
2587,Consumer Defensive,Household & Personal Products,KMB,CLX,0.5702378139672185,0.4633522325479673,0.03879064612218,False,,,,,-1.0,False
2588,Consumer Defensive,Household & Personal Products,KMB,ELF,0.2893446300224103,0.2713521878519208,0.0280717967579369,False,,,,,-1.0,False
2589,Consumer Defensive,Household & Personal Products,KMB,IPAR,0.604998148475165,0.5926188506811219,0.0123201490395699,False,,,,,-1.0,False
2590,Consumer Defensive,Household & Personal Products,KMB,COTY,0.403496870326691,0.3790447690623757,0.0168189799299502,False,,,,,-1.0,False
2591,Consumer Defensive,Household & Personal Products,KMB,SPB,0.2595345348846716,0.2595345348846716,0.0183965600979736,False,,,,,-1.0,False
2592,Consumer Defensive,Household & Personal Products,KMB,NWL,0.2148533349871105,0.0857684152719418,0.0503754753980872,False,,,,,-1.0,False
2593,Consumer Defensive,Household & Personal Products,EL,CHD,0.2123591305748182,0.166819154928293,0.0154519957649401,False,,,,,-1.0,False
2594,Consumer Defensive,Household & Personal Products,EL,CLX,0.2462379412797357,0.2458979224364946,0.04277224045891,False,,,,,-1.0,False
2595,Consumer Defensive,Household & Personal Products,EL,ELF,0.4274183553639671,0.4274183553639671,0.0461522675400566,False,,,,,-1.0,False
2596,Consumer Defensive,Household & Personal Products,EL,IPAR,0.483530976962696,0.417804211474109,0.0216243560651614,False,,,,,-1.0,False
2597,Consumer Defensive,Household & Personal Products,EL,COTY,0.4944111795279555,0.4571762331450927,0.019144134095748,False,,,,,-1.0,False
2598,Consumer Defensive,Household & Personal Products,EL,SPB,0.3890349528187272,0.272903659200867,0.0471998347282962,False,,,,,-1.0,False
2599,Consumer Defensive,Household & Personal Products,EL,NWL,0.2490963765106808,0.2203233649026245,0.0271960733538596,False,,,,,-1.0,False
2600,Consumer Defensive,Household & Personal Products,CHD,CLX,0.5833334454896297,0.4385105105541942,0.0494267956113441,False,,,,,-1.0,False
2601,Consumer Defensive,Household & Personal Products,CHD,ELF,0.1703569306104715,0.1262292160475994,0.0325747768266165,False,,,,,-1.0,False
2602,Consumer Defensive,Household & Personal Products,CHD,IPAR,0.5865118652077463,0.4686982418685114,0.0398088492153241,False,,,,,-1.0,False
2603,Consumer Defensive,Household & Personal Products,CHD,COTY,0.3004533459870956,0.2229963825679695,0.0275285337543951,False,,,,,-1.0,False
2604,Consumer Defensive,Household & Personal Products,CHD,SPB,0.3863974869138734,0.3347345513107982,0.0263426604271185,False,,,,,-1.0,False
2605,Consumer Defensive,Household & Personal Products,CHD,NWL,0.1628301225456295,0.0543514399030573,0.0378523550670239,False,,,,,-1.0,False
2606,Consumer Defensive,Household & Personal Products,CLX,ELF,0.2494129613988964,0.2494129613988964,0.0362813373900781,False,,,,,-1.0,False
2607,Consumer Defensive,Household & Personal Products,CLX,IPAR,0.5362789454970119,0.5222075839231922,0.0097260330159335,False,,,,,-1.0,False
2608,Consumer Defensive,Household & Personal Products,CLX,COTY,0.228352615112388,0.2091502025768662,0.0153495311725301,False,,,,,-1.0,False
2609,Consumer Defensive,Household & Personal Products,CLX,SPB,0.2066166520803609,0.1572732867201086,0.0204851740513823,False,,,,,-1.0,False
2610,Consumer Defensive,Household & Personal Products,CLX,NWL,0.1580677833342207,0.1459021444750968,0.007660195684596,False,,,,,-1.0,False
2611,Consumer Defensive,Household & Personal Products,ELF,IPAR,0.4072837572679467,0.4072837572679467,0.025870375060295,False,,,,,-1.0,False
2612,Consumer Defensive,Household & Personal Products,ELF,COTY,0.480776784979372,0.3972166496174953,0.0286842742905995,False,,,,,-1.0,False
2613,Consumer Defensive,Household & Personal Products,ELF,SPB,0.2434484516674395,0.2434484516674395,0.0175376493842702,False,,,,,-1.0,False
2614,Consumer Defensive,Household & Personal Products,ELF,NWL,0.1886921751832602,0.1886921751832602,0.0311947553675449,False,,,,,-1.0,False
2615,Consumer Defensive,Household & Personal Products,IPAR,COTY,0.5993405046964482,0.5919966774009933,0.0040192356979252,False,,,,,-1.0,False
2616,Consumer Defensive,Household & Personal Products,IPAR,SPB,0.4746140969397285,0.4649342477676925,0.017330236530461,False,,,,,-1.0,False
2617,Consumer Defensive,Household & Personal Products,IPAR,NWL,0.2724540302315524,0.2226240007850461,0.029859182577258,False,,,,,-1.0,False
2618,Consumer Defensive,Household & Personal Products,COTY,SPB,0.3486162382168614,0.3051159984235215,0.0198936767726738,False,,,,,-1.0,False
2619,Consumer Defensive,Household & Personal Products,COTY,NWL,0.1185721791377296,0.0648568077269976,0.0258998438234539,False,,,,,-1.0,False
2620,Consumer Defensive,Household & Personal Products,SPB,NWL,0.2748452866978281,0.272247854564549,0.0164222653862035,False,,,,,-1.0,False
2621,Consumer Defensive,Tobacco,PM,MO,0.4667966620287663,0.4160598262998504,0.0187543447677476,False,,,,,-1.0,False
2622,Consumer Defensive,Tobacco,PM,TPB,0.2209580880583499,0.2209580880583499,0.0335044030187047,False,,,,,-1.0,False
2623,Consumer Defensive,Tobacco,PM,UVV,0.4153623790198401,0.2995638958733135,0.037012191010728,False,,,,,-1.0,False
2624,Consumer Defensive,Tobacco,MO,TPB,0.0983869029002605,0.0881290027689587,0.0081852028165928,False,,,,,-1.0,False
2625,Consumer Defensive,Tobacco,MO,UVV,0.3241855405602279,0.2987109837186178,0.0101283033720049,False,,,,,-1.0,False
2626,Consumer Defensive,Tobacco,TPB,UVV,0.1992706903550846,0.0833783299887744,0.0397584049547489,False,,,,,-1.0,False
2627,Consumer Defensive,Grocery Stores,KR,SFM,0.3799436724637162,0.37577941652057,0.013057118447682,False,,,,,-1.0,False
2628,Consumer Defensive,Grocery Stores,KR,WMK,0.3653588181789162,0.3432513298195614,0.0292248869390685,False,,,,,-1.0,False
2629,Consumer Defensive,Grocery Stores,KR,IMKTA,0.2153731725429546,0.2145806422724477,0.0177595203342622,False,,,,,-1.0,False
2630,Consumer Defensive,Grocery Stores,SFM,ACI,0.3793652310365085,0.3793652310365085,0.0066359573864493,False,,,,,-1.0,False
2631,Consumer Defensive,Grocery Stores,SFM,WMK,0.3723962794123222,0.3220632133537889,0.0256771813133862,False,,,,,-1.0,False
2632,Consumer Defensive,Grocery Stores,SFM,IMKTA,0.2092060945721976,0.1694019557106035,0.0173649289484489,False,,,,,-1.0,False
2633,Consumer Defensive,Grocery Stores,ACI,WMK,0.3837702405764963,0.3837702405764963,0.010965109485975,False,,,,,-1.0,False
2634,Consumer Defensive,Grocery Stores,ACI,IMKTA,0.2986994125955875,0.2732287686705397,0.0083006089699818,False,,,,,-1.0,False
2635,Consumer Defensive,Farm Products,ADM,TSN,0.1397313332262531,0.1022628181910216,0.0394859770156535,False,,,,,-1.0,False
2636,Consumer Defensive,Farm Products,ADM,CALM,0.2338793007104989,0.2338793007104989,0.0259294782349148,False,,,,,-1.0,False
2637,Consumer Defensive,Farm Products,ADM,AGRO,0.258600042994536,0.2072305811746986,0.0169704852644755,False,,,,,-1.0,False
2638,Consumer Defensive,Farm Products,ADM,FDP,-0.0379030189326084,-0.0379030189326084,0.0269796339531839,False,,,,,-1.0,False
2639,Consumer Defensive,Farm Products,ADM,DOLE,-0.0398441226132642,-0.0398441226132642,0.0335262971534685,False,,,,,-1.0,False
2640,Consumer Defensive,Farm Products,BG,TSN,0.1344658693649367,0.075709795601684,0.0500393045840288,False,,,,,-1.0,False
2641,Consumer Defensive,Farm Products,BG,CALM,0.1244044528596115,0.1183416223176795,0.0178460105546285,False,,,,,-1.0,False
2642,Consumer Defensive,Farm Products,BG,AGRO,0.2695241590382201,0.2015716235869352,0.0229071217457949,False,,,,,-1.0,False
2643,Consumer Defensive,Farm Products,BG,FDP,0.0392949052493614,0.035983293605394,0.0414661689259154,False,,,,,-1.0,False
2644,Consumer Defensive,Farm Products,BG,DOLE,0.0811166151155224,0.0809210701572983,0.0178726162003883,False,,,,,-1.0,False
2645,Consumer Defensive,Farm Products,TSN,CALM,0.0205863432436694,0.0087193923267068,0.034263216122445,False,,,,,-1.0,False
2646,Consumer Defensive,Farm Products,TSN,AGRO,0.0340605830204358,0.0054108607900149,0.0126253112934188,False,,,,,-1.0,False
2647,Consumer Defensive,Farm Products,TSN,FDP,0.2651413861449029,0.2184187698643595,0.0262709295035552,False,,,,,-1.0,False
2648,Consumer Defensive,Farm Products,TSN,DOLE,0.2994159414813065,0.2955595914511752,0.0060700328624422,False,,,,,-1.0,False
2649,Consumer Defensive,Farm Products,CALM,AGRO,-0.0795196861311355,-0.1078727851972054,0.0088957047476528,False,,,,,-1.0,False
2650,Consumer Defensive,Farm Products,CALM,FDP,0.0848740220406342,-0.0007322720698843,0.0349866237786029,False,,,,,-1.0,False
2651,Consumer Defensive,Farm Products,CALM,DOLE,-0.0840431803926737,-0.1204534254332047,0.0152663624866304,False,,,,,-1.0,False
2652,Consumer Defensive,Farm Products,AGRO,FDP,-0.0185495229716252,-0.0736880785986635,0.0192401378018659,False,,,,,-1.0,False
2653,Consumer Defensive,Farm Products,AGRO,DOLE,-0.174602071604624,-0.1869308655541948,0.0154687657497486,False,,,,,-1.0,False
2654,Consumer Defensive,Farm Products,FDP,DOLE,0.4340244862325641,0.3742303719987571,0.0211807348886337,False,,,,,-1.0,False
2655,Consumer Defensive,Food Distribution,SYY,USFD,0.652777738110886,0.3953279796315941,0.1156931813653332,False,,,,,-1.0,False
2656,Consumer Defensive,Food Distribution,SYY,PFGC,0.5260838164789591,0.2156619656793783,0.1388365698507134,False,,,,,-1.0,False
2657,Consumer Defensive,Food Distribution,SYY,CHEF,0.2982430259730849,0.2455532299359623,0.0276459751546511,False,,,,,-1.0,False
2658,Consumer Defensive,Food Distribution,SYY,UNFI,0.0458402066107265,0.0389195807608502,0.0345566899466698,False,,,,,-1.0,False
2659,Consumer Defensive,Food Distribution,SYY,ANDE,-0.1069145549269716,-0.1318276207344383,0.0568770745389454,False,,,,,-1.0,False
2660,Consumer Defensive,Food Distribution,USFD,PFGC,0.535108110308386,0.4336565553998632,0.0447727535609463,False,,,,,-1.0,False
2661,Consumer Defensive,Food Distribution,USFD,CHEF,0.43655492910047,0.43655492910047,0.0201447557745427,False,,,,,-1.0,False
2662,Consumer Defensive,Food Distribution,USFD,UNFI,0.0256736804242074,-0.0105884877486825,0.0276408225537264,False,,,,,-1.0,False
2663,Consumer Defensive,Food Distribution,USFD,ANDE,-0.0863451262704596,-0.1242385416208365,0.0827280530539731,False,,,,,-1.0,False
2664,Consumer Defensive,Food Distribution,PFGC,CHEF,0.3929744601843113,0.3929744601843113,0.0198450326621834,False,,,,,-1.0,False
2665,Consumer Defensive,Food Distribution,PFGC,UNFI,0.1345163186348399,0.0772183090673685,0.0337152232489183,False,,,,,-1.0,False
2666,Consumer Defensive,Food Distribution,PFGC,ANDE,-0.3261666593409704,-0.3638258526223744,0.0765113390282553,False,,,,,-1.0,False
2667,Consumer Defensive,Food Distribution,CHEF,UNFI,0.2035658140279901,0.1759721828070288,0.0162385096970366,False,,,,,-1.0,False
2668,Consumer Defensive,Food Distribution,CHEF,ANDE,-0.0580067847084349,-0.0580067847084349,0.0628254460756194,False,,,,,-1.0,False
2669,Consumer Defensive,Food Distribution,UNFI,ANDE,0.2780448831628393,0.2743151598934044,0.0326504632348393,False,,,,,-1.0,False
2670,Consumer Defensive,Packaged Foods (1),KHC,GIS,0.6953786456196644,0.5763940655175399,0.0457412406515805,False,,,,,-1.0,False
2671,Consumer Defensive,Packaged Foods (1),KHC,MKC,0.4759465264679428,0.4047537075247031,0.0248713850229461,False,,,,,-1.0,False
2672,Consumer Defensive,Packaged Foods (1),KHC,SJM,0.4510093363725202,0.2937409285315198,0.0560064352081888,False,,,,,-1.0,False
2673,Consumer Defensive,Packaged Foods (1),KHC,CAG,0.6474071028173349,0.6239402836709956,0.0179071202410824,False,,,,,-1.0,False
2674,Consumer Defensive,Packaged Foods (1),KHC,INGR,0.2898004369370629,0.2497140485803214,0.0493746931377269,False,,,,,-1.0,False
2675,Consumer Defensive,Packaged Foods (1),KHC,CPB,0.5587204496504143,0.4801850728980101,0.0244058291476406,False,,,,,-1.0,False
2676,Consumer Defensive,Packaged Foods (1),KHC,LW,0.2361748185128265,0.231780319665831,0.014013779427413,False,,,,,-1.0,False
2677,Consumer Defensive,Packaged Foods (1),KHC,POST,0.4249804321218773,0.3188324498544456,0.0526568408806547,False,,,,,-1.0,False
2678,Consumer Defensive,Packaged Foods (1),KHC,FRPT,0.1074521217377902,-0.0339588862580427,0.0515332764104493,False,,,,,-1.0,False
2679,Consumer Defensive,Packaged Foods (1),KHC,FLO,0.3859386118087036,0.2448226882912242,0.0612496807786054,False,,,,,-1.0,False
2680,Consumer Defensive,Packaged Foods (1),KHC,JJSF,0.3492386418923907,0.2289046647029821,0.0446423768465098,False,,,,,-1.0,False
2681,Consumer Defensive,Packaged Foods (1),KHC,HLF,0.1767221507731904,0.132964097576794,0.0267390517474792,False,,,,,-1.0,False
2682,Consumer Defensive,Packaged Foods (1),GIS,MKC,0.3611323852881233,0.2841021156943678,0.0298366179065436,False,,,,,-1.0,False
2683,Consumer Defensive,Packaged Foods (1),GIS,SJM,0.4783045563336883,0.3236123115626571,0.0601302745154069,False,,,,,-1.0,False
2684,Consumer Defensive,Packaged Foods (1),GIS,INGR,0.2631288595459287,0.1884973752421514,0.0722830168163548,False,,,,,-1.0,False
2685,Consumer Defensive,Packaged Foods (1),GIS,CPB,0.6660701389166287,0.6077280392206551,0.0217313837108758,False,,,,,-1.0,False
2686,Consumer Defensive,Packaged Foods (1),GIS,LW,0.2671642972411592,0.1997816919632418,0.0227467032998832,False,,,,,-1.0,False
2687,Consumer Defensive,Packaged Foods (1),GIS,POST,0.4217707275137773,0.3120223442983361,0.051529190650586,False,,,,,-1.0,False
2688,Consumer Defensive,Packaged Foods (1),GIS,FRPT,0.1056351101174904,0.0925625650411803,0.0382119117440177,False,,,,,-1.0,False
2689,Consumer Defensive,Packaged Foods (1),GIS,FLO,0.5064025243559283,0.3325292881813643,0.0711669654390689,False,,,,,-1.0,False
2690,Consumer Defensive,Packaged Foods (1),GIS,JJSF,0.290634525419071,0.2088852266383343,0.0333488089750552,False,,,,,-1.0,False
2691,Consumer Defensive,Packaged Foods (1),GIS,HLF,0.1172943035639851,0.0537206364701562,0.0289041169696789,False,,,,,-1.0,False
2692,Consumer Defensive,Packaged Foods (1),MKC,SJM,0.3323978435927879,0.1525483874847098,0.0534842878917585,False,,,,,-1.0,False
2693,Consumer Defensive,Packaged Foods (1),MKC,CAG,0.450414180766845,0.361376719085546,0.0355430709903599,False,,,,,-1.0,False
2694,Consumer Defensive,Packaged Foods (1),MKC,INGR,0.1365002473521455,0.1134726508945918,0.0490382587768303,False,,,,,-1.0,False
2695,Consumer Defensive,Packaged Foods (1),MKC,CPB,0.4446472284642042,0.2940664257823058,0.0493737900974249,False,,,,,-1.0,False
2696,Consumer Defensive,Packaged Foods (1),MKC,LW,0.3446015898917136,0.2721340261881116,0.0328672986837695,False,,,,,-1.0,False
2697,Consumer Defensive,Packaged Foods (1),MKC,POST,0.2476082947236244,0.1376473838627366,0.0385711177646319,False,,,,,-1.0,False
2698,Consumer Defensive,Packaged Foods (1),MKC,FRPT,0.2949816658895036,0.0791046552429432,0.0639179190189141,False,,,,,-1.0,False
2699,Consumer Defensive,Packaged Foods (1),MKC,FLO,0.4038669680480607,0.284256892339476,0.04203392859691,False,,,,,-1.0,False
2700,Consumer Defensive,Packaged Foods (1),MKC,JJSF,0.3757140566959203,0.3534883063232167,0.0156620104020373,False,,,,,-1.0,False
2701,Consumer Defensive,Packaged Foods (1),MKC,HLF,0.3015363736903224,0.2104343630965804,0.0302799881803866,False,,,,,-1.0,False
2702,Consumer Defensive,Packaged Foods (1),SJM,CAG,0.4930512659428289,0.2569270665685852,0.0863717944271563,False,,,,,-1.0,False
2703,Consumer Defensive,Packaged Foods (1),SJM,INGR,0.2850222000482075,0.2272737458393466,0.0411381251484928,False,,,,,-1.0,False
2704,Consumer Defensive,Packaged Foods (1),SJM,CPB,0.574101474389276,0.3279814992720856,0.0866432202197538,False,,,,,-1.0,False
2705,Consumer Defensive,Packaged Foods (1),SJM,LW,0.3468653904684022,0.2602048718356474,0.0276303882594142,False,,,,,-1.0,False
2706,Consumer Defensive,Packaged Foods (1),SJM,POST,0.5439519063977639,0.3479085367944942,0.0716383707297539,False,,,,,-1.0,False
2707,Consumer Defensive,Packaged Foods (1),SJM,FRPT,0.2041703208143978,0.2041703208143978,0.0315266236086567,False,,,,,-1.0,False
2708,Consumer Defensive,Packaged Foods (1),SJM,FLO,0.3640360811326961,0.2225324795510192,0.0511047087401954,False,,,,,-1.0,False
2709,Consumer Defensive,Packaged Foods (1),SJM,JJSF,0.2633248210107463,0.1414349488748786,0.0423165381251919,False,,,,,-1.0,False
2710,Consumer Defensive,Packaged Foods (1),SJM,HLF,0.0549470588577631,0.0292436089781481,0.0148381451902059,False,,,,,-1.0,False
2711,Consumer Defensive,Packaged Foods (1),CAG,INGR,0.2417795424782602,0.2184741352882985,0.0697436982254829,False,,,,,-1.0,False
2712,Consumer Defensive,Packaged Foods (1),CAG,CPB,0.6708777485776207,0.6378151670846378,0.0165092043307509,False,,,,,-1.0,False
2713,Consumer Defensive,Packaged Foods (1),CAG,LW,0.3339231270293639,0.2795046812644156,0.0182714752203279,False,,,,,-1.0,False
2714,Consumer Defensive,Packaged Foods (1),CAG,POST,0.4410698523744146,0.3265611225442368,0.0477001601839169,False,,,,,-1.0,False
2715,Consumer Defensive,Packaged Foods (1),CAG,FRPT,0.0939808197741711,-0.0495027166566199,0.0528585723065515,False,,,,,-1.0,False
2716,Consumer Defensive,Packaged Foods (1),CAG,FLO,0.4962043029775894,0.3050053136243627,0.0780365423776642,False,,,,,-1.0,False
2717,Consumer Defensive,Packaged Foods (1),CAG,JJSF,0.314420656286946,0.2395694638196572,0.0290082369220614,False,,,,,-1.0,False
2718,Consumer Defensive,Packaged Foods (1),CAG,HLF,0.0477266391195727,0.0124865122730354,0.0445323162439446,False,,,,,-1.0,False
2719,Consumer Defensive,Packaged Foods (1),INGR,CPB,0.2265107863326999,0.1804622520311784,0.0423174540082926,False,,,,,-1.0,False
2720,Consumer Defensive,Packaged Foods (1),INGR,LW,0.3489832029416655,0.2428711806814427,0.0444677536398359,False,,,,,-1.0,False
2721,Consumer Defensive,Packaged Foods (1),INGR,POST,0.2891524675218949,0.2596676112683072,0.0461872593200201,False,,,,,-1.0,False
2722,Consumer Defensive,Packaged Foods (1),INGR,FRPT,0.0425469336795194,-0.0045933808690231,0.0359581885177668,False,,,,,-1.0,False
2723,Consumer Defensive,Packaged Foods (1),INGR,FLO,0.3469814593605547,0.3260066155540712,0.0190332460035681,False,,,,,-1.0,False
2724,Consumer Defensive,Packaged Foods (1),INGR,JJSF,0.4090262836650732,0.3780277896178388,0.011812376145823,False,,,,,-1.0,False
2725,Consumer Defensive,Packaged Foods (1),INGR,HLF,0.0858584651561709,0.054310533129994,0.0308860997405463,False,,,,,-1.0,False
2726,Consumer Defensive,Packaged Foods (1),CPB,LW,0.4203293183620975,0.3135355643479294,0.0362936169086516,False,,,,,-1.0,False
2727,Consumer Defensive,Packaged Foods (1),CPB,POST,0.4149794040351433,0.241090677730368,0.0648226836222363,False,,,,,-1.0,False
2728,Consumer Defensive,Packaged Foods (1),CPB,FRPT,-0.036100885013489,-0.1314351326170071,0.0435174129357916,False,,,,,-1.0,False
2729,Consumer Defensive,Packaged Foods (1),CPB,FLO,0.62707066448955,0.3494264894487421,0.1039138422623551,False,,,,,-1.0,False
2730,Consumer Defensive,Packaged Foods (1),CPB,JJSF,0.3424541365656489,0.1870396652710671,0.053655978810472,False,,,,,-1.0,False
2731,Consumer Defensive,Packaged Foods (1),CPB,HLF,0.0645531345950277,0.0417835668542753,0.0316301340009228,False,,,,,-1.0,False
2732,Consumer Defensive,Packaged Foods (1),LW,POST,0.379264376650242,0.3514181044340978,0.0164775813817906,False,,,,,-1.0,False
2733,Consumer Defensive,Packaged Foods (1),LW,FRPT,0.1641785719942303,0.0889111159698226,0.032462502705394,False,,,,,-1.0,False
2734,Consumer Defensive,Packaged Foods (1),LW,FLO,0.374809222194424,0.1792891402751942,0.0733545741113228,False,,,,,-1.0,False
2735,Consumer Defensive,Packaged Foods (1),LW,JJSF,0.4234449665968652,0.1962269949754371,0.0752878230339876,False,,,,,-1.0,False
2736,Consumer Defensive,Packaged Foods (1),LW,HLF,0.3309084166453027,0.3309084166453027,0.0279941311494753,False,,,,,-1.0,False
2737,Consumer Defensive,Packaged Foods (1),POST,FRPT,0.1665166571670913,0.163245755091865,0.0167793256390955,False,,,,,-1.0,False
2738,Consumer Defensive,Packaged Foods (1),POST,FLO,0.3061369478972679,0.1468268283233092,0.0662803507183108,False,,,,,-1.0,False
2739,Consumer Defensive,Packaged Foods (1),POST,JJSF,0.4063252881278698,0.2979580861372909,0.0348646079031214,False,,,,,-1.0,False
2740,Consumer Defensive,Packaged Foods (1),POST,HLF,0.2461936664400667,0.2158992048397912,0.0157489672515259,False,,,,,-1.0,False
2741,Consumer Defensive,Packaged Foods (1),FRPT,FLO,0.0317392640638253,-0.0009108606913364,0.0361154789801801,False,,,,,-1.0,False
2742,Consumer Defensive,Packaged Foods (1),FRPT,JJSF,0.2253997866597841,0.1873786305762033,0.0672331861463657,False,,,,,-1.0,False
2743,Consumer Defensive,Packaged Foods (1),FRPT,HLF,0.3447031844122263,0.3185556240218634,0.0176205420072243,False,,,,,-1.0,False
2744,Consumer Defensive,Packaged Foods (1),FLO,JJSF,0.3565573580417175,0.2908684061967357,0.0286877361983547,False,,,,,-1.0,False
2745,Consumer Defensive,Packaged Foods (1),FLO,HLF,0.1966082309264972,0.1097437204429377,0.0316636103837139,False,,,,,-1.0,False
2746,Consumer Defensive,Packaged Foods (1),JJSF,HLF,0.3145402592461971,0.1239525731701611,0.0618204266735424,False,,,,,-1.0,False
2747,Consumer Defensive,Education & Training Services,LAUR,LOPE,0.5309872414988163,0.4332520375731574,0.0351363114515387,False,,,,,-1.0,False
2748,Consumer Defensive,Education & Training Services,LAUR,LRN,0.2682092863506256,0.2331607920909607,0.0179107381397509,False,,,,,-1.0,False
2749,Consumer Defensive,Education & Training Services,LAUR,PRDO,0.6745225496501925,0.5215396351012074,0.0500596050656329,False,,,,,-1.0,False
2750,Consumer Defensive,Education & Training Services,LAUR,UTI,0.3796530564821408,0.2447437566252613,0.0456655523255954,False,,,,,-1.0,False
2751,Consumer Defensive,Education & Training Services,LAUR,STRA,0.638983249077398,0.4748804352792488,0.0554618083141052,False,,,,,-1.0,False
2752,Consumer Defensive,Education & Training Services,LAUR,COUR,0.2705644824554081,0.2557943922190679,0.0170678346370245,False,,,,,-1.0,False
2753,Consumer Defensive,Education & Training Services,LAUR,LINC,0.5070608387165113,0.343491201474948,0.0660087530947592,False,,,,,-1.0,False
2754,Consumer Defensive,Education & Training Services,LOPE,LRN,0.3743871357445931,0.2964824667080187,0.0356565769577431,False,,,,,-1.0,False
2755,Consumer Defensive,Education & Training Services,LOPE,UTI,0.5262935623715714,0.4420666526166522,0.0345022410870347,False,,,,,-1.0,False
2756,Consumer Defensive,Education & Training Services,LOPE,COUR,0.3671594335643385,0.3406965284772145,0.0171124050479331,False,,,,,-1.0,False
2757,Consumer Defensive,Education & Training Services,LOPE,LINC,0.4380776496004607,0.3253153210017671,0.0388513998746321,False,,,,,-1.0,False
2758,Consumer Defensive,Education & Training Services,LRN,PRDO,0.3543493308881865,0.281550195372904,0.0276333063700695,False,,,,,-1.0,False
2759,Consumer Defensive,Education & Training Services,LRN,UTI,0.4882738826457883,0.3769156248568216,0.0377208708630686,False,,,,,-1.0,False
2760,Consumer Defensive,Education & Training Services,LRN,STRA,0.4075557825424873,0.2932236333069569,0.0447069966988054,False,,,,,-1.0,False
2761,Consumer Defensive,Education & Training Services,LRN,COUR,0.0510675884998992,0.0510675884998992,0.013630129648993,False,,,,,-1.0,False
2762,Consumer Defensive,Education & Training Services,LRN,LINC,0.3611125629907339,0.3239498148712011,0.0154302723027615,False,,,,,-1.0,False
2763,Consumer Defensive,Education & Training Services,PRDO,UTI,0.5698817763716473,0.408358615634257,0.0621512443854444,False,,,,,-1.0,False
2764,Consumer Defensive,Education & Training Services,PRDO,STRA,0.7630044324658128,0.5662531598897278,0.0677496722391397,False,,,,,-1.0,False
2765,Consumer Defensive,Education & Training Services,PRDO,COUR,0.3370200512928406,0.32345272146589,0.0126749278486828,False,,,,,-1.0,False
2766,Consumer Defensive,Education & Training Services,PRDO,LINC,0.5858564965641063,0.411377589428326,0.0718508794126273,False,,,,,-1.0,False
2767,Consumer Defensive,Education & Training Services,UTI,STRA,0.5031230103556995,0.3420246450923013,0.0683277235240161,False,,,,,-1.0,False
2768,Consumer Defensive,Education & Training Services,UTI,COUR,0.1064910622737772,0.0437050247865475,0.0202375868407914,False,,,,,-1.0,False
2769,Consumer Defensive,Education & Training Services,STRA,COUR,0.4362791747417957,0.4337868538056937,0.0256815366620958,False,,,,,-1.0,False
2770,Consumer Defensive,Education & Training Services,STRA,LINC,0.5119355272680998,0.2767183597839506,0.0975977532880943,False,,,,,-1.0,False
2771,Consumer Defensive,Education & Training Services,COUR,LINC,0.1321818872523269,0.0419455853265377,0.036898702129208,False,,,,,-1.0,False
2772,Healthcare,Drug Manufacturers - General,LLY,JNJ,0.5138204812637459,0.4217895248671455,0.0318972213906319,False,,,,,-1.0,False
2773,Healthcare,Drug Manufacturers - General,LLY,ABBV,0.490474770140939,0.3814381462555791,0.0349696975608832,False,,,,,-1.0,False
2774,Healthcare,Drug Manufacturers - General,LLY,MRK,0.5123678055489783,0.4256915897810999,0.0333526892603658,False,,,,,-1.0,False
2775,Healthcare,Drug Manufacturers - General,LLY,AMGN,0.4213363340777598,0.4213363340777598,0.0123124671109573,False,,,,,-1.0,False
2776,Healthcare,Drug Manufacturers - General,LLY,GILD,0.5127707805009838,0.5028077294153094,0.0248593080976737,False,,,,,-1.0,False
2777,Healthcare,Drug Manufacturers - General,LLY,PFE,0.4026539777108534,0.2598353561996385,0.0710052495293851,False,,,,,-1.0,False
2778,Healthcare,Drug Manufacturers - General,LLY,BMY,0.5186386685567912,0.4232962109007755,0.0434215876975386,False,,,,,-1.0,False
2779,Healthcare,Drug Manufacturers - General,LLY,BIIB,0.3116498079502626,0.1139716096929617,0.0610667592732451,False,,,,,-1.0,False
2780,Healthcare,Drug Manufacturers - General,LLY,OGN,-0.2009754917947459,-0.2009754917947459,0.0227714424502183,False,,,,,-1.0,False
2781,Healthcare,Drug Manufacturers - General,JNJ,ABBV,0.5858266207767252,0.4817023376186211,0.0417684236820394,False,,,,,-1.0,False
2782,Healthcare,Drug Manufacturers - General,JNJ,MRK,0.6241088070804849,0.5598722039539884,0.0278744665678641,False,,,,,-1.0,False
2783,Healthcare,Drug Manufacturers - General,JNJ,AMGN,0.4711517900861623,0.4367833167857471,0.0177920241820176,False,,,,,-1.0,False
2784,Healthcare,Drug Manufacturers - General,JNJ,GILD,0.4064221458998323,0.3624889704781889,0.0234759728982064,False,,,,,-1.0,False
2785,Healthcare,Drug Manufacturers - General,JNJ,PFE,0.3122047466022851,0.2317312107073568,0.0426575919820956,False,,,,,-1.0,False
2786,Healthcare,Drug Manufacturers - General,JNJ,BMY,0.5252646233003807,0.4521962292268358,0.0343393192065254,False,,,,,-1.0,False
2787,Healthcare,Drug Manufacturers - General,JNJ,BIIB,0.2954367342175347,0.144103257938748,0.0515507236029111,False,,,,,-1.0,False
2788,Healthcare,Drug Manufacturers - General,JNJ,OGN,-0.156757073585473,-0.1779351511772237,0.0080516443057447,False,,,,,-1.0,False
2789,Healthcare,Drug Manufacturers - General,ABBV,MRK,0.5639409788198241,0.4046181955992757,0.0590299783343098,False,,,,,-1.0,False
2790,Healthcare,Drug Manufacturers - General,ABBV,AMGN,0.5680461428542315,0.5040647170718007,0.0241865812488274,False,,,,,-1.0,False
2791,Healthcare,Drug Manufacturers - General,ABBV,GILD,0.3831334944249872,0.3788396877221349,0.0245564776687202,False,,,,,-1.0,False
2792,Healthcare,Drug Manufacturers - General,ABBV,PFE,0.3417852146627584,0.2718385102941452,0.03008565902857,False,,,,,-1.0,False
2793,Healthcare,Drug Manufacturers - General,ABBV,BMY,0.6313887937608256,0.6183237651943656,0.0131619907482092,False,,,,,-1.0,False
2794,Healthcare,Drug Manufacturers - General,ABBV,BIIB,0.3428550698722248,0.1689762929397537,0.0593222740012511,False,,,,,-1.0,False
2795,Healthcare,Drug Manufacturers - General,ABBV,OGN,-0.1189604053787037,-0.133520161870586,0.0202591815811348,False,,,,,-1.0,False
2796,Healthcare,Drug Manufacturers - General,MRK,AMGN,0.5635573150146805,0.4804288554510977,0.0337809282805628,False,,,,,-1.0,False
2797,Healthcare,Drug Manufacturers - General,MRK,GILD,0.4329434277735546,0.361964607730559,0.0327406812185646,False,,,,,-1.0,False
2798,Healthcare,Drug Manufacturers - General,MRK,PFE,0.3849937515054764,0.2397230499645694,0.0562451568906344,False,,,,,-1.0,False
2799,Healthcare,Drug Manufacturers - General,MRK,BMY,0.5539447124951611,0.4380688727596506,0.0431071069461293,False,,,,,-1.0,False
2800,Healthcare,Drug Manufacturers - General,MRK,BIIB,0.3568984058806441,0.1245558865430329,0.0881217318260057,False,,,,,-1.0,False
2801,Healthcare,Drug Manufacturers - General,MRK,OGN,-0.1215664315603801,-0.1215664315603801,0.013886019619147,False,,,,,-1.0,False
2802,Healthcare,Drug Manufacturers - General,AMGN,GILD,0.492602912782173,0.4484353311411082,0.0217798459316442,False,,,,,-1.0,False
2803,Healthcare,Drug Manufacturers - General,AMGN,PFE,0.4050989693205912,0.2644706846812308,0.0576896043057117,False,,,,,-1.0,False
2804,Healthcare,Drug Manufacturers - General,AMGN,BMY,0.6325955813361918,0.6095263161697232,0.0089898016998476,False,,,,,-1.0,False
2805,Healthcare,Drug Manufacturers - General,AMGN,BIIB,0.3272727526018525,0.2163311052878418,0.0458269001691199,False,,,,,-1.0,False
2806,Healthcare,Drug Manufacturers - General,AMGN,OGN,-0.0549624294539209,-0.0549624294539209,0.0235001169000709,False,,,,,-1.0,False
2807,Healthcare,Drug Manufacturers - General,GILD,PFE,0.3654537647680967,0.2972946207799424,0.0337515337381733,False,,,,,-1.0,False
2808,Healthcare,Drug Manufacturers - General,GILD,BMY,0.4716683567439647,0.4183925794775454,0.0260889237950036,False,,,,,-1.0,False
2809,Healthcare,Drug Manufacturers - General,GILD,BIIB,0.2730379242720814,0.139351977346315,0.046904580750158,False,,,,,-1.0,False
2810,Healthcare,Drug Manufacturers - General,GILD,OGN,-0.0510812415522226,-0.0510812415522226,0.0267084827384879,False,,,,,-1.0,False
2811,Healthcare,Drug Manufacturers - General,PFE,BMY,0.6090939405111596,0.4768237045499412,0.0518707130082204,False,,,,,-1.0,False
2812,Healthcare,Drug Manufacturers - General,PFE,BIIB,0.3081180921211403,0.2479536059955425,0.0188165565187214,False,,,,,-1.0,False
2813,Healthcare,Drug Manufacturers - General,PFE,OGN,0.0090015772775696,0.0090015772775696,0.0086726075551017,False,,,,,-1.0,False
2814,Healthcare,Drug Manufacturers - General,BMY,BIIB,0.3759717416845105,0.1824932975137605,0.0766518294889686,False,,,,,-1.0,False
2815,Healthcare,Drug Manufacturers - General,BMY,OGN,-0.0642649232829493,-0.0642649232829493,0.0130043161684294,False,,,,,-1.0,False
2816,Healthcare,Drug Manufacturers - General,BIIB,OGN,-0.153221472362952,-0.1772144680033817,0.01095196492625,False,,,,,-1.0,False
2817,Healthcare,Healthcare Plans,UNH,CVS,0.5282770387295159,0.5239319405572866,0.0184227007140269,False,,,,,-1.0,False
2818,Healthcare,Healthcare Plans,UNH,ELV,0.568317184373876,0.568317184373876,0.0119059006599422,False,,,,,-1.0,False
2819,Healthcare,Healthcare Plans,UNH,CI,0.3966156981426633,0.3966156981426633,0.0215287335548316,False,,,,,-1.0,False
2820,Healthcare,Healthcare Plans,UNH,HUM,0.5948875742960092,0.5948875742960092,0.0390505766838618,False,,,,,-1.0,False
2821,Healthcare,Healthcare Plans,UNH,CNC,0.4629171765264562,0.4530390406092475,0.0225711685245331,False,,,,,-1.0,False
2822,Healthcare,Healthcare Plans,UNH,MOH,0.3535016437695053,0.3535016437695053,0.0262953649774808,False,,,,,-1.0,False
2823,Healthcare,Healthcare Plans,UNH,OSCR,0.4956659037767589,0.4956659037767589,0.0308682666302615,False,,,,,-1.0,False
2824,Healthcare,Healthcare Plans,UNH,ALHC,0.3204894199798598,0.3204894199798598,0.0257418399269746,False,,,,,-1.0,False
2825,Healthcare,Healthcare Plans,UNH,PGNY,0.2551721363804381,0.2156249653918003,0.0135216257412259,False,,,,,-1.0,False
2826,Healthcare,Healthcare Plans,UNH,CLOV,0.4236390003277503,0.3901766459991097,0.0146317932539985,False,,,,,-1.0,False
2827,Healthcare,Healthcare Plans,CVS,ELV,0.4317513267649887,0.4232706863831731,0.012326310832671,False,,,,,-1.0,False
2828,Healthcare,Healthcare Plans,CVS,CI,0.5067026999754292,0.4991010518007335,0.017776406992442,False,,,,,-1.0,False
2829,Healthcare,Healthcare Plans,CVS,HUM,0.5445151460626664,0.5445151460626664,0.0159596307099473,False,,,,,-1.0,False
2830,Healthcare,Healthcare Plans,CVS,CNC,0.4778822363491947,0.4316007550283971,0.0167052891029985,False,,,,,-1.0,False
2831,Healthcare,Healthcare Plans,CVS,MOH,0.4535348686121256,0.4535348686121256,0.018364867049964,False,,,,,-1.0,False
2832,Healthcare,Healthcare Plans,CVS,OSCR,0.347973351583349,0.3388353858110794,0.0221791290961116,False,,,,,-1.0,False
2833,Healthcare,Healthcare Plans,CVS,ALHC,0.0523723431608756,0.0523723431608756,0.0331289865429215,False,,,,,-1.0,False
2834,Healthcare,Healthcare Plans,CVS,PGNY,0.0482519137832776,0.0057099952542938,0.0270802725867675,False,,,,,-1.0,False
2835,Healthcare,Healthcare Plans,CVS,CLOV,0.2396598865626142,0.1998830095768545,0.0246185574489396,False,,,,,-1.0,False
2836,Healthcare,Healthcare Plans,ELV,CI,0.6019998803317811,0.5596403202688807,0.0158082457616923,False,,,,,-1.0,False
2837,Healthcare,Healthcare Plans,ELV,HUM,0.5631496206508385,0.5601983847044811,0.0081883794228361,False,,,,,-1.0,False
2838,Healthcare,Healthcare Plans,ELV,CNC,0.5777799573325426,0.4090924733956155,0.057323592543782,False,,,,,-1.0,False
2839,Healthcare,Healthcare Plans,ELV,MOH,0.5595006240550382,0.5595006240550382,0.0224481743544132,False,,,,,-1.0,False
2840,Healthcare,Healthcare Plans,ELV,OSCR,0.4942298263835991,0.4228408106330047,0.0278435509710663,False,,,,,-1.0,False
2841,Healthcare,Healthcare Plans,ELV,ALHC,0.1093757597774023,0.0923241781929297,0.0115363373568381,False,,,,,-1.0,False
2842,Healthcare,Healthcare Plans,ELV,PGNY,0.1859017018353543,0.1218734174398132,0.0224809016408921,False,,,,,-1.0,False
2843,Healthcare,Healthcare Plans,ELV,CLOV,0.3143346752077373,0.2493335622978498,0.0230335439291699,False,,,,,-1.0,False
2844,Healthcare,Healthcare Plans,CI,HUM,0.4065655325230281,0.3820519644950834,0.0155715121911473,False,,,,,-1.0,False
2845,Healthcare,Healthcare Plans,CI,CNC,0.4073728625779069,0.3773031989292373,0.0121702135211527,False,,,,,-1.0,False
2846,Healthcare,Healthcare Plans,CI,MOH,0.4210519011607245,0.3761423707279396,0.0259544622791104,False,,,,,-1.0,False
2847,Healthcare,Healthcare Plans,CI,OSCR,0.3900577464652547,0.383268920535563,0.0165846503143524,False,,,,,-1.0,False
2848,Healthcare,Healthcare Plans,CI,ALHC,0.2465228672510248,0.2157718158761821,0.014308662392888,False,,,,,-1.0,False
2849,Healthcare,Healthcare Plans,CI,PGNY,0.1139238719242616,0.0663345407439982,0.016355756785822,False,,,,,-1.0,False
2850,Healthcare,Healthcare Plans,CI,CLOV,0.2643415344814809,0.2032400388687511,0.0288308481058022,False,,,,,-1.0,False
2851,Healthcare,Healthcare Plans,HUM,CNC,0.5715649447901684,0.5462008690369737,0.0103455222531661,False,,,,,-1.0,False
2852,Healthcare,Healthcare Plans,HUM,MOH,0.4410350879973881,0.4094182504730244,0.0158136058030781,False,,,,,-1.0,False
2853,Healthcare,Healthcare Plans,HUM,OSCR,0.4767452123233385,0.4739882216132681,0.0150304265095506,False,,,,,-1.0,False
2854,Healthcare,Healthcare Plans,HUM,ALHC,0.1741405009720567,0.1348300330140619,0.0161765825843592,False,,,,,-1.0,False
2855,Healthcare,Healthcare Plans,HUM,PGNY,0.357987496552074,0.3246837157183037,0.0147119555434264,False,,,,,-1.0,False
2856,Healthcare,Healthcare Plans,HUM,CLOV,0.4440113071570194,0.4100320121126794,0.0105519029675568,False,,,,,-1.0,False
2857,Healthcare,Healthcare Plans,CNC,MOH,0.589338093345536,0.5149365222505445,0.0263251386902428,False,,,,,-1.0,False
2858,Healthcare,Healthcare Plans,CNC,OSCR,0.479958867275256,0.4479332769344163,0.0115410293966027,False,,,,,-1.0,False
2859,Healthcare,Healthcare Plans,CNC,ALHC,0.0908932745169083,0.0735518862875572,0.0155423852646952,False,,,,,-1.0,False
2860,Healthcare,Healthcare Plans,CNC,PGNY,0.1908192571804976,0.1145313999650251,0.0366057639887426,False,,,,,-1.0,False
2861,Healthcare,Healthcare Plans,CNC,CLOV,0.2447004844430866,0.1439472199795513,0.0328414716270026,False,,,,,-1.0,False
2862,Healthcare,Healthcare Plans,MOH,OSCR,0.3255173411137554,0.2543840770483853,0.0368440524251231,False,,,,,-1.0,False
2863,Healthcare,Healthcare Plans,MOH,ALHC,0.0949087980917348,0.0268168080872225,0.0251041140742538,False,,,,,-1.0,False
2864,Healthcare,Healthcare Plans,MOH,PGNY,0.0715806313746953,-0.0363053471128636,0.0381538807390996,False,,,,,-1.0,False
2865,Healthcare,Healthcare Plans,MOH,CLOV,0.0379068380122427,-0.0346359812238817,0.0286499358372514,False,,,,,-1.0,False
2866,Healthcare,Healthcare Plans,OSCR,ALHC,0.1136359455217609,0.0806041264611396,0.0127519854374265,False,,,,,-1.0,False
2867,Healthcare,Healthcare Plans,OSCR,PGNY,0.3731645480907569,0.337658379775795,0.0179326955338966,False,,,,,-1.0,False
2868,Healthcare,Healthcare Plans,OSCR,CLOV,0.362535871764718,0.3332492769636392,0.0179751743991872,False,,,,,-1.0,False
2869,Healthcare,Healthcare Plans,ALHC,PGNY,0.0487217722905766,-0.0314259872217956,0.029903779161532,False,,,,,-1.0,False
2870,Healthcare,Healthcare Plans,ALHC,CLOV,0.4448222221662092,0.3635141486393101,0.0340150469955568,False,,,,,-1.0,False
2871,Healthcare,Healthcare Plans,PGNY,CLOV,0.2786969670806248,0.2455481293045507,0.0111179791531326,False,,,,,-1.0,False
2872,Healthcare,Diagnostics & Research (1),TMO,DHR,0.5556290292718163,0.5556290292718163,0.0477521425582547,False,,,,,-1.0,False
2873,Healthcare,Diagnostics & Research (1),TMO,MTD,0.5746730983177339,0.5257938273972264,0.0224961424756597,False,,,,,-1.0,False
2874,Healthcare,Diagnostics & Research (1),TMO,ILMN,0.3755846233503129,0.3654563478553447,0.015433828232261,False,,,,,-1.0,False
2875,Healthcare,Diagnostics & Research (1),TMO,RVTY,0.651722392845263,0.6322375301050022,0.0086163582040735,False,,,,,-1.0,False
2876,Healthcare,Diagnostics & Research (1),TMO,QGEN,0.5425250218482217,0.4575100025927327,0.0277716184062188,False,,,,,-1.0,False
2877,Healthcare,Diagnostics & Research (1),TMO,WGS,0.2543794861640842,0.2344651845657713,0.0119401086958853,False,,,,,-1.0,False
2878,Healthcare,Diagnostics & Research (1),DHR,A,0.4009496365702305,0.4009496365702305,0.0722994594302565,False,,,,,-1.0,False
2879,Healthcare,Diagnostics & Research (1),DHR,MTD,0.3674918047300599,0.3674918047300599,0.0624413654008949,False,,,,,-1.0,False
2880,Healthcare,Diagnostics & Research (1),DHR,ILMN,0.1265548444901283,0.1265548444901283,0.0742851782497002,False,,,,,-1.0,False
2881,Healthcare,Diagnostics & Research (1),DHR,RVTY,0.3468460750892616,0.3468460750892616,0.0844081275588683,False,,,,,-1.0,False
2882,Healthcare,Diagnostics & Research (1),DHR,QGEN,0.4022038422208487,0.4022038422208487,0.0425074674349028,False,,,,,-1.0,False
2883,Healthcare,Diagnostics & Research (1),DHR,WGS,0.1374337473587337,0.1374337473587337,0.0382373720702842,False,,,,,-1.0,False
2884,Healthcare,Diagnostics & Research (1),A,MTD,0.5769433644004166,0.5629528282261401,0.0077838176065182,False,,,,,-1.0,False
2885,Healthcare,Diagnostics & Research (1),A,ILMN,0.3881524962133615,0.3854982427605897,0.032649633799634,False,,,,,-1.0,False
2886,Healthcare,Diagnostics & Research (1),A,RVTY,0.587386866160205,0.586345318087801,0.0098868462222741,False,,,,,-1.0,False
2887,Healthcare,Diagnostics & Research (1),A,QGEN,0.4371712903037418,0.4144938143163054,0.0102024738827997,False,,,,,-1.0,False
2888,Healthcare,Diagnostics & Research (1),A,WGS,0.1960795512442396,0.1960795512442396,0.022608552242804,False,,,,,-1.0,False
2889,Healthcare,Diagnostics & Research (1),MTD,ILMN,0.249028569856558,0.2397411142633194,0.0148978233592893,False,,,,,-1.0,False
2890,Healthcare,Diagnostics & Research (1),MTD,RVTY,0.4923976005978326,0.476710632148823,0.0105384363644334,False,,,,,-1.0,False
2891,Healthcare,Diagnostics & Research (1),MTD,QGEN,0.4390339312925907,0.3811275069758117,0.0231742526749883,False,,,,,-1.0,False
2892,Healthcare,Diagnostics & Research (1),MTD,WGS,0.0882034473230688,0.0882034473230688,0.0183153791705258,False,,,,,-1.0,False
2893,Healthcare,Diagnostics & Research (1),ILMN,RVTY,0.4228603901586876,0.4132730050471412,0.0211597269867228,False,,,,,-1.0,False
2894,Healthcare,Diagnostics & Research (1),ILMN,QGEN,0.3305203092271809,0.2880368937528157,0.0219325612691777,False,,,,,-1.0,False
2895,Healthcare,Diagnostics & Research (1),ILMN,WGS,0.1051112699346098,0.1051112699346098,0.0216830436961505,False,,,,,-1.0,False
2896,Healthcare,Diagnostics & Research (1),RVTY,QGEN,0.5019882911157612,0.496621590243646,0.006192632570168,False,,,,,-1.0,False
2897,Healthcare,Diagnostics & Research (1),RVTY,WGS,0.2095374259286167,0.1911172478730922,0.0257576069594252,False,,,,,-1.0,False
2898,Healthcare,Diagnostics & Research (1),QGEN,WGS,0.2522523135559317,0.2143424216540079,0.0292274393096521,False,,,,,-1.0,False
2899,Healthcare,Diagnostics & Research (2),IDXX,WAT,0.3285955143698565,0.3285955143698565,0.0325735624931726,False,,,,,-1.0,False
2900,Healthcare,Diagnostics & Research (2),IDXX,IQV,0.4321896130526178,0.4321896130526178,0.0363437180217378,False,,,,,-1.0,False
2901,Healthcare,Diagnostics & Research (2),IDXX,DGX,0.1833823707285492,0.1833823707285492,0.0204786783423691,False,,,,,-1.0,False
2902,Healthcare,Diagnostics & Research (2),IDXX,LH,0.4264302935485557,0.4264302935485557,0.0395611585657755,False,,,,,-1.0,False
2903,Healthcare,Diagnostics & Research (2),IDXX,MEDP,0.1662287563580049,0.1662287563580049,0.0481709987709716,False,,,,,-1.0,False
2904,Healthcare,Diagnostics & Research (2),IDXX,ICLR,0.093966667838031,0.093966667838031,0.0589537982445085,False,,,,,-1.0,False
2905,Healthcare,Diagnostics & Research (2),IDXX,CRL,0.3616810038774913,0.3616810038774913,0.0465768137117396,False,,,,,-1.0,False
2906,Healthcare,Diagnostics & Research (2),IDXX,SHC,0.5714441810316632,0.529598251925841,0.0216085464577974,False,,,,,-1.0,False
2907,Healthcare,Diagnostics & Research (2),WAT,IQV,0.5009451177028637,0.4943300936988988,0.0215707243431193,False,,,,,-1.0,False
2908,Healthcare,Diagnostics & Research (2),WAT,DGX,0.1933610312900694,0.159278459738076,0.0128318255580823,False,,,,,-1.0,False
2909,Healthcare,Diagnostics & Research (2),WAT,LH,0.4046173903480101,0.3507578216665743,0.0297908604484768,False,,,,,-1.0,False
2910,Healthcare,Diagnostics & Research (2),WAT,MEDP,0.2996175211058999,0.2996175211058999,0.0174653469716242,False,,,,,-1.0,False
2911,Healthcare,Diagnostics & Research (2),WAT,ICLR,0.3762049598398583,0.3675349383170662,0.0246016614131653,False,,,,,-1.0,False
2912,Healthcare,Diagnostics & Research (2),WAT,CRL,0.6018831001834606,0.5457725376007281,0.0187048985995561,False,,,,,-1.0,False
2913,Healthcare,Diagnostics & Research (2),WAT,SHC,0.3778706072399647,0.3333267398215774,0.0150051908962956,False,,,,,-1.0,False
2914,Healthcare,Diagnostics & Research (2),IQV,DGX,0.3347308854599922,0.2398354961988128,0.0394295844188033,False,,,,,-1.0,False
2915,Healthcare,Diagnostics & Research (2),IQV,LH,0.4918598908907518,0.4918598908907518,0.0161206106794713,False,,,,,-1.0,False
2916,Healthcare,Diagnostics & Research (2),IQV,MEDP,0.5092900176485731,0.5092900176485731,0.0299889663148904,False,,,,,-1.0,False
2917,Healthcare,Diagnostics & Research (2),IQV,ICLR,0.5097097853653221,0.5097097853653221,0.0246464276206653,False,,,,,-1.0,False
2918,Healthcare,Diagnostics & Research (2),IQV,SHC,0.4579734665545597,0.4506665151593182,0.0132024712265878,False,,,,,-1.0,False
2919,Healthcare,Diagnostics & Research (2),DGX,LH,0.7208368007350464,0.6045336448202384,0.0456090433465614,False,,,,,-1.0,False
2920,Healthcare,Diagnostics & Research (2),DGX,MEDP,0.4616446087486241,0.221264172316771,0.0709193276292832,False,,,,,-1.0,False
2921,Healthcare,Diagnostics & Research (2),DGX,ICLR,0.1567793264954308,0.0925776629172303,0.0244523984801763,False,,,,,-1.0,False
2922,Healthcare,Diagnostics & Research (2),DGX,CRL,0.3041416024412427,0.1229378479948771,0.0546243185142413,False,,,,,-1.0,False
2923,Healthcare,Diagnostics & Research (2),DGX,SHC,0.1947483442919445,0.1542296053404018,0.0144509591411246,False,,,,,-1.0,False
2924,Healthcare,Diagnostics & Research (2),LH,MEDP,0.3230316246481452,0.3217433072695636,0.0198605371677787,False,,,,,-1.0,False
2925,Healthcare,Diagnostics & Research (2),LH,ICLR,0.3305148016199744,0.3305148016199744,0.0235280909481565,False,,,,,-1.0,False
2926,Healthcare,Diagnostics & Research (2),LH,CRL,0.4473153647940286,0.4473153647940286,0.0179881792851607,False,,,,,-1.0,False
2927,Healthcare,Diagnostics & Research (2),LH,SHC,0.4337185645432943,0.4337185645432943,0.0290948615546634,False,,,,,-1.0,False
2928,Healthcare,Diagnostics & Research (2),MEDP,ICLR,0.3292631672169372,0.3292631672169372,0.021861151191607,False,,,,,-1.0,False
2929,Healthcare,Diagnostics & Research (2),MEDP,CRL,0.5157815623242078,0.5157815623242078,0.0164812490932625,False,,,,,-1.0,False
2930,Healthcare,Diagnostics & Research (2),MEDP,SHC,0.336022059133884,0.336022059133884,0.0480803768509093,False,,,,,-1.0,False
2931,Healthcare,Diagnostics & Research (2),ICLR,CRL,0.5799555127377363,0.5455861301990127,0.0137173154296075,False,,,,,-1.0,False
2932,Healthcare,Diagnostics & Research (2),ICLR,SHC,0.2990486347104901,0.2990486347104901,0.037148636031628,False,,,,,-1.0,False
2933,Healthcare,Diagnostics & Research (2),CRL,SHC,0.5192081144377934,0.5192081144377934,0.0199030438951592,False,,,,,-1.0,False
2934,Healthcare,Diagnostics & Research (4),NTRA,GH,0.5835962703884209,0.5529511110160535,0.0174806049555004,False,,,,,-1.0,False
2935,Healthcare,Diagnostics & Research (4),NTRA,TWST,0.3958242112958656,0.3888422777303857,0.0259442618241375,False,,,,,-1.0,False
2936,Healthcare,Diagnostics & Research (4),NTRA,GRAL,0.6265923335662519,0.6265923335662519,0.0161729282502325,False,,,,,-1.0,False
2937,Healthcare,Diagnostics & Research (4),NTRA,ADPT,0.5648204214591296,0.5648204214591296,0.0117088154333081,False,,,,,-1.0,False
2938,Healthcare,Diagnostics & Research (4),GH,TWST,0.4792995646507657,0.4170479758492486,0.0229151042465546,False,,,,,-1.0,False
2939,Healthcare,Diagnostics & Research (4),GH,GRAL,0.5163571890890236,0.4991342767214352,0.0114029452995943,False,,,,,-1.0,False
2940,Healthcare,Diagnostics & Research (4),GH,ADPT,0.3820871644232682,0.3732403866449083,0.0074646612963053,False,,,,,-1.0,False
2941,Healthcare,Diagnostics & Research (4),TWST,GRAL,0.509922286328904,0.4507797229222883,0.0244974457317785,False,,,,,-1.0,False
2942,Healthcare,Diagnostics & Research (4),TWST,ADPT,0.5088560262761287,0.4939676806419151,0.0089457936712918,False,,,,,-1.0,False
2943,Healthcare,Diagnostics & Research (4),GRAL,ADPT,0.5275501012475068,0.5183409344084957,0.0081711608749214,False,,,,,-1.0,False
2944,Healthcare,Medical Instruments & Supplies (1),ISRG,RMD,0.5191847195191096,0.5191847195191096,0.0347950017649057,False,,,,,-1.0,False
2945,Healthcare,Medical Instruments & Supplies (1),ISRG,LMAT,0.480067330115786,0.480067330115786,0.0451334738422929,False,,,,,-1.0,False
2946,Healthcare,Medical Instruments & Supplies (1),ISRG,PLSE,0.1880415469216651,0.1880415469216651,0.0456306564876327,False,,,,,-1.0,False
2947,Healthcare,Medical Instruments & Supplies (1),ISRG,ATRC,0.3254890487907285,0.3025420934071878,0.0347004401710687,False,,,,,-1.0,False
2948,Healthcare,Medical Instruments & Supplies (1),RMD,LMAT,0.4818835832438608,0.3508704594421891,0.0542315651301198,False,,,,,-1.0,False
2949,Healthcare,Medical Instruments & Supplies (1),RMD,PLSE,0.1165323331143835,0.0585555756554767,0.0396823484626328,False,,,,,-1.0,False
2950,Healthcare,Medical Instruments & Supplies (1),RMD,ATRC,0.2924695257545864,0.1977245267170066,0.0384851605465784,False,,,,,-1.0,False
2951,Healthcare,Medical Instruments & Supplies (1),LMAT,PLSE,0.1005393159619283,0.0984133616007741,0.0250762018118376,False,,,,,-1.0,False
2952,Healthcare,Medical Instruments & Supplies (1),LMAT,ATRC,0.46455968988493,0.420263980648163,0.0155195520110176,False,,,,,-1.0,False
2953,Healthcare,Medical Instruments & Supplies (1),PLSE,ATRC,0.166177493393306,0.166177493393306,0.0273744795318186,False,,,,,-1.0,False
2954,Healthcare,Medical Instruments & Supplies (2),BDX,WST,0.2602418447137551,0.2551616960930643,0.0140624154770957,False,,,,,-1.0,False
2955,Healthcare,Medical Instruments & Supplies (2),BDX,SOLV,0.4430864449972708,0.3660497089148141,0.0271097041838331,False,,,,,-1.0,False
2956,Healthcare,Medical Instruments & Supplies (2),BDX,ALGN,0.3276400213605027,0.3276400213605027,0.0119939702053217,False,,,,,-1.0,False
2957,Healthcare,Medical Instruments & Supplies (2),BDX,BAX,0.5707456741781796,0.5040038293527133,0.0273862024229143,False,,,,,-1.0,False
2958,Healthcare,Medical Instruments & Supplies (2),BDX,ATR,0.432923170625182,0.4279220889544106,0.0059369544037906,False,,,,,-1.0,False
2959,Healthcare,Medical Instruments & Supplies (2),BDX,RGEN,0.3635735843255754,0.3488513959401354,0.0296327687470406,False,,,,,-1.0,False
2960,Healthcare,Medical Instruments & Supplies (2),BDX,TFX,0.4846648528878928,0.3777697039952948,0.047101051698395,False,,,,,-1.0,False
2961,Healthcare,Medical Instruments & Supplies (2),BDX,AVTR,0.2736128969892235,0.2725275008127957,0.0268143497257377,False,,,,,-1.0,False
2962,Healthcare,Medical Instruments & Supplies (2),BDX,STVN,0.2024145441859242,0.1861755669013781,0.0104128490896956,False,,,,,-1.0,False
2963,Healthcare,Medical Instruments & Supplies (2),BDX,MMSI,0.5426703666858979,0.4887025016909274,0.023105400799957,False,,,,,-1.0,False
2964,Healthcare,Medical Instruments & Supplies (2),BDX,NVST,0.0477399621372815,0.0137394016618176,0.0142030850091488,False,,,,,-1.0,False
2965,Healthcare,Medical Instruments & Supplies (2),BDX,ICUI,0.5394672650481287,0.5149411185771212,0.0133731082412476,False,,,,,-1.0,False
2966,Healthcare,Medical Instruments & Supplies (2),BDX,XRAY,0.5148040536736791,0.4589297004070728,0.0215364755767007,False,,,,,-1.0,False
2967,Healthcare,Medical Instruments & Supplies (2),WST,SOLV,0.1798534814329011,0.167468434647503,0.0170485288357927,False,,,,,-1.0,False
2968,Healthcare,Medical Instruments & Supplies (2),WST,ALGN,0.2644258193355419,0.2643505629557291,0.0306204135360833,False,,,,,-1.0,False
2969,Healthcare,Medical Instruments & Supplies (2),WST,BAX,0.2162639892051074,0.2162639892051074,0.015707835178599,False,,,,,-1.0,False
2970,Healthcare,Medical Instruments & Supplies (2),WST,ATR,0.1952374020907364,0.1952374020907364,0.0230991381689267,False,,,,,-1.0,False
2971,Healthcare,Medical Instruments & Supplies (2),WST,RGEN,0.0469703221683083,0.0469703221683083,0.0335702561571627,False,,,,,-1.0,False
2972,Healthcare,Medical Instruments & Supplies (2),WST,TFX,0.1486501581643288,0.1028453669923576,0.0219279581374204,False,,,,,-1.0,False
2973,Healthcare,Medical Instruments & Supplies (2),WST,AVTR,0.114670770281227,0.100028264160365,0.0324309420900672,False,,,,,-1.0,False
2974,Healthcare,Medical Instruments & Supplies (2),WST,STVN,0.2274648601154072,0.2161062226078264,0.0358224440994599,False,,,,,-1.0,False
2975,Healthcare,Medical Instruments & Supplies (2),WST,MMSI,0.0503128320002516,0.0503128320002516,0.0414607116809218,False,,,,,-1.0,False
2976,Healthcare,Medical Instruments & Supplies (2),WST,NVST,0.0572573734265763,0.0572573734265763,0.0237380764952826,False,,,,,-1.0,False
2977,Healthcare,Medical Instruments & Supplies (2),WST,ICUI,0.1933999704423812,0.1819968021820012,0.0152588148495739,False,,,,,-1.0,False
2978,Healthcare,Medical Instruments & Supplies (2),WST,XRAY,0.1694556063225877,0.16270579927055,0.0476083767925775,False,,,,,-1.0,False
2979,Healthcare,Medical Instruments & Supplies (2),SOLV,ALGN,0.2961421824714219,0.2961421824714219,0.0236402498799753,False,,,,,-1.0,False
2980,Healthcare,Medical Instruments & Supplies (2),SOLV,BAX,0.5513590680122176,0.546775096488276,0.006892975063779,False,,,,,-1.0,False
2981,Healthcare,Medical Instruments & Supplies (2),SOLV,ATR,0.4167851676247092,0.4110021287783929,0.0211652613119718,False,,,,,-1.0,False
2982,Healthcare,Medical Instruments & Supplies (2),SOLV,RGEN,0.296333155828108,0.2907322161422068,0.0240677054198218,False,,,,,-1.0,False
2983,Healthcare,Medical Instruments & Supplies (2),SOLV,TFX,0.3663186817565573,0.232968763276643,0.0635484007224141,False,,,,,-1.0,False
2984,Healthcare,Medical Instruments & Supplies (2),SOLV,AVTR,0.3138815660329033,0.3138815660329033,0.0169158126957375,False,,,,,-1.0,False
2985,Healthcare,Medical Instruments & Supplies (2),SOLV,STVN,0.2259483122665871,0.2259483122665871,0.0359581182705871,False,,,,,-1.0,False
2986,Healthcare,Medical Instruments & Supplies (2),SOLV,MMSI,0.4698691370152716,0.4476839916671358,0.0119026103705035,False,,,,,-1.0,False
2987,Healthcare,Medical Instruments & Supplies (2),SOLV,NVST,0.3399758726260102,0.3363682876942457,0.0067484218789684,False,,,,,-1.0,False
2988,Healthcare,Medical Instruments & Supplies (2),SOLV,ICUI,0.611575381403821,0.6096502423534266,0.009517741488714,False,,,,,-1.0,False
2989,Healthcare,Medical Instruments & Supplies (2),SOLV,XRAY,0.2533094700155376,0.1991874509382791,0.0218637195154614,False,,,,,-1.0,False
2990,Healthcare,Medical Instruments & Supplies (2),ALGN,BAX,0.3893099167070006,0.3893099167070006,0.0265799787100205,False,,,,,-1.0,False
2991,Healthcare,Medical Instruments & Supplies (2),ALGN,ATR,0.1625109412395937,0.1625109412395937,0.0782775618327197,False,,,,,-1.0,False
2992,Healthcare,Medical Instruments & Supplies (2),ALGN,RGEN,0.3899707502142224,0.3899707502142224,0.0359822880498773,False,,,,,-1.0,False
2993,Healthcare,Medical Instruments & Supplies (2),ALGN,TFX,0.3162074335893517,0.1454416459432929,0.0773316812893852,False,,,,,-1.0,False
2994,Healthcare,Medical Instruments & Supplies (2),ALGN,AVTR,0.4620417767950713,0.4620417767950713,0.019261048932996,False,,,,,-1.0,False
2995,Healthcare,Medical Instruments & Supplies (2),ALGN,STVN,0.2681316840779743,0.2681316840779743,0.0374919962312538,False,,,,,-1.0,False
2996,Healthcare,Medical Instruments & Supplies (2),ALGN,MMSI,0.2179549324235456,0.2179549324235456,0.0109527256286354,False,,,,,-1.0,False
2997,Healthcare,Medical Instruments & Supplies (2),ALGN,NVST,0.4359136191981415,0.4359136191981415,0.0209598657838814,False,,,,,-1.0,False
2998,Healthcare,Medical Instruments & Supplies (2),ALGN,ICUI,0.4952645150274613,0.4902659164119881,0.0202433606415259,False,,,,,-1.0,False
2999,Healthcare,Medical Instruments & Supplies (2),ALGN,XRAY,0.5677700745970842,0.5677700745970842,0.009975465069182,False,,,,,-1.0,False
3000,Healthcare,Medical Instruments & Supplies (2),BAX,ATR,0.3413953421943815,0.3413953421943815,0.056420214936179,False,,,,,-1.0,False
3001,Healthcare,Medical Instruments & Supplies (2),BAX,RGEN,0.3388395824866744,0.3388395824866744,0.0220157587643935,False,,,,,-1.0,False
3002,Healthcare,Medical Instruments & Supplies (2),BAX,TFX,0.362542817618835,0.1994256087133147,0.0761453089323617,False,,,,,-1.0,False
3003,Healthcare,Medical Instruments & Supplies (2),BAX,AVTR,0.3340298277951797,0.3340298277951797,0.0370629950763707,False,,,,,-1.0,False
3004,Healthcare,Medical Instruments & Supplies (2),BAX,STVN,0.0911469699463955,0.0911469699463955,0.02012961910923,False,,,,,-1.0,False
3005,Healthcare,Medical Instruments & Supplies (2),BAX,MMSI,0.4573516291453408,0.3779078072532125,0.0298205398759984,False,,,,,-1.0,False
3006,Healthcare,Medical Instruments & Supplies (2),BAX,NVST,0.262783307258949,0.262783307258949,0.025724336733253,False,,,,,-1.0,False
3007,Healthcare,Medical Instruments & Supplies (2),BAX,ICUI,0.6727269871789642,0.6443288601572256,0.0113499656457271,False,,,,,-1.0,False
3008,Healthcare,Medical Instruments & Supplies (2),BAX,XRAY,0.5142581634039337,0.5142581634039337,0.0155239393832579,False,,,,,-1.0,False
3009,Healthcare,Medical Instruments & Supplies (2),ATR,RGEN,0.2958743575103944,0.2958743575103944,0.0290462266644317,False,,,,,-1.0,False
3010,Healthcare,Medical Instruments & Supplies (2),ATR,TFX,0.1311349342922776,0.0832429585027712,0.0247799812814169,False,,,,,-1.0,False
3011,Healthcare,Medical Instruments & Supplies (2),ATR,AVTR,0.2674047963490164,0.2662368289920326,0.0139313110671635,False,,,,,-1.0,False
3012,Healthcare,Medical Instruments & Supplies (2),ATR,STVN,0.1702423241967362,0.0890424624926029,0.0303855519863552,False,,,,,-1.0,False
3013,Healthcare,Medical Instruments & Supplies (2),ATR,MMSI,0.5003710493204108,0.5003710493204108,0.0158664966355567,False,,,,,-1.0,False
3014,Healthcare,Medical Instruments & Supplies (2),ATR,NVST,0.1595958056939036,0.1595958056939036,0.0357358191418114,False,,,,,-1.0,False
3015,Healthcare,Medical Instruments & Supplies (2),ATR,ICUI,0.4780476431964574,0.4780476431964574,0.0614094338626966,False,,,,,-1.0,False
3016,Healthcare,Medical Instruments & Supplies (2),ATR,XRAY,0.4134533639658355,0.4111574889115418,0.0476226297451963,False,,,,,-1.0,False
3017,Healthcare,Medical Instruments & Supplies (2),RGEN,TFX,0.2632867398615528,0.1817279227019085,0.0386478771058896,False,,,,,-1.0,False
3018,Healthcare,Medical Instruments & Supplies (2),RGEN,AVTR,0.6083354989296773,0.5754168950413512,0.0397289654081381,False,,,,,-1.0,False
3019,Healthcare,Medical Instruments & Supplies (2),RGEN,STVN,0.2338607979378466,0.220062415282167,0.0206995588979277,False,,,,,-1.0,False
3020,Healthcare,Medical Instruments & Supplies (2),RGEN,MMSI,0.3137747939491254,0.2683994318243264,0.0220437772610484,False,,,,,-1.0,False
3021,Healthcare,Medical Instruments & Supplies (2),RGEN,NVST,0.1552702760902434,0.1552702760902434,0.0290502357934508,False,,,,,-1.0,False
3022,Healthcare,Medical Instruments & Supplies (2),RGEN,ICUI,0.4093187553270251,0.4093187553270251,0.0276639069326983,False,,,,,-1.0,False
3023,Healthcare,Medical Instruments & Supplies (2),RGEN,XRAY,0.2704198399114948,0.2704198399114948,0.0373230254457396,False,,,,,-1.0,False
3024,Healthcare,Medical Instruments & Supplies (2),TFX,AVTR,0.2442947722493302,0.2193629651640442,0.0204826114761383,False,,,,,-1.0,False
3025,Healthcare,Medical Instruments & Supplies (2),TFX,STVN,0.0222706138348461,-0.0674444658645725,0.0445213394698053,False,,,,,-1.0,False
3026,Healthcare,Medical Instruments & Supplies (2),TFX,MMSI,0.2906660401647349,0.1773804380813994,0.0491044579920738,False,,,,,-1.0,False
3027,Healthcare,Medical Instruments & Supplies (2),TFX,NVST,-0.0793650358735383,-0.1240881325437668,0.0215593726054984,False,,,,,-1.0,False
3028,Healthcare,Medical Instruments & Supplies (2),TFX,ICUI,0.3751389908051985,0.2203428011775956,0.0729179314921075,False,,,,,-1.0,False
3029,Healthcare,Medical Instruments & Supplies (2),TFX,XRAY,0.2254122924719535,0.1685717253922544,0.0312815826014352,False,,,,,-1.0,False
3030,Healthcare,Medical Instruments & Supplies (2),AVTR,STVN,0.2600064627407705,0.2600064627407705,0.0094331002987787,False,,,,,-1.0,False
3031,Healthcare,Medical Instruments & Supplies (2),AVTR,MMSI,0.1793275741595566,0.1793275741595566,0.0370730518140005,False,,,,,-1.0,False
3032,Healthcare,Medical Instruments & Supplies (2),AVTR,NVST,0.1910470115258939,0.1910470115258939,0.0279898949750406,False,,,,,-1.0,False
3033,Healthcare,Medical Instruments & Supplies (2),AVTR,ICUI,0.404177481667164,0.404177481667164,0.020278882562214,False,,,,,-1.0,False
3034,Healthcare,Medical Instruments & Supplies (2),AVTR,XRAY,0.3980935128964427,0.3976384738782282,0.0120430232510491,False,,,,,-1.0,False
3035,Healthcare,Medical Instruments & Supplies (2),STVN,MMSI,0.06234200842433,0.0196252579734997,0.0155697988191942,False,,,,,-1.0,False
3036,Healthcare,Medical Instruments & Supplies (2),STVN,NVST,0.2703947793305286,0.2703947793305286,0.0173707222488458,False,,,,,-1.0,False
3037,Healthcare,Medical Instruments & Supplies (2),STVN,ICUI,0.1772396167498109,0.1772396167498109,0.0188488555009755,False,,,,,-1.0,False
3038,Healthcare,Medical Instruments & Supplies (2),STVN,XRAY,0.1529185104552088,0.1529185104552088,0.0254059514724235,False,,,,,-1.0,False
3039,Healthcare,Medical Instruments & Supplies (2),MMSI,NVST,0.1530706022149035,0.138016742332567,0.0066208281296981,False,,,,,-1.0,False
3040,Healthcare,Medical Instruments & Supplies (2),MMSI,ICUI,0.531313927466862,0.4869974885095184,0.0219408099678114,False,,,,,-1.0,False
3041,Healthcare,Medical Instruments & Supplies (2),MMSI,XRAY,0.2949758296932606,0.2949758296932606,0.013656467270619,False,,,,,-1.0,False
3042,Healthcare,Medical Instruments & Supplies (2),NVST,ICUI,0.3253132851980401,0.3179937391675363,0.0224428712216222,False,,,,,-1.0,False
3043,Healthcare,Medical Instruments & Supplies (2),NVST,XRAY,0.1959507641383314,0.1959507641383314,0.0230393702780606,False,,,,,-1.0,False
3044,Healthcare,Medical Instruments & Supplies (2),ICUI,XRAY,0.4815068562746404,0.4405851830790582,0.0179830418346253,False,,,,,-1.0,False
3045,Healthcare,Medical Instruments & Supplies (3),COO,BLCO,0.4635596501363632,0.3756572210912794,0.0372503713590068,False,,,,,-1.0,False
3046,Healthcare,Medical Instruments & Supplies (3),COO,WRBY,0.1282375753016359,0.1282375753016359,0.0182576686905702,False,,,,,-1.0,False
3047,Healthcare,Medical Instruments & Supplies (3),COO,STAA,0.0515760485339772,0.0455488243706304,0.0291565072542215,False,,,,,-1.0,False
3048,Healthcare,Medical Instruments & Supplies (3),BLCO,WRBY,0.1475810833216872,0.1475810833216872,0.0147829604739231,False,,,,,-1.0,False
3049,Healthcare,Medical Instruments & Supplies (3),BLCO,STAA,0.0055931468387111,0.0012829758142835,0.0591100971635039,False,,,,,-1.0,False
3050,Healthcare,Medical Instruments & Supplies (3),WRBY,STAA,-0.0717540098171006,-0.1245658588534486,0.0225601212051853,False,,,,,-1.0,False
3051,Healthcare,Medical Devices (1),ABT,GEHC,0.3987398667869968,0.3797596915318393,0.009094704717916,False,,,,,-1.0,False
3052,Healthcare,Medical Devices (1),ABT,DXCM,0.4061446835649704,0.3552649628054107,0.0231185956901102,False,,,,,-1.0,False
3053,Healthcare,Medical Devices (1),ABT,STE,0.56144689291288,0.4898831414087578,0.029625469868256,False,,,,,-1.0,False
3054,Healthcare,Medical Devices (1),ABT,PODD,0.4299661859829456,0.3971961483281481,0.0169775698280732,False,,,,,-1.0,False
3055,Healthcare,Medical Devices (1),ABT,BIO,0.2812475525318608,0.2812475525318608,0.0263722886818823,False,,,,,-1.0,False
3056,Healthcare,Medical Devices (1),ABT,BRKR,0.0318539191347638,0.0318539191347638,0.0356914974003986,False,,,,,-1.0,False
3057,Healthcare,Medical Devices (1),ABT,LIVN,0.2381182103663253,0.1925003748575624,0.0215049570009877,False,,,,,-1.0,False
3058,Healthcare,Medical Devices (1),ABT,IRTC,0.401714818126927,0.401714818126927,0.0373216915862507,False,,,,,-1.0,False
3059,Healthcare,Medical Devices (1),ABT,TMDX,0.2246395296154911,0.2246395296154911,0.0667077044572903,False,,,,,-1.0,False
3060,Healthcare,Medical Devices (1),ABT,NEOG,0.2782359090762333,0.2782359090762333,0.0170770719771523,False,,,,,-1.0,False
3061,Healthcare,Medical Devices (1),ABT,AHCO,0.2037232455259358,0.1019784583167979,0.0464583451457746,False,,,,,-1.0,False
3062,Healthcare,Medical Devices (1),GEHC,DXCM,0.5410086985894458,0.4598635718596019,0.0271877382155004,False,,,,,-1.0,False
3063,Healthcare,Medical Devices (1),GEHC,STE,0.6085246459322263,0.5667483921873065,0.015711891633378,False,,,,,-1.0,False
3064,Healthcare,Medical Devices (1),GEHC,PODD,0.6282565582225408,0.5734196805937019,0.0186666060087137,False,,,,,-1.0,False
3065,Healthcare,Medical Devices (1),GEHC,BIO,0.2022301677016538,0.2022301677016538,0.0414361007467085,False,,,,,-1.0,False
3066,Healthcare,Medical Devices (1),GEHC,BRKR,0.2304481561944194,0.2304481561944194,0.0579783097189348,False,,,,,-1.0,False
3067,Healthcare,Medical Devices (1),GEHC,LIVN,0.4160595969952715,0.3910128516335944,0.0169996892626092,False,,,,,-1.0,False
3068,Healthcare,Medical Devices (1),GEHC,IRTC,0.4978753813373825,0.4657135669129899,0.0129095832005709,False,,,,,-1.0,False
3069,Healthcare,Medical Devices (1),GEHC,TMDX,0.1367415000236913,0.1312332241514458,0.0299212577085216,False,,,,,-1.0,False
3070,Healthcare,Medical Devices (1),GEHC,NEOG,0.3452800976011869,0.3452800976011869,0.04173799879673,False,,,,,-1.0,False
3071,Healthcare,Medical Devices (1),GEHC,AHCO,0.2515592154950433,0.1901108641377359,0.0227913313607631,False,,,,,-1.0,False
3072,Healthcare,Medical Devices (1),DXCM,STE,0.5137865629135386,0.453766590328342,0.0231922344637024,False,,,,,-1.0,False
3073,Healthcare,Medical Devices (1),DXCM,PODD,0.4585392333817876,0.4385390389732744,0.009403548891192,False,,,,,-1.0,False
3074,Healthcare,Medical Devices (1),DXCM,BIO,0.1422200586266303,0.1422200586266303,0.0354519212311541,False,,,,,-1.0,False
3075,Healthcare,Medical Devices (1),DXCM,BRKR,0.2498973918318532,0.2498973918318532,0.0566447103187422,False,,,,,-1.0,False
3076,Healthcare,Medical Devices (1),DXCM,LIVN,0.3682670591034614,0.3305326099204891,0.019197394123519,False,,,,,-1.0,False
3077,Healthcare,Medical Devices (1),DXCM,IRTC,0.371714272459713,0.3253523259416941,0.0176760202702315,False,,,,,-1.0,False
3078,Healthcare,Medical Devices (1),DXCM,TMDX,0.3230360103186588,0.3104269064655545,0.0081605459880778,False,,,,,-1.0,False
3079,Healthcare,Medical Devices (1),DXCM,NEOG,0.3613496981390116,0.3613496981390116,0.0233461135555136,False,,,,,-1.0,False
3080,Healthcare,Medical Devices (1),DXCM,AHCO,0.1787556222234059,0.0958424826617988,0.0332747749065558,False,,,,,-1.0,False
3081,Healthcare,Medical Devices (1),STE,PODD,0.5019852666391887,0.4546679452548338,0.0210252361887427,False,,,,,-1.0,False
3082,Healthcare,Medical Devices (1),STE,BIO,0.2728593841223279,0.2674430166975952,0.015958754584574,False,,,,,-1.0,False
3083,Healthcare,Medical Devices (1),STE,BRKR,0.2828417556090629,0.2828417556090629,0.0271954913213398,False,,,,,-1.0,False
3084,Healthcare,Medical Devices (1),STE,LIVN,0.4224428885094924,0.3275393296343764,0.0346816597804244,False,,,,,-1.0,False
3085,Healthcare,Medical Devices (1),STE,IRTC,0.5635751256875587,0.5520116484616339,0.0515131690068642,False,,,,,-1.0,False
3086,Healthcare,Medical Devices (1),STE,TMDX,0.1597589821895639,0.1495017498451202,0.0501636155495355,False,,,,,-1.0,False
3087,Healthcare,Medical Devices (1),STE,NEOG,0.43396543745128,0.4265149048136828,0.0233650468299435,False,,,,,-1.0,False
3088,Healthcare,Medical Devices (1),STE,AHCO,0.3447133455599534,0.2727793536381037,0.0308804953194231,False,,,,,-1.0,False
3089,Healthcare,Medical Devices (1),PODD,BIO,0.1713891555074272,0.1713891555074272,0.0162583028466435,False,,,,,-1.0,False
3090,Healthcare,Medical Devices (1),PODD,BRKR,0.1146669212046722,0.1146669212046722,0.0377673069399569,False,,,,,-1.0,False
3091,Healthcare,Medical Devices (1),PODD,LIVN,0.1115197126792555,0.0865329314434648,0.0161596421442587,False,,,,,-1.0,False
3092,Healthcare,Medical Devices (1),PODD,IRTC,0.5372973411178718,0.5111847554721866,0.0139818327292208,False,,,,,-1.0,False
3093,Healthcare,Medical Devices (1),PODD,TMDX,0.2485448700567246,0.2406729339619036,0.0171254662949408,False,,,,,-1.0,False
3094,Healthcare,Medical Devices (1),PODD,NEOG,0.3332224155913302,0.3332224155913302,0.0200027049703278,False,,,,,-1.0,False
3095,Healthcare,Medical Devices (1),PODD,AHCO,0.342861439477769,0.2845333100196855,0.0245439803993595,False,,,,,-1.0,False
3096,Healthcare,Medical Devices (1),BIO,BRKR,0.417492134247255,0.4044452074229598,0.0144508293217681,False,,,,,-1.0,False
3097,Healthcare,Medical Devices (1),BIO,LIVN,0.1795333745975252,0.1795333745975252,0.0179620752640863,False,,,,,-1.0,False
3098,Healthcare,Medical Devices (1),BIO,IRTC,0.1026509262788243,0.1026509262788243,0.0534136061507536,False,,,,,-1.0,False
3099,Healthcare,Medical Devices (1),BIO,TMDX,0.2498335167348212,0.2498335167348212,0.0197237263809688,False,,,,,-1.0,False
3100,Healthcare,Medical Devices (1),BIO,NEOG,0.4688954469931018,0.4688954469931018,0.0128732780423439,False,,,,,-1.0,False
3101,Healthcare,Medical Devices (1),BIO,AHCO,0.1193890450668908,0.1193890450668908,0.0276547684636583,False,,,,,-1.0,False
3102,Healthcare,Medical Devices (1),BRKR,LIVN,0.2517813229473977,0.2382343456361746,0.0426945456296817,False,,,,,-1.0,False
3103,Healthcare,Medical Devices (1),BRKR,IRTC,0.1482726111128025,0.1482726111128025,0.0545780568574075,False,,,,,-1.0,False
3104,Healthcare,Medical Devices (1),BRKR,TMDX,0.0773170900795895,0.0773170900795895,0.0112792512584037,False,,,,,-1.0,False
3105,Healthcare,Medical Devices (1),BRKR,NEOG,0.4233825105402782,0.4233825105402782,0.0190360829214297,False,,,,,-1.0,False
3106,Healthcare,Medical Devices (1),BRKR,AHCO,0.0889251222858799,0.0719549026424316,0.0354045843008031,False,,,,,-1.0,False
3107,Healthcare,Medical Devices (1),LIVN,IRTC,0.2672509663877395,0.2587712136996338,0.0264433259223791,False,,,,,-1.0,False
3108,Healthcare,Medical Devices (1),LIVN,TMDX,0.141864585535178,0.141864585535178,0.0313354347905414,False,,,,,-1.0,False
3109,Healthcare,Medical Devices (1),LIVN,NEOG,0.1835296365546704,0.1835296365546704,0.0709097016278485,False,,,,,-1.0,False
3110,Healthcare,Medical Devices (1),LIVN,AHCO,0.0803554958548104,-0.0405804675232928,0.0442510516995159,False,,,,,-1.0,False
3111,Healthcare,Medical Devices (1),IRTC,TMDX,0.1896077903995911,0.1896077903995911,0.0211033295639338,False,,,,,-1.0,False
3112,Healthcare,Medical Devices (1),IRTC,NEOG,0.3361606849780702,0.3361606849780702,0.0541243133147112,False,,,,,-1.0,False
3113,Healthcare,Medical Devices (1),IRTC,AHCO,0.4331096678766322,0.3823883055213863,0.0240016986446575,False,,,,,-1.0,False
3114,Healthcare,Medical Devices (1),TMDX,NEOG,0.3875461771206173,0.3456221170056896,0.0207927075259394,False,,,,,-1.0,False
3115,Healthcare,Medical Devices (1),TMDX,AHCO,0.3359399499517743,0.2433824748753644,0.0388917039198103,False,,,,,-1.0,False
3116,Healthcare,Medical Devices (1),NEOG,AHCO,0.3415977263237898,0.2719606795636891,0.0442568400168206,False,,,,,-1.0,False
3117,Healthcare,Medical Devices (2),SYK,MDT,0.6025451163803586,0.5122178671527929,0.0319170586234314,False,,,,,-1.0,False
3118,Healthcare,Medical Devices (2),SYK,BSX,0.5165107755584323,0.4157511505260655,0.0387188004433259,False,,,,,-1.0,False
3119,Healthcare,Medical Devices (2),SYK,EW,0.3824230974103168,0.3797980318647013,0.0323122831701678,False,,,,,-1.0,False
3120,Healthcare,Medical Devices (2),SYK,ZBH,0.6404530753909049,0.5082305000265487,0.0610238607621513,False,,,,,-1.0,False
3121,Healthcare,Medical Devices (2),SYK,GMED,0.4967582418776941,0.3842149740353712,0.0462937675747675,False,,,,,-1.0,False
3122,Healthcare,Medical Devices (2),SYK,GKOS,0.1942071061865919,0.1365318991650624,0.0233685472208164,False,,,,,-1.0,False
3123,Healthcare,Medical Devices (2),SYK,ITGR,0.4114805627631459,0.4107232814356768,0.0226307952051553,False,,,,,-1.0,False
3124,Healthcare,Medical Devices (2),SYK,HAE,0.3976103460752368,0.3720928142855649,0.0240609440778684,False,,,,,-1.0,False
3125,Healthcare,Medical Devices (2),SYK,ESTA,0.12418307823781,0.1210025492124207,0.0383066132899499,False,,,,,-1.0,False
3126,Healthcare,Medical Devices (2),SYK,UFPT,0.2615914211055415,0.2318318568478843,0.0319026138511886,False,,,,,-1.0,False
3127,Healthcare,Medical Devices (2),SYK,ENOV,0.5216537925667604,0.4450768523040428,0.0499364439374938,False,,,,,-1.0,False
3128,Healthcare,Medical Devices (2),SYK,PRCT,0.0863307114870018,0.0025332696940275,0.0360078428917811,False,,,,,-1.0,False
3129,Healthcare,Medical Devices (2),SYK,ATEC,0.3148806389520193,0.2521829394722411,0.0224616774677519,False,,,,,-1.0,False
3130,Healthcare,Medical Devices (2),SYK,INSP,0.2442334284853519,0.1570403824196966,0.033106661353659,False,,,,,-1.0,False
3131,Healthcare,Medical Devices (2),MDT,BSX,0.5387253816064315,0.4501659292559279,0.0337801106661207,False,,,,,-1.0,False
3132,Healthcare,Medical Devices (2),MDT,EW,0.3731207169387242,0.3569108715490331,0.0237356378062896,False,,,,,-1.0,False
3133,Healthcare,Medical Devices (2),MDT,ZBH,0.5317371700292015,0.4320112453281132,0.038660913956035,False,,,,,-1.0,False
3134,Healthcare,Medical Devices (2),MDT,GMED,0.4294151285989142,0.3715220778655224,0.0229551913331752,False,,,,,-1.0,False
3135,Healthcare,Medical Devices (2),MDT,GKOS,0.260799592396402,0.2483281160292016,0.0176546155166924,False,,,,,-1.0,False
3136,Healthcare,Medical Devices (2),MDT,ITGR,0.3895726286754183,0.380214290323452,0.0283008010571767,False,,,,,-1.0,False
3137,Healthcare,Medical Devices (2),MDT,HAE,0.3538448108469982,0.2927117845961294,0.0259292456269053,False,,,,,-1.0,False
3138,Healthcare,Medical Devices (2),MDT,ESTA,0.3575574327605932,0.3411666196071948,0.0131068422527447,False,,,,,-1.0,False
3139,Healthcare,Medical Devices (2),MDT,UFPT,0.2899592540708156,0.2723445709354161,0.0193008436683767,False,,,,,-1.0,False
3140,Healthcare,Medical Devices (2),MDT,ENOV,0.5280340101012261,0.4028518438755057,0.0540905826969087,False,,,,,-1.0,False
3141,Healthcare,Medical Devices (2),MDT,PRCT,0.1184666717446666,-0.0107439404053293,0.050299447549887,False,,,,,-1.0,False
3142,Healthcare,Medical Devices (2),MDT,ATEC,0.3371365630018865,0.3095195463885208,0.0102026540809464,False,,,,,-1.0,False
3143,Healthcare,Medical Devices (2),MDT,INSP,0.3933147805786436,0.3514981893240921,0.0183186631890519,False,,,,,-1.0,False
3144,Healthcare,Medical Devices (2),BSX,EW,0.3490838034484135,0.3283865788968773,0.0120956611013263,False,,,,,-1.0,False
3145,Healthcare,Medical Devices (2),BSX,ZBH,0.4296682871682053,0.3436409515374031,0.0354042274846748,False,,,,,-1.0,False
3146,Healthcare,Medical Devices (2),BSX,GMED,0.4137342837716193,0.3631056650928117,0.0194404970109509,False,,,,,-1.0,False
3147,Healthcare,Medical Devices (2),BSX,GKOS,0.2006885227376592,0.1368615526054959,0.0242489853400499,False,,,,,-1.0,False
3148,Healthcare,Medical Devices (2),BSX,ITGR,0.2356090491602035,0.2097692568306632,0.0174121801473792,False,,,,,-1.0,False
3149,Healthcare,Medical Devices (2),BSX,HAE,0.2434167450071258,0.1438319082102999,0.0464524358961073,False,,,,,-1.0,False
3150,Healthcare,Medical Devices (2),BSX,ESTA,0.3085045216562657,0.2828217611941466,0.0087881421857468,False,,,,,-1.0,False
3151,Healthcare,Medical Devices (2),BSX,UFPT,0.2077411756026643,0.1893387712606297,0.006120548035809,False,,,,,-1.0,False
3152,Healthcare,Medical Devices (2),BSX,ENOV,0.3530287667470158,0.2542261027831518,0.0392822882088642,False,,,,,-1.0,False
3153,Healthcare,Medical Devices (2),BSX,PRCT,0.1084778244636508,0.0690360991112971,0.0393395702097732,False,,,,,-1.0,False
3154,Healthcare,Medical Devices (2),BSX,ATEC,0.2266194785926835,0.1774163805153816,0.0214824336593813,False,,,,,-1.0,False
3155,Healthcare,Medical Devices (2),BSX,INSP,0.203761159557524,0.0945374439408056,0.0456666797676326,False,,,,,-1.0,False
3156,Healthcare,Medical Devices (2),EW,ZBH,0.4341720476843446,0.3232018405446859,0.0399337137791922,False,,,,,-1.0,False
3157,Healthcare,Medical Devices (2),EW,GMED,0.3506738972814335,0.3506738972814335,0.0164471877527607,False,,,,,-1.0,False
3158,Healthcare,Medical Devices (2),EW,GKOS,0.0060010961354921,0.0060010961354921,0.0295100816189347,False,,,,,-1.0,False
3159,Healthcare,Medical Devices (2),EW,ITGR,0.3618492281393171,0.3520558538345846,0.0302237082660439,False,,,,,-1.0,False
3160,Healthcare,Medical Devices (2),EW,HAE,0.2544508531107554,0.2502175788515229,0.0247275958550443,False,,,,,-1.0,False
3161,Healthcare,Medical Devices (2),EW,ESTA,0.1747654894596364,0.1747654894596364,0.0456785185281411,False,,,,,-1.0,False
3162,Healthcare,Medical Devices (2),EW,UFPT,0.1374454891220254,0.1116929210187408,0.0216696326649156,False,,,,,-1.0,False
3163,Healthcare,Medical Devices (2),EW,ENOV,0.2703084767464702,0.2591288748286567,0.025519859590421,False,,,,,-1.0,False
3164,Healthcare,Medical Devices (2),EW,PRCT,0.1300230354445495,0.0331637555957838,0.0397516654344193,False,,,,,-1.0,False
3165,Healthcare,Medical Devices (2),EW,ATEC,0.2540083305826979,0.2540083305826979,0.0154560739183834,False,,,,,-1.0,False
3166,Healthcare,Medical Devices (2),EW,INSP,0.1511599992160677,0.0693127086173498,0.0372509003345059,False,,,,,-1.0,False
3167,Healthcare,Medical Devices (2),ZBH,GMED,0.508006116170962,0.3957950077479593,0.0481252770228489,False,,,,,-1.0,False
3168,Healthcare,Medical Devices (2),ZBH,GKOS,0.2674633871233703,0.2265606218456532,0.0206471406163798,False,,,,,-1.0,False
3169,Healthcare,Medical Devices (2),ZBH,ITGR,0.3798787785278034,0.3196494286936484,0.0365286100634139,False,,,,,-1.0,False
3170,Healthcare,Medical Devices (2),ZBH,HAE,0.2573962962936129,0.2083997329096743,0.0187285764053512,False,,,,,-1.0,False
3171,Healthcare,Medical Devices (2),ZBH,ESTA,0.2064367568677851,0.2064367568677851,0.0172028749232622,False,,,,,-1.0,False
3172,Healthcare,Medical Devices (2),ZBH,UFPT,0.2703236395133212,0.2398851705675996,0.0303593008461571,False,,,,,-1.0,False
3173,Healthcare,Medical Devices (2),ZBH,ENOV,0.6121725413914706,0.5164632552636941,0.0384963767279774,False,,,,,-1.0,False
3174,Healthcare,Medical Devices (2),ZBH,PRCT,0.116034110527678,0.0378863869397877,0.0584545017995315,False,,,,,-1.0,False
3175,Healthcare,Medical Devices (2),ZBH,ATEC,0.3550502807844121,0.3146463708125379,0.0135589344006912,False,,,,,-1.0,False
3176,Healthcare,Medical Devices (2),ZBH,INSP,0.2415102652594551,0.1713000604250151,0.0323486380200746,False,,,,,-1.0,False
3177,Healthcare,Medical Devices (2),GMED,GKOS,0.2736862330344043,0.2736862330344043,0.0171529468661793,False,,,,,-1.0,False
3178,Healthcare,Medical Devices (2),GMED,ITGR,0.3537038834083914,0.2866670152893296,0.0319022779124417,False,,,,,-1.0,False
3179,Healthcare,Medical Devices (2),GMED,HAE,0.3575464443596435,0.2979220270640229,0.023075922503113,False,,,,,-1.0,False
3180,Healthcare,Medical Devices (2),GMED,ESTA,0.3394853102052377,0.3316156200027013,0.0185756731018415,False,,,,,-1.0,False
3181,Healthcare,Medical Devices (2),GMED,UFPT,0.2653605179383742,0.1803963408447352,0.0373276653011625,False,,,,,-1.0,False
3182,Healthcare,Medical Devices (2),GMED,ENOV,0.5792746092595884,0.506984822765603,0.0298443565597429,False,,,,,-1.0,False
3183,Healthcare,Medical Devices (2),GMED,PRCT,0.1800608509494631,0.0857308304740916,0.0666585738510476,False,,,,,-1.0,False
3184,Healthcare,Medical Devices (2),GMED,ATEC,0.4648494036123494,0.4318236038732587,0.0123103641953073,False,,,,,-1.0,False
3185,Healthcare,Medical Devices (2),GMED,INSP,0.3515363943510605,0.3149839881939436,0.0230663999923153,False,,,,,-1.0,False
3186,Healthcare,Medical Devices (2),GKOS,ITGR,0.3195789303354319,0.3070850537398411,0.0352728635406258,False,,,,,-1.0,False
3187,Healthcare,Medical Devices (2),GKOS,HAE,0.0397459113018517,0.0345304170984515,0.0110933287790365,False,,,,,-1.0,False
3188,Healthcare,Medical Devices (2),GKOS,ESTA,0.330968899514075,0.330968899514075,0.0243052505085266,False,,,,,-1.0,False
3189,Healthcare,Medical Devices (2),GKOS,UFPT,0.1038563642369608,0.0406190935471671,0.0230935023751323,False,,,,,-1.0,False
3190,Healthcare,Medical Devices (2),GKOS,ENOV,0.31209159353368,0.3102956884402677,0.0241873029640267,False,,,,,-1.0,False
3191,Healthcare,Medical Devices (2),GKOS,PRCT,-0.0838702598055692,-0.1200625998255395,0.0613269202768601,False,,,,,-1.0,False
3192,Healthcare,Medical Devices (2),GKOS,ATEC,0.1631857297957298,0.1631857297957298,0.0085131548298003,False,,,,,-1.0,False
3193,Healthcare,Medical Devices (2),GKOS,INSP,0.2856178052928906,0.2631614012988155,0.0183759396378291,False,,,,,-1.0,False
3194,Healthcare,Medical Devices (2),ITGR,HAE,0.497011432285654,0.401107337055908,0.0382038313924172,False,,,,,-1.0,False
3195,Healthcare,Medical Devices (2),ITGR,ESTA,0.4318980067362844,0.4156752709088554,0.0073166173885733,False,,,,,-1.0,False
3196,Healthcare,Medical Devices (2),ITGR,UFPT,0.5487338754991297,0.4752480280904356,0.0313526861508224,False,,,,,-1.0,False
3197,Healthcare,Medical Devices (2),ITGR,ENOV,0.4931849845507944,0.4321491521823747,0.0587250490067125,False,,,,,-1.0,False
3198,Healthcare,Medical Devices (2),ITGR,PRCT,0.099672235093327,-0.0108643401342547,0.0534477979431108,False,,,,,-1.0,False
3199,Healthcare,Medical Devices (2),ITGR,ATEC,0.203707114563337,0.1326529020131728,0.0321484142563846,False,,,,,-1.0,False
3200,Healthcare,Medical Devices (2),ITGR,INSP,0.3169308824873568,0.2138106740188162,0.0403737716239892,False,,,,,-1.0,False
3201,Healthcare,Medical Devices (2),HAE,ESTA,0.316583665520312,0.3074369365889186,0.0086105431227622,False,,,,,-1.0,False
3202,Healthcare,Medical Devices (2),HAE,UFPT,0.3499297139556524,0.2792112503818546,0.0261063227764917,False,,,,,-1.0,False
3203,Healthcare,Medical Devices (2),HAE,ENOV,0.3007530533954138,0.2439733962529162,0.0217982248301287,False,,,,,-1.0,False
3204,Healthcare,Medical Devices (2),HAE,PRCT,0.2412682161756023,0.1396708456759406,0.0392344701281435,False,,,,,-1.0,False
3205,Healthcare,Medical Devices (2),HAE,ATEC,0.3341397295589031,0.303270472012362,0.0118782078712578,False,,,,,-1.0,False
3206,Healthcare,Medical Devices (2),HAE,INSP,0.3877374867646835,0.3662658052127619,0.0102623592524391,False,,,,,-1.0,False
3207,Healthcare,Medical Devices (2),ESTA,UFPT,0.5311832207639173,0.4975582581795685,0.0146694281038857,False,,,,,-1.0,False
3208,Healthcare,Medical Devices (2),ESTA,ENOV,0.3194426431170026,0.3090916610929722,0.0267658566635673,False,,,,,-1.0,False
3209,Healthcare,Medical Devices (2),ESTA,PRCT,0.1473747780806117,0.0067235375898953,0.0532510363272767,False,,,,,-1.0,False
3210,Healthcare,Medical Devices (2),ESTA,ATEC,0.1945549030258172,0.1795396845375132,0.0057291990209329,False,,,,,-1.0,False
3211,Healthcare,Medical Devices (2),ESTA,INSP,0.2749693749876297,0.2416117615967888,0.0158621737382469,False,,,,,-1.0,False
3212,Healthcare,Medical Devices (2),UFPT,ENOV,0.4640181934293028,0.3958798706124492,0.0271296350326918,False,,,,,-1.0,False
3213,Healthcare,Medical Devices (2),UFPT,PRCT,0.181675553739664,0.1419311772252206,0.0166425795765379,False,,,,,-1.0,False
3214,Healthcare,Medical Devices (2),UFPT,ATEC,0.020111291787192,-0.0712520894317833,0.0324859116541044,False,,,,,-1.0,False
3215,Healthcare,Medical Devices (2),UFPT,INSP,0.3285061116082415,0.2587901335620982,0.0218478895573145,False,,,,,-1.0,False
3216,Healthcare,Medical Devices (2),ENOV,PRCT,0.1130576889024034,-0.0190750113351354,0.1020907797132108,False,,,,,-1.0,False
3217,Healthcare,Medical Devices (2),ENOV,ATEC,0.3495961795588743,0.2924174674674015,0.0190210462513946,False,,,,,-1.0,False
3218,Healthcare,Medical Devices (2),ENOV,INSP,0.3745938118769425,0.2548172020751295,0.0541366891200344,False,,,,,-1.0,False
3219,Healthcare,Medical Devices (2),PRCT,ATEC,0.276425338008828,0.2302105069152263,0.0222626636306131,False,,,,,-1.0,False
3220,Healthcare,Medical Devices (2),PRCT,INSP,0.2164455755452006,0.1587993275238794,0.0226984663601278,False,,,,,-1.0,False
3221,Healthcare,Medical Devices (2),ATEC,INSP,0.2076147170358169,0.1410263473492306,0.0356559377223967,False,,,,,-1.0,False
3222,Healthcare,Biotechnology (1),VRTX,BBIO,0.1630365519633969,0.1630365519633969,0.084368536420553,False,,,,,-1.0,False
3223,Healthcare,Biotechnology (1),VRTX,CYTK,0.2636682407823034,0.2622315854415222,0.0126086754319197,False,,,,,-1.0,False
3224,Healthcare,Biotechnology (1),VRTX,NAMS,0.1844368313986723,0.1774545992561944,0.0236285829232277,False,,,,,-1.0,False
3225,Healthcare,Biotechnology (1),VRTX,EWTX,0.0236263512570716,0.0061017542141359,0.0507067604245976,False,,,,,-1.0,False
3226,Healthcare,Biotechnology (1),VRTX,DYN,0.2285193939348782,0.2285193939348782,0.0707525918712144,False,,,,,-1.0,False
3227,Healthcare,Biotechnology (1),VRTX,TRVI,0.2184098880156019,0.0548112388646138,0.0598302716337563,False,,,,,-1.0,False
3228,Healthcare,Biotechnology (1),VRTX,AGIO,0.2140509039947611,0.17226119270449,0.0147010711932587,False,,,,,-1.0,False
3229,Healthcare,Biotechnology (1),VRTX,ARDX,0.0661794335597665,0.0661794335597665,0.0517959673029615,False,,,,,-1.0,False
3230,Healthcare,Biotechnology (1),BBIO,CYTK,0.2346513489903287,0.2346513489903287,0.0432046991407424,False,,,,,-1.0,False
3231,Healthcare,Biotechnology (1),BBIO,NAMS,0.0776328366136803,0.0776328366136803,0.0452062063659955,False,,,,,-1.0,False
3232,Healthcare,Biotechnology (1),BBIO,EWTX,0.2110343603295655,0.2046712425845134,0.0101269445596667,False,,,,,-1.0,False
3233,Healthcare,Biotechnology (1),BBIO,DYN,0.1636458154335811,0.1636458154335811,0.067372367135164,False,,,,,-1.0,False
3234,Healthcare,Biotechnology (1),BBIO,TRVI,0.2713622429944636,0.2713622429944636,0.0715457648161638,False,,,,,-1.0,False
3235,Healthcare,Biotechnology (1),BBIO,AGIO,0.1491948217174534,0.1491948217174534,0.0591940339555661,False,,,,,-1.0,False
3236,Healthcare,Biotechnology (1),BBIO,ARDX,0.1106346503096148,0.1106346503096148,0.0809026682564826,False,,,,,-1.0,False
3237,Healthcare,Biotechnology (1),CYTK,NAMS,0.0698975383525106,0.0698975383525106,0.0166851337664113,False,,,,,-1.0,False
3238,Healthcare,Biotechnology (1),CYTK,EWTX,0.406004237084976,0.3908492593861774,0.016236640040221,False,,,,,-1.0,False
3239,Healthcare,Biotechnology (1),CYTK,DYN,0.1698912121711602,0.1698912121711602,0.035817623320171,False,,,,,-1.0,False
3240,Healthcare,Biotechnology (1),CYTK,TRVI,0.2523044846140521,0.2175341870941744,0.0133641436566395,False,,,,,-1.0,False
3241,Healthcare,Biotechnology (1),CYTK,AGIO,0.1986472625655608,0.1986472625655608,0.0290409622577265,False,,,,,-1.0,False
3242,Healthcare,Biotechnology (1),CYTK,ARDX,0.0819312071022922,0.0819312071022922,0.0425693628845534,False,,,,,-1.0,False
3243,Healthcare,Biotechnology (1),NAMS,EWTX,0.0323760782999065,0.0270469122307307,0.0243461518246,False,,,,,-1.0,False
3244,Healthcare,Biotechnology (1),NAMS,DYN,0.0999235001556956,0.0999235001556956,0.0764687235262136,False,,,,,-1.0,False
3245,Healthcare,Biotechnology (1),NAMS,TRVI,0.427694887424205,0.3301542252398597,0.0322639477949874,False,,,,,-1.0,False
3246,Healthcare,Biotechnology (1),NAMS,AGIO,0.1490642027495455,0.1490642027495455,0.0410981268241062,False,,,,,-1.0,False
3247,Healthcare,Biotechnology (1),NAMS,ARDX,0.1283017794986253,0.1283017794986253,0.0521365013220152,False,,,,,-1.0,False
3248,Healthcare,Biotechnology (1),EWTX,DYN,0.2662930094749362,0.2662930094749362,0.0382923340148113,False,,,,,-1.0,False
3249,Healthcare,Biotechnology (1),EWTX,TRVI,0.2623010128860504,0.1866309544614547,0.025232022321791,False,,,,,-1.0,False
3250,Healthcare,Biotechnology (1),EWTX,AGIO,0.1659445897997546,0.1398371234567655,0.0240581273784822,False,,,,,-1.0,False
3251,Healthcare,Biotechnology (1),EWTX,ARDX,0.0723366263506476,0.0636062732091121,0.0174124494143673,False,,,,,-1.0,False
3252,Healthcare,Biotechnology (1),DYN,TRVI,0.2309089734074415,0.2309089734074415,0.0747365361673431,False,,,,,-1.0,False
3253,Healthcare,Biotechnology (1),DYN,AGIO,0.2144201683226872,0.2144201683226872,0.0202572412039147,False,,,,,-1.0,False
3254,Healthcare,Biotechnology (1),DYN,ARDX,0.1880030437369884,0.1880030437369884,0.0385355493312541,False,,,,,-1.0,False
3255,Healthcare,Biotechnology (1),TRVI,AGIO,0.2880453579621322,0.2329854583783032,0.0513151691010413,False,,,,,-1.0,False
3256,Healthcare,Biotechnology (1),TRVI,ARDX,0.2139174347262445,0.2013906025322981,0.0453911389990392,False,,,,,-1.0,False
3257,Healthcare,Biotechnology (1),AGIO,ARDX,0.1040260540553545,0.1040260540553545,0.04358182564058,False,,,,,-1.0,False
3258,Healthcare,Biotechnology (2),BMRN,ACAD,0.3364896875866878,0.3364896875866878,0.0389857567682363,False,,,,,-1.0,False
3259,Healthcare,Biotechnology (2),BMRN,DNLI,0.191455897790761,0.1746864502582985,0.0399825791176651,False,,,,,-1.0,False
3260,Healthcare,Biotechnology (2),BMRN,RARE,0.3282231516082393,0.3149832838484359,0.0369155353860981,False,,,,,-1.0,False
3261,Healthcare,Biotechnology (2),BMRN,STOK,0.147057654079545,0.147057654079545,0.0216835678803,False,,,,,-1.0,False
3262,Healthcare,Biotechnology (2),BMRN,TSHA,0.052981823978801,0.052981823978801,0.0466801586725075,False,,,,,-1.0,False
3263,Healthcare,Biotechnology (2),ACAD,DNLI,0.1415448016147996,0.1202790275629248,0.0672887617649854,False,,,,,-1.0,False
3264,Healthcare,Biotechnology (2),ACAD,RARE,0.337412286037391,0.337412286037391,0.0183920733955192,False,,,,,-1.0,False
3265,Healthcare,Biotechnology (2),ACAD,STOK,0.5124055578766968,0.4873728148551263,0.0123853570446476,False,,,,,-1.0,False
3266,Healthcare,Biotechnology (2),ACAD,TSHA,0.1003864146433161,0.1003864146433161,0.0507363397776344,False,,,,,-1.0,False
3267,Healthcare,Biotechnology (2),DNLI,RARE,0.3416312889663657,0.3416312889663657,0.0242668207576143,False,,,,,-1.0,False
3268,Healthcare,Biotechnology (2),DNLI,STOK,0.2660871925164854,0.2289207575310579,0.0182262807452682,False,,,,,-1.0,False
3269,Healthcare,Biotechnology (2),DNLI,TSHA,0.2099181084979609,0.1987248040293336,0.0756555831403086,False,,,,,-1.0,False
3270,Healthcare,Biotechnology (2),RARE,STOK,0.3219259465246324,0.3219259465246324,0.0231278335695917,False,,,,,-1.0,False
3271,Healthcare,Biotechnology (2),RARE,TSHA,0.2765843646988215,0.2765843646988215,0.0437367324254049,False,,,,,-1.0,False
3272,Healthcare,Biotechnology (2),STOK,TSHA,0.3726266518924352,0.3431368105145085,0.0190757785883148,False,,,,,-1.0,False
3273,Healthcare,Biotechnology (3),REGN,ALNY,0.3123883025468083,0.3123883025468083,0.031402029991944,False,,,,,-1.0,False
3274,Healthcare,Biotechnology (3),REGN,RPRX,0.4451476430390413,0.3816053116759112,0.0282973505696002,False,,,,,-1.0,False
3275,Healthcare,Biotechnology (3),REGN,MRNA,0.2964248879206509,0.2964248879206509,0.0412157288228085,False,,,,,-1.0,False
3276,Healthcare,Biotechnology (3),REGN,ASND,0.2136071439915927,0.2136071439915927,0.0114320701825828,False,,,,,-1.0,False
3277,Healthcare,Biotechnology (3),REGN,HALO,0.2593829871614644,0.2540037395013159,0.0383879856556726,False,,,,,-1.0,False
3278,Healthcare,Biotechnology (3),REGN,CRSP,0.2229930462020994,0.2229930462020994,0.0361968968734182,False,,,,,-1.0,False
3279,Healthcare,Biotechnology (3),REGN,TARS,0.2191393329910306,0.1970170618897702,0.020408392085575,False,,,,,-1.0,False
3280,Healthcare,Biotechnology (3),REGN,BEAM,0.2192228164569077,0.2192228164569077,0.0179179450437634,False,,,,,-1.0,False
3281,Healthcare,Biotechnology (3),REGN,NKTR,0.2519782479616834,0.1804508296391144,0.0334334867309527,False,,,,,-1.0,False
3282,Healthcare,Biotechnology (3),REGN,ADMA,-0.0518287015886393,-0.1380846585337414,0.030272974407597,False,,,,,-1.0,False
3283,Healthcare,Biotechnology (3),REGN,NTLA,0.1338217534425577,0.1338217534425577,0.0377038081887479,False,,,,,-1.0,False
3284,Healthcare,Biotechnology (3),REGN,INVA,0.24691788747422,0.2100032463754377,0.0148122229086919,False,,,,,-1.0,False
3285,Healthcare,Biotechnology (3),REGN,WVE,0.1775088924862809,0.0075963600624169,0.0754396155974899,False,,,,,-1.0,False
3286,Healthcare,Biotechnology (3),ALNY,RPRX,0.2814784720322959,0.2814784720322959,0.0417568739087375,False,,,,,-1.0,False
3287,Healthcare,Biotechnology (3),ALNY,MRNA,0.1234969987431247,0.1234969987431247,0.0660445531759218,False,,,,,-1.0,False
3288,Healthcare,Biotechnology (3),ALNY,ASND,0.2817824975399897,0.2817824975399897,0.039773258136559,False,,,,,-1.0,False
3289,Healthcare,Biotechnology (3),ALNY,HALO,0.3125679098953589,0.3125679098953589,0.0401412138210032,False,,,,,-1.0,False
3290,Healthcare,Biotechnology (3),ALNY,CRSP,0.32791575789401,0.32791575789401,0.0183561386209669,False,,,,,-1.0,False
3291,Healthcare,Biotechnology (3),ALNY,TARS,0.2843736700348073,0.2843736700348073,0.074015808270542,False,,,,,-1.0,False
3292,Healthcare,Biotechnology (3),ALNY,BEAM,0.2457141868750329,0.2055340567886799,0.0350533300073752,False,,,,,-1.0,False
3293,Healthcare,Biotechnology (3),ALNY,NKTR,0.1917921854477652,0.1832396614939177,0.0336406541623962,False,,,,,-1.0,False
3294,Healthcare,Biotechnology (3),ALNY,ADMA,0.09530362746612,-0.1315723108946027,0.096713124317232,False,,,,,-1.0,False
3295,Healthcare,Biotechnology (3),ALNY,NTLA,0.1974561892376675,0.1954634403417881,0.0206030856228657,False,,,,,-1.0,False
3296,Healthcare,Biotechnology (3),ALNY,INVA,0.1001154064385224,0.1001154064385224,0.0299989935728168,False,,,,,-1.0,False
3297,Healthcare,Biotechnology (3),ALNY,WVE,0.0798404966747949,0.049853560005344,0.0273588102843554,False,,,,,-1.0,False
3298,Healthcare,Biotechnology (3),RPRX,MRNA,0.0537387770503526,0.0537387770503526,0.0314738636474332,False,,,,,-1.0,False
3299,Healthcare,Biotechnology (3),RPRX,ASND,0.2592751774588788,0.2592751774588788,0.0337118515721937,False,,,,,-1.0,False
3300,Healthcare,Biotechnology (3),RPRX,HALO,0.194557819681372,0.194557819681372,0.0155519548440493,False,,,,,-1.0,False
3301,Healthcare,Biotechnology (3),RPRX,CRSP,0.2237409120477732,0.2237409120477732,0.0392822268869995,False,,,,,-1.0,False
3302,Healthcare,Biotechnology (3),RPRX,TARS,0.3898223080965159,0.3289362258373006,0.0294195710248496,False,,,,,-1.0,False
3303,Healthcare,Biotechnology (3),RPRX,BEAM,0.1650320719548572,0.1650320719548572,0.0263707983211345,False,,,,,-1.0,False
3304,Healthcare,Biotechnology (3),RPRX,NKTR,0.187593302042834,0.0513678332267969,0.0584907665981319,False,,,,,-1.0,False
3305,Healthcare,Biotechnology (3),RPRX,ADMA,0.0072803380998589,-0.1031466781161683,0.0466175693082755,False,,,,,-1.0,False
3306,Healthcare,Biotechnology (3),RPRX,NTLA,0.0249234412534786,0.0249234412534786,0.0386278233236925,False,,,,,-1.0,False
3307,Healthcare,Biotechnology (3),RPRX,INVA,0.1835898336257402,0.0827137952382047,0.0339959690331074,False,,,,,-1.0,False
3308,Healthcare,Biotechnology (3),RPRX,WVE,0.1315101917339001,0.0440401361084506,0.0427339860758863,False,,,,,-1.0,False
3309,Healthcare,Biotechnology (3),MRNA,ASND,0.1679317112030464,0.164634531002369,0.0206087072413257,False,,,,,-1.0,False
3310,Healthcare,Biotechnology (3),MRNA,HALO,0.1546072566044112,0.1546072566044112,0.0272177394176718,False,,,,,-1.0,False
3311,Healthcare,Biotechnology (3),MRNA,CRSP,0.5542905786565935,0.5183297823140497,0.0143398489849916,False,,,,,-1.0,False
3312,Healthcare,Biotechnology (3),MRNA,TARS,0.2603614004726244,0.1871511066539437,0.0371453790176288,False,,,,,-1.0,False
3313,Healthcare,Biotechnology (3),MRNA,BEAM,0.3908398267096955,0.3908398267096955,0.0339062450766791,False,,,,,-1.0,False
3314,Healthcare,Biotechnology (3),MRNA,NKTR,0.3170318508773822,0.3021772234543761,0.0186830763968981,False,,,,,-1.0,False
3315,Healthcare,Biotechnology (3),MRNA,ADMA,-0.1000451936313125,-0.1754674031970785,0.0290875379838479,False,,,,,-1.0,False
3316,Healthcare,Biotechnology (3),MRNA,NTLA,0.4381795235880543,0.4381795235880543,0.0132549002880055,False,,,,,-1.0,False
3317,Healthcare,Biotechnology (3),MRNA,INVA,-0.0814597418377087,-0.0889309615542203,0.0576166780577257,False,,,,,-1.0,False
3318,Healthcare,Biotechnology (3),MRNA,WVE,0.3713386561388945,0.1275425405071757,0.1164811809352214,False,,,,,-1.0,False
3319,Healthcare,Biotechnology (3),ASND,HALO,0.1962141606893206,0.1962141606893206,0.0404348217461257,False,,,,,-1.0,False
3320,Healthcare,Biotechnology (3),ASND,CRSP,0.2384760699741368,0.2366243158668723,0.0188574435662852,False,,,,,-1.0,False
3321,Healthcare,Biotechnology (3),ASND,TARS,0.2724115399013836,0.262393725556775,0.0625510412644997,False,,,,,-1.0,False
3322,Healthcare,Biotechnology (3),ASND,BEAM,0.0669061923180166,0.0669061923180166,0.0414905343807331,False,,,,,-1.0,False
3323,Healthcare,Biotechnology (3),ASND,NKTR,0.1437472974595124,0.1261550297456483,0.0282876094823606,False,,,,,-1.0,False
3324,Healthcare,Biotechnology (3),ASND,ADMA,-0.0948820605278808,-0.1106684652306876,0.0108368962707501,False,,,,,-1.0,False
3325,Healthcare,Biotechnology (3),ASND,NTLA,0.1842707058152439,0.1836224033348969,0.0172952825895284,False,,,,,-1.0,False
3326,Healthcare,Biotechnology (3),ASND,INVA,0.0952641716458699,0.0729488533206369,0.0193217343150305,False,,,,,-1.0,False
3327,Healthcare,Biotechnology (3),ASND,WVE,0.0485708537868127,0.0321911542622142,0.0227094156699802,False,,,,,-1.0,False
3328,Healthcare,Biotechnology (3),HALO,CRSP,0.3095189684561876,0.3095189684561876,0.0234133705065787,False,,,,,-1.0,False
3329,Healthcare,Biotechnology (3),HALO,TARS,0.199338645323657,0.1663297115154051,0.0368003896999899,False,,,,,-1.0,False
3330,Healthcare,Biotechnology (3),HALO,BEAM,0.2314507238448556,0.2314507238448556,0.0267837122815763,False,,,,,-1.0,False
3331,Healthcare,Biotechnology (3),HALO,NKTR,0.3204124196287704,0.2877622967060624,0.0170442914080099,False,,,,,-1.0,False
3332,Healthcare,Biotechnology (3),HALO,ADMA,0.0902680822092715,0.0279813879099225,0.0226800716448961,False,,,,,-1.0,False
3333,Healthcare,Biotechnology (3),HALO,NTLA,0.2089903190280608,0.2089903190280608,0.023247790487769,False,,,,,-1.0,False
3334,Healthcare,Biotechnology (3),HALO,INVA,0.1914451669495074,0.1712967734036061,0.0332131374838758,False,,,,,-1.0,False
3335,Healthcare,Biotechnology (3),HALO,WVE,0.0586895740534684,0.036460059521849,0.014407349137075,False,,,,,-1.0,False
3336,Healthcare,Biotechnology (3),CRSP,TARS,0.2429982623547031,0.2429982623547031,0.0326171740007401,False,,,,,-1.0,False
3337,Healthcare,Biotechnology (3),CRSP,NKTR,0.2938953865943008,0.2938953865943008,0.0356257583812754,False,,,,,-1.0,False
3338,Healthcare,Biotechnology (3),CRSP,ADMA,-0.0988959204691139,-0.1427487015994109,0.015903364429577,False,,,,,-1.0,False
3339,Healthcare,Biotechnology (3),CRSP,NTLA,0.5694455688617591,0.5561475304613734,0.011658969118648,False,,,,,-1.0,False
3340,Healthcare,Biotechnology (3),CRSP,INVA,0.0005869563105345,0.0005869563105345,0.029946107189626,False,,,,,-1.0,False
3341,Healthcare,Biotechnology (3),CRSP,WVE,0.5465154009744483,0.0750192042494382,0.2115456220866782,False,,,,,-1.0,False
3342,Healthcare,Biotechnology (3),TARS,BEAM,0.2734288644877046,0.2270266193544785,0.034513046886285,False,,,,,-1.0,False
3343,Healthcare,Biotechnology (3),TARS,NKTR,0.2712107385703242,0.115491632862868,0.0650361701751681,False,,,,,-1.0,False
3344,Healthcare,Biotechnology (3),TARS,ADMA,0.1199908759209491,0.014236092317785,0.0454906336144404,False,,,,,-1.0,False
3345,Healthcare,Biotechnology (3),TARS,NTLA,0.1404461585746763,0.1404461585746763,0.0237071667958367,False,,,,,-1.0,False
3346,Healthcare,Biotechnology (3),TARS,INVA,0.2689199816305686,0.2473500896501221,0.0532123605291597,False,,,,,-1.0,False
3347,Healthcare,Biotechnology (3),TARS,WVE,0.3879646041429087,0.1291519885459814,0.1167965880986954,False,,,,,-1.0,False
3348,Healthcare,Biotechnology (3),BEAM,NKTR,0.3034577035486864,0.3034577035486864,0.0285710130347697,False,,,,,-1.0,False
3349,Healthcare,Biotechnology (3),BEAM,ADMA,-0.057908454389989,-0.0679207341067337,0.0090180960491816,False,,,,,-1.0,False
3350,Healthcare,Biotechnology (3),BEAM,NTLA,0.5060721545684461,0.5060721545684461,0.011865936050263,False,,,,,-1.0,False
3351,Healthcare,Biotechnology (3),BEAM,INVA,0.153939972732279,0.0889235517944316,0.0219321190046776,False,,,,,-1.0,False
3352,Healthcare,Biotechnology (3),BEAM,WVE,0.5765435931637044,0.141098272064634,0.1931556537589557,False,,,,,-1.0,False
3353,Healthcare,Biotechnology (3),NKTR,ADMA,0.0546163294932747,0.0276655627428108,0.0086447694680544,False,,,,,-1.0,False
3354,Healthcare,Biotechnology (3),NKTR,NTLA,0.3162962014066773,0.3162962014066773,0.0312916907054357,False,,,,,-1.0,False
3355,Healthcare,Biotechnology (3),NKTR,INVA,0.0689282663804083,0.0087654514844619,0.0200166244893696,False,,,,,-1.0,False
3356,Healthcare,Biotechnology (3),NKTR,WVE,0.3963691649765738,0.1138344808416511,0.1390510015379118,False,,,,,-1.0,False
3357,Healthcare,Biotechnology (3),ADMA,NTLA,0.0739643566049218,-0.0013756595248788,0.0284193061478128,False,,,,,-1.0,False
3358,Healthcare,Biotechnology (3),ADMA,INVA,0.3067998603967793,0.1279388673466363,0.0787461118192615,False,,,,,-1.0,False
3359,Healthcare,Biotechnology (3),ADMA,WVE,0.0968748533528144,0.087012611860293,0.0785076239392133,False,,,,,-1.0,False
3360,Healthcare,Biotechnology (3),NTLA,INVA,-0.0256178657081503,-0.0334538812982238,0.0180136698797923,False,,,,,-1.0,False
3361,Healthcare,Biotechnology (3),NTLA,WVE,0.5535337140328471,0.1645012320309851,0.1803061146558609,False,,,,,-1.0,False
3362,Healthcare,Biotechnology (3),INVA,WVE,0.0709852230035566,0.0519468510520772,0.0503652846142531,False,,,,,-1.0,False
3363,Healthcare,Biotechnology (4),RVMD,IBRX,0.1299062796092575,0.1164064346656606,0.0151030948271287,False,,,,,-1.0,False
3364,Healthcare,Biotechnology (4),RVMD,CELC,0.227849683696044,0.2183618463873544,0.0071268567283202,False,,,,,-1.0,False
3365,Healthcare,Biotechnology (4),RVMD,COGT,0.2245599927529066,0.1920683218537452,0.013891499875808,False,,,,,-1.0,False
3366,Healthcare,Biotechnology (4),RVMD,ERAS,0.0087694441571623,-0.0190313788728891,0.0121953506465198,False,,,,,-1.0,False
3367,Healthcare,Biotechnology (4),RVMD,RLAY,0.1893862229872823,0.1833884098313111,0.0038222954630496,False,,,,,-1.0,False
3368,Healthcare,Biotechnology (4),RVMD,TYRA,0.0097781554803642,0.0097781554803642,0.0149599064232944,False,,,,,-1.0,False
3369,Healthcare,Biotechnology (4),RVMD,CAPR,0.3823510378432816,0.3759034144476403,0.0219701620554156,False,,,,,-1.0,False
3370,Healthcare,Biotechnology (4),RVMD,VIR,0.2182484540457114,0.2139085338937082,0.0125582023212274,False,,,,,-1.0,False
3371,Healthcare,Biotechnology (4),IBRX,CELC,0.2089194716416058,0.1777191547893593,0.0203680855380068,False,,,,,-1.0,False
3372,Healthcare,Biotechnology (4),IBRX,COGT,0.3064690972637731,0.3064690972637731,0.0416359705562762,False,,,,,-1.0,False
3373,Healthcare,Biotechnology (4),IBRX,ERAS,0.3326899791259297,0.2442506927764926,0.0370092112897591,False,,,,,-1.0,False
3374,Healthcare,Biotechnology (4),IBRX,RLAY,0.2464598656602089,0.1652069439434212,0.0256533822346812,False,,,,,-1.0,False
3375,Healthcare,Biotechnology (4),IBRX,TYRA,0.1776576388945642,0.1776576388945642,0.0410683439965714,False,,,,,-1.0,False
3376,Healthcare,Biotechnology (4),IBRX,CAPR,0.2084776537018851,0.2084776537018851,0.0386065168014823,False,,,,,-1.0,False
3377,Healthcare,Biotechnology (4),IBRX,VIR,0.3065664578877249,0.3065664578877249,0.0182994465834759,False,,,,,-1.0,False
3378,Healthcare,Biotechnology (4),CELC,COGT,0.4848470801693898,0.476342206417374,0.0205995130385901,False,,,,,-1.0,False
3379,Healthcare,Biotechnology (4),CELC,ERAS,0.0795059435946861,0.0611475696756463,0.0119293205988443,False,,,,,-1.0,False
3380,Healthcare,Biotechnology (4),CELC,RLAY,0.1833079714559676,0.1697044437894108,0.0155804517732159,False,,,,,-1.0,False
3381,Healthcare,Biotechnology (4),CELC,TYRA,0.1697415856993732,0.1697415856993732,0.0139446214835,False,,,,,-1.0,False
3382,Healthcare,Biotechnology (4),CELC,CAPR,0.1985515931036212,0.1985515931036212,0.0231594185744948,False,,,,,-1.0,False
3383,Healthcare,Biotechnology (4),CELC,VIR,0.3070646959785966,0.3070646959785966,0.0269664527685021,False,,,,,-1.0,False
3384,Healthcare,Biotechnology (4),COGT,ERAS,0.2055016331676395,0.1274152661738048,0.0292127214474643,False,,,,,-1.0,False
3385,Healthcare,Biotechnology (4),COGT,RLAY,0.4642426759227711,0.2747159391398781,0.0592996562951291,False,,,,,-1.0,False
3386,Healthcare,Biotechnology (4),COGT,TYRA,0.225405174314921,0.225405174314921,0.0312162577342144,False,,,,,-1.0,False
3387,Healthcare,Biotechnology (4),COGT,CAPR,0.3688532599942155,0.3688532599942155,0.0383417137819113,False,,,,,-1.0,False
3388,Healthcare,Biotechnology (4),COGT,VIR,0.506031359066427,0.4890670080661059,0.0135528351450157,False,,,,,-1.0,False
3389,Healthcare,Biotechnology (4),ERAS,RLAY,0.265475551241588,0.1941487279158055,0.0339236744084521,False,,,,,-1.0,False
3390,Healthcare,Biotechnology (4),ERAS,TYRA,0.0378335395229979,0.0378335395229979,0.0205867392141669,False,,,,,-1.0,False
3391,Healthcare,Biotechnology (4),ERAS,CAPR,0.0765545658474011,0.0765545658474011,0.0354403085071984,False,,,,,-1.0,False
3392,Healthcare,Biotechnology (4),ERAS,VIR,0.1676887801795934,0.1676887801795934,0.0110967153812456,False,,,,,-1.0,False
3393,Healthcare,Biotechnology (4),RLAY,TYRA,0.365537321504787,0.3596216688510358,0.0163823373426345,False,,,,,-1.0,False
3394,Healthcare,Biotechnology (4),RLAY,CAPR,0.2828507725574877,0.2828507725574877,0.0307578576575966,False,,,,,-1.0,False
3395,Healthcare,Biotechnology (4),RLAY,VIR,0.301387329748048,0.2638945794326262,0.0154921483731667,False,,,,,-1.0,False
3396,Healthcare,Biotechnology (4),TYRA,CAPR,0.2140016222386106,0.2140016222386106,0.0392302757231043,False,,,,,-1.0,False
3397,Healthcare,Biotechnology (4),TYRA,VIR,0.1703128682810851,0.1455740828721056,0.0350592947878087,False,,,,,-1.0,False
3398,Healthcare,Biotechnology (4),CAPR,VIR,0.3871055042121772,0.3871055042121772,0.0397734837728117,False,,,,,-1.0,False
3399,Healthcare,Biotechnology (5),INSM,IONS,0.1076078777098865,0.1076078777098865,0.0945327294574059,False,,,,,-1.0,False
3400,Healthcare,Biotechnology (5),INSM,ARWR,0.2235227438458223,0.2235227438458223,0.0388681648293487,False,,,,,-1.0,False
3401,Healthcare,Biotechnology (5),INSM,PTCT,0.098351370298585,0.098351370298585,0.0118049266743088,False,,,,,-1.0,False
3402,Healthcare,Biotechnology (5),INSM,TVTX,0.2942081952559654,0.2942081952559654,0.0191456244250577,False,,,,,-1.0,False
3403,Healthcare,Biotechnology (5),INSM,SRPT,0.3519819322319196,0.3314168990166278,0.0142778503094389,False,,,,,-1.0,False
3404,Healthcare,Biotechnology (5),INSM,QURE,0.0799235541155543,0.0177310849107318,0.0304247430760745,False,,,,,-1.0,False
3405,Healthcare,Biotechnology (5),IONS,ARWR,0.2925827082808118,0.2925827082808118,0.1054886690223055,False,,,,,-1.0,False
3406,Healthcare,Biotechnology (5),IONS,PTCT,0.1566494655601982,0.1566494655601982,0.0557522055989804,False,,,,,-1.0,False
3407,Healthcare,Biotechnology (5),IONS,TVTX,0.2001176355818434,0.2001176355818434,0.0697699905840093,False,,,,,-1.0,False
3408,Healthcare,Biotechnology (5),IONS,SRPT,0.2287866793792828,0.2287866793792828,0.0793838789937675,False,,,,,-1.0,False
3409,Healthcare,Biotechnology (5),IONS,QURE,-0.0094200642035187,-0.0185330199368402,0.0784167936420713,False,,,,,-1.0,False
3410,Healthcare,Biotechnology (5),ARWR,PTCT,0.17934194761479,0.17934194761479,0.0294226529584526,False,,,,,-1.0,False
3411,Healthcare,Biotechnology (5),ARWR,TVTX,0.1993139539224453,0.1993139539224453,0.0327329587640714,False,,,,,-1.0,False
3412,Healthcare,Biotechnology (5),ARWR,SRPT,0.2091740214256554,0.2091740214256554,0.0583495855134476,False,,,,,-1.0,False
3413,Healthcare,Biotechnology (5),ARWR,QURE,0.1464925558033449,0.0106527940800777,0.0741111074565985,False,,,,,-1.0,False
3414,Healthcare,Biotechnology (5),PTCT,TVTX,0.3993141230411412,0.3993141230411412,0.0142697140044057,False,,,,,-1.0,False
3415,Healthcare,Biotechnology (5),PTCT,SRPT,0.393919371091011,0.3063617022031412,0.0391704614023038,False,,,,,-1.0,False
3416,Healthcare,Biotechnology (5),PTCT,QURE,0.4078242668560668,0.2132456536486735,0.0759156717763658,False,,,,,-1.0,False
3417,Healthcare,Biotechnology (5),TVTX,SRPT,0.305763615778218,0.2285096169620039,0.0285848734305045,False,,,,,-1.0,False
3418,Healthcare,Biotechnology (5),TVTX,QURE,0.1323519369303907,0.063914838058058,0.0305322821905965,False,,,,,-1.0,False
3419,Healthcare,Biotechnology (5),SRPT,QURE,0.3134472452983411,0.2565227864796255,0.0276511117209669,False,,,,,-1.0,False
3420,Healthcare,Biotechnology (6),PRAX,PTGX,0.2606699975297787,0.2606699975297787,0.0640544542899568,False,,,,,-1.0,False
3421,Healthcare,Biotechnology (6),PRAX,RYTM,0.3589463678302969,0.3589463678302969,0.0326209221172378,False,,,,,-1.0,False
3422,Healthcare,Biotechnology (6),PRAX,RAPP,0.462934883936014,0.462934883936014,0.0142090769597033,False,,,,,-1.0,False
3423,Healthcare,Biotechnology (6),PRAX,GHRS,0.1663796851015207,0.1663796851015207,0.0335632735213537,False,,,,,-1.0,False
3424,Healthcare,Biotechnology (6),PRAX,ATAI,0.0385321476471759,0.0385321476471759,0.0277723901242662,False,,,,,-1.0,False
3425,Healthcare,Biotechnology (6),PRAX,NUVB,0.0854817448605695,0.0854817448605695,0.0430762205118785,False,,,,,-1.0,False
3426,Healthcare,Biotechnology (6),PTGX,RYTM,0.4295427480693836,0.3995672976456528,0.0228337630978271,False,,,,,-1.0,False
3427,Healthcare,Biotechnology (6),PTGX,RAPP,0.2151416588831494,0.2151416588831494,0.0341371332242878,False,,,,,-1.0,False
3428,Healthcare,Biotechnology (6),PTGX,GHRS,0.0789286031608009,0.0789286031608009,0.0137928976970575,False,,,,,-1.0,False
3429,Healthcare,Biotechnology (6),PTGX,ATAI,0.2346701851283225,0.1528195119595437,0.0315948711824127,False,,,,,-1.0,False
3430,Healthcare,Biotechnology (6),PTGX,NUVB,0.4531061324021838,0.4506287762439451,0.0217443648763408,False,,,,,-1.0,False
3431,Healthcare,Biotechnology (6),RYTM,RAPP,0.2688714684866,0.2688714684866,0.0262189218603663,False,,,,,-1.0,False
3432,Healthcare,Biotechnology (6),RYTM,GHRS,0.2022447046938357,0.2022447046938357,0.0376877080924649,False,,,,,-1.0,False
3433,Healthcare,Biotechnology (6),RYTM,ATAI,0.1401188059847717,0.1068872138497724,0.0280994905896785,False,,,,,-1.0,False
3434,Healthcare,Biotechnology (6),RYTM,NUVB,0.4299631110505949,0.3482279365197443,0.0469170096242424,False,,,,,-1.0,False
3435,Healthcare,Biotechnology (6),RAPP,GHRS,-0.0086466626704378,-0.0086466626704378,0.0323886845612781,False,,,,,-1.0,False
3436,Healthcare,Biotechnology (6),RAPP,ATAI,-0.0743735038750553,-0.0743735038750553,0.0719687723079562,False,,,,,-1.0,False
3437,Healthcare,Biotechnology (6),RAPP,NUVB,0.2122562032084261,0.2122562032084261,0.0154746569955712,False,,,,,-1.0,False
3438,Healthcare,Biotechnology (6),GHRS,ATAI,0.5120469065487016,0.4826327006469251,0.0366816084934545,False,,,,,-1.0,False
3439,Healthcare,Biotechnology (6),GHRS,NUVB,0.2245948482484852,0.2245948482484852,0.04139406170296,False,,,,,-1.0,False
3440,Healthcare,Biotechnology (6),ATAI,NUVB,0.2271750804018364,0.2271750804018364,0.066636444328039,False,,,,,-1.0,False
3441,Healthcare,Biotechnology (7),INCY,JAZZ,0.1179727759127336,0.1166153710158817,0.0089503752307818,False,,,,,-1.0,False
3442,Healthcare,Biotechnology (7),INCY,SNDX,0.2649941786943607,0.2286282937298797,0.0327414089010777,False,,,,,-1.0,False
3443,Healthcare,Biotechnology (7),INCY,INBX,0.1182202622664213,0.1182202622664213,0.0214536632536431,False,,,,,-1.0,False
3444,Healthcare,Biotechnology (7),INCY,IOVA,0.199437624688127,0.1807838175243471,0.0150015224220424,False,,,,,-1.0,False
3445,Healthcare,Biotechnology (7),JAZZ,SNDX,0.3001107272183256,0.2154941242344046,0.031394828145426,False,,,,,-1.0,False
3446,Healthcare,Biotechnology (7),JAZZ,INBX,0.2599415502047472,0.2599415502047472,0.0211312137527817,False,,,,,-1.0,False
3447,Healthcare,Biotechnology (7),JAZZ,IOVA,0.4164197275900212,0.3849060069660335,0.0203656696706501,False,,,,,-1.0,False
3448,Healthcare,Biotechnology (7),SNDX,INBX,0.1231473712298249,0.0645044297729315,0.0238939723049712,False,,,,,-1.0,False
3449,Healthcare,Biotechnology (7),SNDX,IOVA,0.1900008102646116,0.1834110169811299,0.0559656895092485,False,,,,,-1.0,False
3450,Healthcare,Biotechnology (7),INBX,IOVA,0.0875090019018301,0.0875090019018301,0.0232457347567144,False,,,,,-1.0,False
3451,Healthcare,Biotechnology (8),EXEL,NUVL,0.2162387680206028,0.2162387680206028,0.0126714889389554,False,,,,,-1.0,False
3452,Healthcare,Biotechnology (8),EXEL,TNGX,0.2345169730443704,0.2108298924245415,0.0191404147039175,False,,,,,-1.0,False
3453,Healthcare,Biotechnology (8),EXEL,RCUS,0.3481409268645449,0.21248847387255,0.0519219755647547,False,,,,,-1.0,False
3454,Healthcare,Biotechnology (8),EXEL,IDYA,0.128368646504718,0.0577363293561904,0.0267479070222644,False,,,,,-1.0,False
3455,Healthcare,Biotechnology (8),EXEL,ELVN,0.1338738002168049,0.1338738002168049,0.0292502696410103,False,,,,,-1.0,False
3456,Healthcare,Biotechnology (8),EXEL,IMNM,0.3402398084456049,0.3336091491612942,0.0086652984501485,False,,,,,-1.0,False
3457,Healthcare,Biotechnology (8),EXEL,ZYME,0.3819183203919261,0.2781657670266048,0.036488271015677,False,,,,,-1.0,False
3458,Healthcare,Biotechnology (8),EXEL,RXRX,0.1809935619019762,0.1721572373094915,0.0078274316853153,False,,,,,-1.0,False
3459,Healthcare,Biotechnology (8),EXEL,PGEN,0.2647789708598682,0.2647789708598682,0.0084898951678092,False,,,,,-1.0,False
3460,Healthcare,Biotechnology (8),EXEL,IMTX,0.3653023612840878,0.3175955284884411,0.0214225618635421,False,,,,,-1.0,False
3461,Healthcare,Biotechnology (8),EXEL,SLS,0.1992067714507866,0.1992067714507866,0.0220553702834908,False,,,,,-1.0,False
3462,Healthcare,Biotechnology (8),NUVL,TNGX,0.0354932677321156,0.0011066769207063,0.0146624881497719,False,,,,,-1.0,False
3463,Healthcare,Biotechnology (8),NUVL,RCUS,0.155710194555655,0.155710194555655,0.0207915625735355,False,,,,,-1.0,False
3464,Healthcare,Biotechnology (8),NUVL,IDYA,-0.0168545281780324,-0.0168545281780324,0.0163968731193237,False,,,,,-1.0,False
3465,Healthcare,Biotechnology (8),NUVL,ELVN,0.3086586713624232,0.289987641874099,0.01052313309227,False,,,,,-1.0,False
3466,Healthcare,Biotechnology (8),NUVL,IMNM,0.2330587058224555,0.2330587058224555,0.014908438131761,False,,,,,-1.0,False
3467,Healthcare,Biotechnology (8),NUVL,ZYME,0.0052356494047408,0.0002171754251966,0.0212471932454443,False,,,,,-1.0,False
3468,Healthcare,Biotechnology (8),NUVL,RXRX,0.0236259390533349,0.0225536955179905,0.0102287917520221,False,,,,,-1.0,False
3469,Healthcare,Biotechnology (8),NUVL,PGEN,0.2129706175764307,0.2129706175764307,0.0224428342412644,False,,,,,-1.0,False
3470,Healthcare,Biotechnology (8),NUVL,IMTX,0.2480468907808135,0.2480468907808135,0.0130373411808892,False,,,,,-1.0,False
3471,Healthcare,Biotechnology (8),NUVL,SLS,0.0388806207268563,0.0388806207268563,0.028547259475232,False,,,,,-1.0,False
3472,Healthcare,Biotechnology (8),TNGX,RCUS,0.4497622753497999,0.3199440503229991,0.0521543822605851,False,,,,,-1.0,False
3473,Healthcare,Biotechnology (8),TNGX,IDYA,0.2174996034134456,0.105830406458452,0.0475254892269657,False,,,,,-1.0,False
3474,Healthcare,Biotechnology (8),TNGX,ELVN,0.141257160442131,0.1183780831591675,0.019600016363037,False,,,,,-1.0,False
3475,Healthcare,Biotechnology (8),TNGX,IMNM,0.3157227940158641,0.2067593833064646,0.0496018360606173,False,,,,,-1.0,False
3476,Healthcare,Biotechnology (8),TNGX,ZYME,0.2153703008324968,0.1750019157444852,0.0189039834162835,False,,,,,-1.0,False
3477,Healthcare,Biotechnology (8),TNGX,RXRX,0.3982903187101931,0.3175876362063277,0.0280425982407962,False,,,,,-1.0,False
3478,Healthcare,Biotechnology (8),TNGX,PGEN,0.0661872476250916,-0.0139756427762593,0.0410321432551706,False,,,,,-1.0,False
3479,Healthcare,Biotechnology (8),TNGX,IMTX,0.0486238228336619,0.0376453034476323,0.0367395964802402,False,,,,,-1.0,False
3480,Healthcare,Biotechnology (8),TNGX,SLS,0.1773838438133142,0.0284238423711152,0.0605429578780534,False,,,,,-1.0,False
3481,Healthcare,Biotechnology (8),RCUS,IDYA,0.2868992244392263,0.1990103663481612,0.042760964738213,False,,,,,-1.0,False
3482,Healthcare,Biotechnology (8),RCUS,ELVN,0.2543864180777613,0.2543864180777613,0.0204646770847963,False,,,,,-1.0,False
3483,Healthcare,Biotechnology (8),RCUS,IMNM,0.4424048007329106,0.4022584651251289,0.0135100542477123,False,,,,,-1.0,False
3484,Healthcare,Biotechnology (8),RCUS,ZYME,0.1852348282833522,0.1407381589805563,0.048150014823072,False,,,,,-1.0,False
3485,Healthcare,Biotechnology (8),RCUS,RXRX,0.4076979855566983,0.3570975945698814,0.016893647471247,False,,,,,-1.0,False
3486,Healthcare,Biotechnology (8),RCUS,PGEN,0.3143331265274272,0.1663455274537658,0.0638091394637291,False,,,,,-1.0,False
3487,Healthcare,Biotechnology (8),RCUS,IMTX,0.2366633406825515,0.2366633406825515,0.0667259850279285,False,,,,,-1.0,False
3488,Healthcare,Biotechnology (8),RCUS,SLS,0.3445874989549058,0.2408168952389133,0.0373927482546018,False,,,,,-1.0,False
3489,Healthcare,Biotechnology (8),IDYA,ELVN,0.1688385661837406,0.1466453695772651,0.0149638735263243,False,,,,,-1.0,False
3490,Healthcare,Biotechnology (8),IDYA,IMNM,0.2656231310238627,0.2602528386771106,0.0040234581462576,False,,,,,-1.0,False
3491,Healthcare,Biotechnology (8),IDYA,ZYME,0.1587039205755855,0.1372851436403807,0.0124855224286229,False,,,,,-1.0,False
3492,Healthcare,Biotechnology (8),IDYA,RXRX,0.2915911508687552,0.229198722856264,0.0209488291672014,False,,,,,-1.0,False
3493,Healthcare,Biotechnology (8),IDYA,PGEN,0.3054466744147693,0.2017483952884105,0.0447513769283098,False,,,,,-1.0,False
3494,Healthcare,Biotechnology (8),IDYA,IMTX,0.1571820808591859,0.1212706337917522,0.0146612549269954,False,,,,,-1.0,False
3495,Healthcare,Biotechnology (8),IDYA,SLS,0.1854316147849448,0.1854316147849448,0.0228581360395583,False,,,,,-1.0,False
3496,Healthcare,Biotechnology (8),ELVN,IMNM,0.3924410703957409,0.3402588373549247,0.0220935894903587,False,,,,,-1.0,False
3497,Healthcare,Biotechnology (8),ELVN,ZYME,0.1828143741543492,0.1188216404573522,0.0307449812533599,False,,,,,-1.0,False
3498,Healthcare,Biotechnology (8),ELVN,RXRX,0.1303879111038605,0.0943502396929887,0.0173033733886848,False,,,,,-1.0,False
3499,Healthcare,Biotechnology (8),ELVN,PGEN,0.3649336106632404,0.3649336106632404,0.0505531869765701,False,,,,,-1.0,False
3500,Healthcare,Biotechnology (8),ELVN,IMTX,0.2243115392609381,0.2243115392609381,0.0228334563304501,False,,,,,-1.0,False
3501,Healthcare,Biotechnology (8),ELVN,SLS,0.3242552767457423,0.3082449559336883,0.0097862718320427,False,,,,,-1.0,False
3502,Healthcare,Biotechnology (8),IMNM,ZYME,0.3863718767036281,0.3717671991443657,0.0124729377860594,False,,,,,-1.0,False
3503,Healthcare,Biotechnology (8),IMNM,RXRX,0.5609177029453374,0.5164878528687261,0.0193830421374374,False,,,,,-1.0,False
3504,Healthcare,Biotechnology (8),IMNM,PGEN,0.4599057721402054,0.41758822601985,0.0136651657627135,False,,,,,-1.0,False
3505,Healthcare,Biotechnology (8),IMNM,IMTX,0.4507301988272399,0.3642529563506229,0.0344986358340536,False,,,,,-1.0,False
3506,Healthcare,Biotechnology (8),IMNM,SLS,0.4194060626297145,0.3333064313369463,0.0349329512719661,False,,,,,-1.0,False
3507,Healthcare,Biotechnology (8),ZYME,RXRX,0.3662429927714016,0.338884413602629,0.0227056707604773,False,,,,,-1.0,False
3508,Healthcare,Biotechnology (8),ZYME,PGEN,0.3152959374432101,0.2290303328591758,0.0269975328180008,False,,,,,-1.0,False
3509,Healthcare,Biotechnology (8),ZYME,IMTX,0.324698129543273,0.2601342560057815,0.02431893621268,False,,,,,-1.0,False
3510,Healthcare,Biotechnology (8),ZYME,SLS,0.2112687724012499,0.2032037736321726,0.0376619892127927,False,,,,,-1.0,False
3511,Healthcare,Biotechnology (8),RXRX,PGEN,0.3119460252587395,0.2988399229054037,0.008761076086972,False,,,,,-1.0,False
3512,Healthcare,Biotechnology (8),RXRX,IMTX,0.3038693025388784,0.2668325465103492,0.0153564935752319,False,,,,,-1.0,False
3513,Healthcare,Biotechnology (8),RXRX,SLS,0.4576445113112193,0.4041894607853243,0.0204845541205307,False,,,,,-1.0,False
3514,Healthcare,Biotechnology (8),PGEN,IMTX,0.2355014032648926,0.2355014032648926,0.0258172921060172,False,,,,,-1.0,False
3515,Healthcare,Biotechnology (8),PGEN,SLS,0.3397691457753224,0.3397691457753224,0.020142403609194,False,,,,,-1.0,False
3516,Healthcare,Biotechnology (8),IMTX,SLS,0.2820519043072806,0.2820519043072806,0.0448070727515681,False,,,,,-1.0,False
3517,Healthcare,Biotechnology (9),SMMT,MIRM,0.1994690416056724,0.1994690416056724,0.0174744256365143,False,,,,,-1.0,False
3518,Healthcare,Biotechnology (9),SMMT,SRRK,0.3868011039595818,0.3335575817819481,0.0338001028075559,False,,,,,-1.0,False
3519,Healthcare,Biotechnology (9),SMMT,XENE,0.2297790153267256,0.1375979215127679,0.0665659265473534,False,,,,,-1.0,False
3520,Healthcare,Biotechnology (9),SMMT,CPRX,0.0377877717797492,0.0377877717797492,0.0196616247724213,False,,,,,-1.0,False
3521,Healthcare,Biotechnology (9),SMMT,PHVS,0.169018229273919,0.169018229273919,0.0132587897768081,False,,,,,-1.0,False
3522,Healthcare,Biotechnology (9),MIRM,SRRK,0.4507441544735701,0.3797175660500302,0.0312600080663334,False,,,,,-1.0,False
3523,Healthcare,Biotechnology (9),MIRM,XENE,0.4377410077736903,0.1797871110656959,0.1445031788448995,False,,,,,-1.0,False
3524,Healthcare,Biotechnology (9),MIRM,CPRX,-0.0077164053232732,-0.0077164053232732,0.0471208520873083,False,,,,,-1.0,False
3525,Healthcare,Biotechnology (9),MIRM,PHVS,0.2997069792272744,0.2976209876927921,0.0318934426241007,False,,,,,-1.0,False
3526,Healthcare,Biotechnology (9),SRRK,XENE,0.403321572746753,0.0847606798260978,0.1915650745103809,False,,,,,-1.0,False
3527,Healthcare,Biotechnology (9),SRRK,CPRX,0.0392952388633877,0.0392952388633877,0.0593554970121581,False,,,,,-1.0,False
3528,Healthcare,Biotechnology (9),SRRK,PHVS,0.1654651536101639,0.1630975719785599,0.0147064947768371,False,,,,,-1.0,False
3529,Healthcare,Biotechnology (9),XENE,CPRX,-0.0574368696578196,-0.0960229922345258,0.0438699324833745,False,,,,,-1.0,False
3530,Healthcare,Biotechnology (9),XENE,PHVS,0.2689363020609838,0.1554435912457552,0.0493007813426965,False,,,,,-1.0,False
3531,Healthcare,Biotechnology (9),CPRX,PHVS,-0.1145519913486586,-0.1145519913486586,0.0573783488625043,False,,,,,-1.0,False
3532,Healthcare,Biotechnology (11),ROIV,KYMR,0.4115586030468393,0.4115586030468393,0.0313946636460471,False,,,,,-1.0,False
3533,Healthcare,Biotechnology (11),ROIV,TGTX,0.1873659176412783,0.1693527583212331,0.0168916228214522,False,,,,,-1.0,False
3534,Healthcare,Biotechnology (11),ROIV,APGE,0.2371638488738396,0.2371638488738396,0.0629223233418153,False,,,,,-1.0,False
3535,Healthcare,Biotechnology (11),ROIV,SYRE,0.3703451130217857,0.365821347999201,0.0392378772789431,False,,,,,-1.0,False
3536,Healthcare,Biotechnology (11),ROIV,DNTH,0.4507763775543865,0.4320386910458965,0.0120602985430349,False,,,,,-1.0,False
3537,Healthcare,Biotechnology (11),ROIV,IRON,0.2652985724444439,0.2483231158586078,0.0191704873689662,False,,,,,-1.0,False
3538,Healthcare,Biotechnology (11),ROIV,VERA,0.3349881744875236,0.3349881744875236,0.0235151514138474,False,,,,,-1.0,False
3539,Healthcare,Biotechnology (11),ROIV,CLDX,0.2060830325778628,0.2060830325778628,0.0610216271580165,False,,,,,-1.0,False
3540,Healthcare,Biotechnology (11),ROIV,AUPH,0.324261584514964,0.2827834340075965,0.0218779776082678,False,,,,,-1.0,False
3541,Healthcare,Biotechnology (11),ROIV,ANAB,0.1552343059571836,0.1348775607866557,0.029493954149128,False,,,,,-1.0,False
3542,Healthcare,Biotechnology (11),ROIV,NRIX,0.3516235735972957,0.3480824892963146,0.0139988076263437,False,,,,,-1.0,False
3543,Healthcare,Biotechnology (11),ROIV,GLUE,0.355566600522052,0.3307646770072233,0.0224337832961066,False,,,,,-1.0,False
3544,Healthcare,Biotechnology (11),KYMR,TGTX,0.4266349927415449,0.4026760240900922,0.0534013601034035,False,,,,,-1.0,False
3545,Healthcare,Biotechnology (11),KYMR,APGE,0.3829812939694554,0.3829812939694554,0.0252409646862222,False,,,,,-1.0,False
3546,Healthcare,Biotechnology (11),KYMR,SYRE,0.4265097164352304,0.4069729274802304,0.0074540036210339,False,,,,,-1.0,False
3547,Healthcare,Biotechnology (11),KYMR,IMVT,0.437788830976593,0.4332470461215478,0.0250752969988048,False,,,,,-1.0,False
3548,Healthcare,Biotechnology (11),KYMR,DNTH,0.3135213391986909,0.2991566407534307,0.0200191660586379,False,,,,,-1.0,False
3549,Healthcare,Biotechnology (11),KYMR,IRON,0.1379384959600365,0.1379384959600365,0.1121710663398216,False,,,,,-1.0,False
3550,Healthcare,Biotechnology (11),KYMR,VERA,0.5612657084022065,0.4788786563309534,0.037931759047343,False,,,,,-1.0,False
3551,Healthcare,Biotechnology (11),KYMR,CLDX,0.4976344506914834,0.4976344506914834,0.0266184186344935,False,,,,,-1.0,False
3552,Healthcare,Biotechnology (11),KYMR,AUPH,0.2470239875186858,0.2066223484945812,0.0609875584671148,False,,,,,-1.0,False
3553,Healthcare,Biotechnology (11),KYMR,ANAB,0.2178041562140235,0.1693695736594632,0.0294178715933751,False,,,,,-1.0,False
3554,Healthcare,Biotechnology (11),KYMR,NRIX,0.5657060227723971,0.4413016522838828,0.0512069711144682,False,,,,,-1.0,False
3555,Healthcare,Biotechnology (11),KYMR,GLUE,0.377966123028316,0.3670205810983847,0.0610636604117002,False,,,,,-1.0,False
3556,Healthcare,Biotechnology (11),TGTX,APGE,0.2821121738045177,0.2821121738045177,0.0164444538856757,False,,,,,-1.0,False
3557,Healthcare,Biotechnology (11),TGTX,SYRE,0.2570060240987525,0.2437236826067914,0.0150379915915356,False,,,,,-1.0,False
3558,Healthcare,Biotechnology (11),TGTX,IMVT,0.3964684528081832,0.3612116101307335,0.019151116557025,False,,,,,-1.0,False
3559,Healthcare,Biotechnology (11),TGTX,DNTH,0.2255545538160783,0.1641489994087908,0.0281125703809878,False,,,,,-1.0,False
3560,Healthcare,Biotechnology (11),TGTX,IRON,0.3620208057603153,0.3412322297110898,0.0231711905075674,False,,,,,-1.0,False
3561,Healthcare,Biotechnology (11),TGTX,VERA,0.2932029989855045,0.2850630970215127,0.0046277344301113,False,,,,,-1.0,False
3562,Healthcare,Biotechnology (11),TGTX,CLDX,0.4078088333465707,0.3578313215050789,0.016535176720585,False,,,,,-1.0,False
3563,Healthcare,Biotechnology (11),TGTX,AUPH,0.2918038956955395,0.1854596038789662,0.0474403943453707,False,,,,,-1.0,False
3564,Healthcare,Biotechnology (11),TGTX,ANAB,-0.0080686059948404,-0.0199568088439023,0.022210631327127,False,,,,,-1.0,False
3565,Healthcare,Biotechnology (11),TGTX,NRIX,0.2934223122397958,0.2922938010857652,0.0127822488062035,False,,,,,-1.0,False
3566,Healthcare,Biotechnology (11),TGTX,GLUE,0.2477564661431026,0.2477564661431026,0.0559535101215997,False,,,,,-1.0,False
3567,Healthcare,Biotechnology (11),APGE,SYRE,0.419005135918465,0.3923886815025668,0.0211932722520536,False,,,,,-1.0,False
3568,Healthcare,Biotechnology (11),APGE,IMVT,0.4427305587199073,0.4427305587199073,0.0345918393344884,False,,,,,-1.0,False
3569,Healthcare,Biotechnology (11),APGE,DNTH,0.30271744452442,0.30271744452442,0.0326848461832274,False,,,,,-1.0,False
3570,Healthcare,Biotechnology (11),APGE,IRON,0.1384955008128565,0.1384955008128565,0.0598835434660231,False,,,,,-1.0,False
3571,Healthcare,Biotechnology (11),APGE,VERA,0.4532378019747278,0.4007596615647352,0.0265549628306704,False,,,,,-1.0,False
3572,Healthcare,Biotechnology (11),APGE,CLDX,0.196259012654403,0.196259012654403,0.0801407125436565,False,,,,,-1.0,False
3573,Healthcare,Biotechnology (11),APGE,AUPH,0.4066393152879852,0.4066393152879852,0.0272062883657878,False,,,,,-1.0,False
3574,Healthcare,Biotechnology (11),APGE,ANAB,0.1278447763524902,0.1278447763524902,0.0186700996564982,False,,,,,-1.0,False
3575,Healthcare,Biotechnology (11),APGE,NRIX,0.2855261109357596,0.2855261109357596,0.0349077640099183,False,,,,,-1.0,False
3576,Healthcare,Biotechnology (11),APGE,GLUE,0.1776342786181932,0.1776342786181932,0.0474332784222181,False,,,,,-1.0,False
3577,Healthcare,Biotechnology (11),SYRE,IMVT,0.4219508177223562,0.4219508177223562,0.0142770602095347,False,,,,,-1.0,False
3578,Healthcare,Biotechnology (11),SYRE,DNTH,0.2894258734898661,0.225868124476766,0.0248215496601786,False,,,,,-1.0,False
3579,Healthcare,Biotechnology (11),SYRE,IRON,0.2445015710317559,0.2445015710317559,0.0251818529969099,False,,,,,-1.0,False
3580,Healthcare,Biotechnology (11),SYRE,VERA,0.3221671580469262,0.1699548783659412,0.053976389539026,False,,,,,-1.0,False
3581,Healthcare,Biotechnology (11),SYRE,CLDX,0.2853543590357932,0.2853543590357932,0.0523880412788472,False,,,,,-1.0,False
3582,Healthcare,Biotechnology (11),SYRE,AUPH,0.2820420641003841,0.2047664572418565,0.0279841131095891,False,,,,,-1.0,False
3583,Healthcare,Biotechnology (11),SYRE,ANAB,0.1427903312451436,0.0811394078404294,0.0276763661525494,False,,,,,-1.0,False
3584,Healthcare,Biotechnology (11),SYRE,NRIX,0.3069130082175514,0.3069130082175514,0.0243046257331565,False,,,,,-1.0,False
3585,Healthcare,Biotechnology (11),SYRE,GLUE,0.0745994184777675,0.0434816738734753,0.0564450939075141,False,,,,,-1.0,False
3586,Healthcare,Biotechnology (11),IMVT,DNTH,0.4202440971714915,0.338018058926035,0.0413631650268342,False,,,,,-1.0,False
3587,Healthcare,Biotechnology (11),IMVT,IRON,0.4161762990441529,0.3769550479965527,0.0184900149695294,False,,,,,-1.0,False
3588,Healthcare,Biotechnology (11),IMVT,VERA,0.4090508116631887,0.4090508116631887,0.0145363217937808,False,,,,,-1.0,False
3589,Healthcare,Biotechnology (11),IMVT,CLDX,0.2621511345758657,0.2621511345758657,0.0551920232076382,False,,,,,-1.0,False
3590,Healthcare,Biotechnology (11),IMVT,AUPH,0.4194735441354387,0.4194735441354387,0.0139673892692222,False,,,,,-1.0,False
3591,Healthcare,Biotechnology (11),IMVT,ANAB,0.1982226880865598,0.1978404668378048,0.027667089744537,False,,,,,-1.0,False
3592,Healthcare,Biotechnology (11),IMVT,NRIX,0.4050343419456888,0.4050343419456888,0.0164534884237459,False,,,,,-1.0,False
3593,Healthcare,Biotechnology (11),IMVT,GLUE,0.2886840767600671,0.2886840767600671,0.0565850183200687,False,,,,,-1.0,False
3594,Healthcare,Biotechnology (11),DNTH,IRON,0.418467006122856,0.2689121174839297,0.0586027478487044,False,,,,,-1.0,False
3595,Healthcare,Biotechnology (11),DNTH,VERA,0.3734715120578146,0.3734715120578146,0.0356572604199808,False,,,,,-1.0,False
3596,Healthcare,Biotechnology (11),DNTH,CLDX,0.2814533428902989,0.2814533428902989,0.0679789870125888,False,,,,,-1.0,False
3597,Healthcare,Biotechnology (11),DNTH,AUPH,0.3334787818590078,0.2848454194973676,0.0178119271873139,False,,,,,-1.0,False
3598,Healthcare,Biotechnology (11),DNTH,ANAB,0.3050917887126414,0.2591717027661455,0.0226540814914402,False,,,,,-1.0,False
3599,Healthcare,Biotechnology (11),DNTH,NRIX,0.3894023811895554,0.3515116941377788,0.0135662012180021,False,,,,,-1.0,False
3600,Healthcare,Biotechnology (11),DNTH,GLUE,0.348705106527205,0.3277155047455172,0.0240464309013032,False,,,,,-1.0,False
3601,Healthcare,Biotechnology (11),IRON,VERA,0.2213668773992969,0.2175682849800286,0.0335076994802312,False,,,,,-1.0,False
3602,Healthcare,Biotechnology (11),IRON,CLDX,0.1639735606173626,0.1639735606173626,0.0825244761487356,False,,,,,-1.0,False
3603,Healthcare,Biotechnology (11),IRON,AUPH,0.2484478448936462,0.1960855418159668,0.0177175264191385,False,,,,,-1.0,False
3604,Healthcare,Biotechnology (11),IRON,ANAB,0.2053657060428909,0.0387560794483496,0.056083604629123,False,,,,,-1.0,False
3605,Healthcare,Biotechnology (11),IRON,NRIX,0.2185380612332543,0.2185380612332543,0.0485415682630067,False,,,,,-1.0,False
3606,Healthcare,Biotechnology (11),IRON,GLUE,0.2093855436276787,0.2093855436276787,0.0819267862566146,False,,,,,-1.0,False
3607,Healthcare,Biotechnology (11),VERA,CLDX,0.3188003214392134,0.3188003214392134,0.049179362582506,False,,,,,-1.0,False
3608,Healthcare,Biotechnology (11),VERA,AUPH,0.2349861209815099,0.227760227021146,0.0164183486986043,False,,,,,-1.0,False
3609,Healthcare,Biotechnology (11),VERA,ANAB,0.1777953474078069,0.1607732951121732,0.0352278549311161,False,,,,,-1.0,False
3610,Healthcare,Biotechnology (11),VERA,NRIX,0.4833757700151652,0.38305479441468,0.0373274325849204,False,,,,,-1.0,False
3611,Healthcare,Biotechnology (11),VERA,GLUE,0.3036260207201025,0.3034191389925676,0.0482674316134562,False,,,,,-1.0,False
3612,Healthcare,Biotechnology (11),CLDX,AUPH,-0.0791363934928738,-0.0791363934928738,0.1436181278274492,False,,,,,-1.0,False
3613,Healthcare,Biotechnology (11),CLDX,ANAB,0.1966571008956622,0.1940975572130055,0.0292093804957112,False,,,,,-1.0,False
3614,Healthcare,Biotechnology (11),CLDX,NRIX,0.4584965715328633,0.407391047686429,0.0335431558735499,False,,,,,-1.0,False
3615,Healthcare,Biotechnology (11),CLDX,GLUE,0.2980618766962088,0.2378722187427004,0.0346778848914369,False,,,,,-1.0,False
3616,Healthcare,Biotechnology (11),AUPH,ANAB,0.193398482410867,0.1192045300130757,0.0315278364634772,False,,,,,-1.0,False
3617,Healthcare,Biotechnology (11),AUPH,NRIX,0.063602131070936,0.0363581234780031,0.0578333180873907,False,,,,,-1.0,False
3618,Healthcare,Biotechnology (11),AUPH,GLUE,0.1057853410110133,0.0822616688692963,0.0543838328878465,False,,,,,-1.0,False
3619,Healthcare,Biotechnology (11),ANAB,NRIX,0.1534971755774319,0.112101205033543,0.0465313346964273,False,,,,,-1.0,False
3620,Healthcare,Biotechnology (11),ANAB,GLUE,0.1072617047444439,0.0400646485498932,0.0230931229484619,False,,,,,-1.0,False
3621,Healthcare,Biotechnology (11),NRIX,GLUE,0.4218949813085611,0.4072547382761611,0.0766331251999902,False,,,,,-1.0,False
3622,Healthcare,Biotechnology (12),MDGL,AXSM,0.320828602097027,0.2607679983750628,0.0215086110330277,False,,,,,-1.0,False
3623,Healthcare,Biotechnology (12),MDGL,CORT,0.1132096689451962,0.0767040986144827,0.0132320671704123,False,,,,,-1.0,False
3624,Healthcare,Biotechnology (12),MDGL,CRNX,0.253176102306855,0.2334528109252126,0.0852635310586528,False,,,,,-1.0,False
3625,Healthcare,Biotechnology (12),MDGL,VKTX,0.3586893301629861,0.3586893301629861,0.0217870115326758,False,,,,,-1.0,False
3626,Healthcare,Biotechnology (12),MDGL,ALMS,0.3391403965719419,0.2655722383915169,0.0419156808938699,False,,,,,-1.0,False
3627,Healthcare,Biotechnology (12),MDGL,ARQT,0.2082606359313528,0.132181378638536,0.0289945598446139,False,,,,,-1.0,False
3628,Healthcare,Biotechnology (12),MDGL,MLYS,0.042314156596445,-0.019464678640448,0.0398637446271156,False,,,,,-1.0,False
3629,Healthcare,Biotechnology (12),MDGL,HRMY,0.3916165978498559,0.2712447991774668,0.0448556134698347,False,,,,,-1.0,False
3630,Healthcare,Biotechnology (12),MDGL,VRDN,0.0866191521962407,0.0866191521962407,0.0075809337248268,False,,,,,-1.0,False
3631,Healthcare,Biotechnology (12),AXSM,CORT,0.3167980804567905,0.2874326817837037,0.0179276451455164,False,,,,,-1.0,False
3632,Healthcare,Biotechnology (12),AXSM,CRNX,0.0108053824757529,0.0108053824757529,0.1577481400813176,False,,,,,-1.0,False
3633,Healthcare,Biotechnology (12),AXSM,VKTX,0.3116731330814302,0.2540710215775295,0.0343924612489977,False,,,,,-1.0,False
3634,Healthcare,Biotechnology (12),AXSM,ALMS,0.3910121760598237,0.3094938500016331,0.0334479623108194,False,,,,,-1.0,False
3635,Healthcare,Biotechnology (12),AXSM,ARQT,0.4221268686836052,0.4221268686836052,0.0446826508425663,False,,,,,-1.0,False
3636,Healthcare,Biotechnology (12),AXSM,MLYS,0.0484437741530057,0.0484437741530057,0.0257559844541647,False,,,,,-1.0,False
3637,Healthcare,Biotechnology (12),AXSM,HRMY,0.3236705852144799,0.2795597206039388,0.0171905150614004,False,,,,,-1.0,False
3638,Healthcare,Biotechnology (12),AXSM,VRDN,0.2051387018113757,0.1189115315951387,0.0411032675534678,False,,,,,-1.0,False
3639,Healthcare,Biotechnology (12),CORT,CRNX,0.0242437053742665,0.0242437053742665,0.1675937168218288,False,,,,,-1.0,False
3640,Healthcare,Biotechnology (12),CORT,VKTX,0.2821458420367237,0.2726172283938026,0.01289764010437,False,,,,,-1.0,False
3641,Healthcare,Biotechnology (12),CORT,ALMS,0.3000315025653267,0.2628764650127311,0.0148008639206572,False,,,,,-1.0,False
3642,Healthcare,Biotechnology (12),CORT,ARQT,0.3110508431223074,0.3110508431223074,0.0436699713862127,False,,,,,-1.0,False
3643,Healthcare,Biotechnology (12),CORT,MLYS,0.1030935477482929,0.1030935477482929,0.0556215522249866,False,,,,,-1.0,False
3644,Healthcare,Biotechnology (12),CORT,HRMY,0.357378051091837,0.3085863649898088,0.0187519625762709,False,,,,,-1.0,False
3645,Healthcare,Biotechnology (12),CORT,VRDN,0.2020914778102419,0.1523306029348202,0.0216607672305862,False,,,,,-1.0,False
3646,Healthcare,Biotechnology (12),CRNX,VKTX,0.210817158569774,0.210817158569774,0.077250052026895,False,,,,,-1.0,False
3647,Healthcare,Biotechnology (12),CRNX,ALMS,0.1681486409045507,0.1681486409045507,0.0691405960713735,False,,,,,-1.0,False
3648,Healthcare,Biotechnology (12),CRNX,ARQT,0.0711327194452468,0.0711327194452468,0.0851045055410876,False,,,,,-1.0,False
3649,Healthcare,Biotechnology (12),CRNX,MLYS,0.1959283255299062,0.1959283255299062,0.0421487588011115,False,,,,,-1.0,False
3650,Healthcare,Biotechnology (12),CRNX,HRMY,0.0950249962643875,0.0950249962643875,0.096987267389857,False,,,,,-1.0,False
3651,Healthcare,Biotechnology (12),CRNX,VRDN,0.0804624010900507,0.0732495371165614,0.0172262727326166,False,,,,,-1.0,False
3652,Healthcare,Biotechnology (12),VKTX,ALMS,0.4302916497205014,0.4302916497205014,0.0357526638412857,False,,,,,-1.0,False
3653,Healthcare,Biotechnology (12),VKTX,ARQT,0.4748609493175802,0.4657030014758745,0.0136083260477817,False,,,,,-1.0,False
3654,Healthcare,Biotechnology (12),VKTX,MLYS,0.336288772068993,0.336288772068993,0.0187487085933203,False,,,,,-1.0,False
3655,Healthcare,Biotechnology (12),VKTX,HRMY,0.3512239403855947,0.2481522652655669,0.0384174378271681,False,,,,,-1.0,False
3656,Healthcare,Biotechnology (12),VKTX,VRDN,0.3129576841373435,0.3107963255031888,0.0506540671136083,False,,,,,-1.0,False
3657,Healthcare,Biotechnology (12),ALMS,ARQT,0.4458900477893945,0.3435277660880501,0.0436208222284188,False,,,,,-1.0,False
3658,Healthcare,Biotechnology (12),ALMS,MLYS,0.2189856766989614,0.2189856766989614,0.0291001348026258,False,,,,,-1.0,False
3659,Healthcare,Biotechnology (12),ALMS,HRMY,0.3176134400935435,0.145723472276629,0.0576597716702074,False,,,,,-1.0,False
3660,Healthcare,Biotechnology (12),ALMS,VRDN,0.3250880701659995,0.3250880701659995,0.0886039429908295,False,,,,,-1.0,False
3661,Healthcare,Biotechnology (12),ARQT,MLYS,0.1540566109242242,0.1540566109242242,0.0396156954719736,False,,,,,-1.0,False
3662,Healthcare,Biotechnology (12),ARQT,HRMY,0.3894324522457598,0.3396599129084592,0.0244008229890886,False,,,,,-1.0,False
3663,Healthcare,Biotechnology (12),ARQT,VRDN,0.2211428492792294,0.1851045321339932,0.0178455991357388,False,,,,,-1.0,False
3664,Healthcare,Biotechnology (12),MLYS,HRMY,0.1828988865449662,0.1526891808248348,0.0098360010566907,False,,,,,-1.0,False
3665,Healthcare,Biotechnology (12),MLYS,VRDN,0.1023164249584742,0.0915340670313289,0.0091056715099511,False,,,,,-1.0,False
3666,Healthcare,Biotechnology (12),HRMY,VRDN,0.2359186615025268,0.1175980088054375,0.0488583080499298,False,,,,,-1.0,False
3667,Healthcare,Biotechnology (13),KRYS,CGON,0.2415287553356103,0.2268533401218215,0.0555587949336241,False,,,,,-1.0,False
3668,Healthcare,Biotechnology (13),KRYS,URGN,0.3058036832627568,0.3058036832627568,0.0336822918588506,False,,,,,-1.0,False
3669,Healthcare,Biotechnology (13),KRYS,BHVN,0.3057410255393223,0.2911157046682517,0.0214174834463018,False,,,,,-1.0,False
3670,Healthcare,Biotechnology (13),CGON,URGN,0.2062540289124008,0.160114778328923,0.015570834818656,False,,,,,-1.0,False
3671,Healthcare,Biotechnology (13),CGON,BHVN,0.2465623270680868,0.2295906520149362,0.0399902825023471,False,,,,,-1.0,False
3672,Healthcare,Biotechnology (13),URGN,BHVN,0.1427953685261745,0.1427953685261745,0.034625277001007,False,,,,,-1.0,False
3673,Healthcare,Medical Distribution,MCK,COR,0.680416095709793,0.6347817192768876,0.0197640387239059,False,,,,,-1.0,False
3674,Healthcare,Medical Distribution,MCK,CAH,0.540008882856519,0.5320274187560624,0.0329443108871769,False,,,,,-1.0,False
3675,Healthcare,Medical Distribution,MCK,HSIC,0.2708023585673902,0.2419756066997835,0.0284431341879465,False,,,,,-1.0,False
3676,Healthcare,Medical Distribution,COR,CAH,0.3997485186741721,0.3898708003085846,0.0205010362675928,False,,,,,-1.0,False
3677,Healthcare,Medical Distribution,COR,HSIC,0.3059684451357357,0.2854866737915421,0.0107426447013876,False,,,,,-1.0,False
3678,Healthcare,Medical Distribution,CAH,HSIC,0.3483158393264721,0.2596907364857798,0.0343455101720958,False,,,,,-1.0,False
3679,Healthcare,Medical Care Facilities (1),HCA,THC,0.6769800855333645,0.5550580021579911,0.0467373898046773,False,,,,,-1.0,False
3680,Healthcare,Medical Care Facilities (1),HCA,UHS,0.676376061997837,0.5385245333473496,0.0476024017493717,False,,,,,-1.0,False
3681,Healthcare,Medical Care Facilities (1),HCA,MD,0.3732455558018254,0.1873035144718227,0.078289662650819,False,,,,,-1.0,False
3682,Healthcare,Medical Care Facilities (1),HCA,SGRY,0.3991007824631569,0.2525960670511697,0.0641812342860499,False,,,,,-1.0,False
3683,Healthcare,Medical Care Facilities (1),HCA,ARDT,0.3347145935435974,0.2146956953376891,0.0440013623586138,False,,,,,-1.0,False
3684,Healthcare,Medical Care Facilities (1),THC,UHS,0.5928963111426279,0.4032554488875838,0.0734519432214151,False,,,,,-1.0,False
3685,Healthcare,Medical Care Facilities (1),THC,MD,0.4523889277528444,0.3009586683736382,0.062477495165399,False,,,,,-1.0,False
3686,Healthcare,Medical Care Facilities (1),THC,SGRY,0.298858056809244,0.1387574238380163,0.070433963240229,False,,,,,-1.0,False
3687,Healthcare,Medical Care Facilities (1),THC,ARDT,0.3265368031045587,0.2257267059080651,0.0444605240924758,False,,,,,-1.0,False
3688,Healthcare,Medical Care Facilities (1),UHS,MD,0.3686311381118164,0.2107556862302113,0.0584425433295713,False,,,,,-1.0,False
3689,Healthcare,Medical Care Facilities (1),UHS,SGRY,0.2565099702295791,0.0982320327764805,0.0620280826675223,False,,,,,-1.0,False
3690,Healthcare,Medical Care Facilities (1),UHS,ARDT,0.3075725054127771,0.1908170002445023,0.0392644893630459,False,,,,,-1.0,False
3691,Healthcare,Medical Care Facilities (1),MD,SGRY,0.2778092313396978,0.0597242694560636,0.0831298198532678,False,,,,,-1.0,False
3692,Healthcare,Medical Care Facilities (1),MD,ARDT,0.1494076896032461,-0.010589467901531,0.05950497441378,False,,,,,-1.0,False
3693,Healthcare,Medical Care Facilities (1),SGRY,ARDT,0.3659991129532354,0.282905533392855,0.040411282258988,False,,,,,-1.0,False
3694,Healthcare,Medical Care Facilities (2),DVA,ENSG,0.0249493051677006,0.0219659660566462,0.0099263536804818,False,,,,,-1.0,False
3695,Healthcare,Medical Care Facilities (2),DVA,CHE,0.161808511178597,0.1295426386861655,0.0158058406147652,False,,,,,-1.0,False
3696,Healthcare,Medical Care Facilities (2),DVA,CON,0.2047356336875879,0.2020494090978053,0.0083360993477147,False,,,,,-1.0,False
3697,Healthcare,Medical Care Facilities (2),DVA,NHC,0.0363446466777841,-0.0510638549045366,0.0296316075413538,False,,,,,-1.0,False
3698,Healthcare,Medical Care Facilities (2),DVA,LFST,0.0498069070438717,0.0095236940546916,0.0190176174064548,False,,,,,-1.0,False
3699,Healthcare,Medical Care Facilities (2),DVA,ASTH,0.0988822700232058,0.0202666132738796,0.0262761850974418,False,,,,,-1.0,False
3700,Healthcare,Medical Care Facilities (2),DVA,ADUS,0.0467173133850234,0.0244629426674546,0.0105106028594315,False,,,,,-1.0,False
3701,Healthcare,Medical Care Facilities (2),DVA,AVAH,0.1593545614862095,0.1593545614862095,0.0228194993411589,False,,,,,-1.0,False
3702,Healthcare,Medical Care Facilities (2),DVA,AGL,0.1847620213576346,0.1267003443506595,0.0317338173942763,False,,,,,-1.0,False
3703,Healthcare,Medical Care Facilities (2),ENSG,CHE,0.4207431250667232,0.3789559999126134,0.0168165007494661,False,,,,,-1.0,False
3704,Healthcare,Medical Care Facilities (2),ENSG,CON,0.2543356036789138,0.1823184240144863,0.0313256416720634,False,,,,,-1.0,False
3705,Healthcare,Medical Care Facilities (2),ENSG,NHC,0.1202660232025509,0.0865864770604102,0.0127666753569281,False,,,,,-1.0,False
3706,Healthcare,Medical Care Facilities (2),ENSG,LFST,0.0575005549931953,0.0090392451394148,0.0199461197856611,False,,,,,-1.0,False
3707,Healthcare,Medical Care Facilities (2),ENSG,ASTH,-0.0176046071106646,-0.0388996134063929,0.0263832206197657,False,,,,,-1.0,False
3708,Healthcare,Medical Care Facilities (2),ENSG,ADUS,0.2099633107920579,0.1500594170339214,0.0255459975044174,False,,,,,-1.0,False
3709,Healthcare,Medical Care Facilities (2),ENSG,AVAH,0.2474492381932943,0.2379714521012683,0.0170700647605884,False,,,,,-1.0,False
3710,Healthcare,Medical Care Facilities (2),ENSG,AGL,-0.0318197444671941,-0.0466851488936733,0.0375667052628268,False,,,,,-1.0,False
3711,Healthcare,Medical Care Facilities (2),CHE,CON,0.2213169489056028,0.1872285645219115,0.0280981178921666,False,,,,,-1.0,False
3712,Healthcare,Medical Care Facilities (2),CHE,NHC,0.057707861759375,0.0358235466139131,0.0120732352070953,False,,,,,-1.0,False
3713,Healthcare,Medical Care Facilities (2),CHE,LFST,0.0629131437892099,0.019966927177162,0.0163552678630941,False,,,,,-1.0,False
3714,Healthcare,Medical Care Facilities (2),CHE,ASTH,-0.0359083307386149,-0.0805407478639729,0.0232187353773947,False,,,,,-1.0,False
3715,Healthcare,Medical Care Facilities (2),CHE,ADUS,0.1351104919633626,0.0533055981666271,0.031891325878746,False,,,,,-1.0,False
3716,Healthcare,Medical Care Facilities (2),CHE,AVAH,0.2097785341477119,0.1695535311192101,0.0217405925066217,False,,,,,-1.0,False
3717,Healthcare,Medical Care Facilities (2),CHE,AGL,-0.079517725176476,-0.0897611339173658,0.0454302148812162,False,,,,,-1.0,False
3718,Healthcare,Medical Care Facilities (2),CON,NHC,0.3425439540498463,0.2628597465143117,0.0260023708992419,False,,,,,-1.0,False
3719,Healthcare,Medical Care Facilities (2),CON,LFST,0.2933488990581537,0.2477303697500479,0.0175801244947294,False,,,,,-1.0,False
3720,Healthcare,Medical Care Facilities (2),CON,ASTH,0.0822576585956839,0.0034581116268479,0.045870953516442,False,,,,,-1.0,False
3721,Healthcare,Medical Care Facilities (2),CON,ADUS,0.3048263253780635,0.2630079090298466,0.0430383612204089,False,,,,,-1.0,False
3722,Healthcare,Medical Care Facilities (2),CON,AVAH,0.1744213706650732,0.1744213706650732,0.0469754074843584,False,,,,,-1.0,False
3723,Healthcare,Medical Care Facilities (2),CON,AGL,0.2286889729533228,0.1621467073042471,0.0333965068603996,False,,,,,-1.0,False
3724,Healthcare,Medical Care Facilities (2),NHC,LFST,0.1786276471008148,0.1101308991740293,0.0231107390259609,False,,,,,-1.0,False
3725,Healthcare,Medical Care Facilities (2),NHC,ASTH,0.2587430781121752,0.2458769582927077,0.0536930074965126,False,,,,,-1.0,False
3726,Healthcare,Medical Care Facilities (2),NHC,ADUS,0.4401837703683856,0.3100578063386543,0.0438810514976329,False,,,,,-1.0,False
3727,Healthcare,Medical Care Facilities (2),NHC,AVAH,0.1345473493040903,0.1345473493040903,0.0241484599312087,False,,,,,-1.0,False
3728,Healthcare,Medical Care Facilities (2),NHC,AGL,0.1501437370625654,0.1257279140753187,0.014934014335199,False,,,,,-1.0,False
3729,Healthcare,Medical Care Facilities (2),LFST,ASTH,0.1307313222624883,0.0149171168299473,0.0435929580979239,False,,,,,-1.0,False
3730,Healthcare,Medical Care Facilities (2),LFST,ADUS,0.2951764485422754,0.2463026879211263,0.0183713693327248,False,,,,,-1.0,False
3731,Healthcare,Medical Care Facilities (2),LFST,AVAH,0.2405843088720664,0.2405843088720664,0.0244720429231472,False,,,,,-1.0,False
3732,Healthcare,Medical Care Facilities (2),LFST,AGL,0.3374977206556398,0.3047131775597163,0.0302777129457536,False,,,,,-1.0,False
3733,Healthcare,Medical Care Facilities (2),ASTH,ADUS,0.2245703583615473,0.157404199082777,0.0678920347117784,False,,,,,-1.0,False
3734,Healthcare,Medical Care Facilities (2),ASTH,AVAH,0.0075624498723727,0.0075624498723727,0.0507242764846431,False,,,,,-1.0,False
3735,Healthcare,Medical Care Facilities (2),ASTH,AGL,0.1369698088114499,0.0988813286561135,0.0282091107972083,False,,,,,-1.0,False
3736,Healthcare,Medical Care Facilities (2),ADUS,AVAH,0.0978460128166797,0.0978460128166797,0.0196886985294914,False,,,,,-1.0,False
3737,Healthcare,Medical Care Facilities (2),ADUS,AGL,0.0560843788555349,0.0313153051159697,0.0479341082294603,False,,,,,-1.0,False
3738,Healthcare,Medical Care Facilities (2),AVAH,AGL,0.2839612699448521,0.259659573499872,0.0092670772397381,False,,,,,-1.0,False
3739,Healthcare,Medical Care Facilities (3),EHC,PACS,0.052933448681871,0.0519328218471673,0.0091155659817463,False,,,,,-1.0,False
3740,Healthcare,Medical Care Facilities (3),EHC,BKD,0.3695935969094136,0.297950264867915,0.0244734944041889,False,,,,,-1.0,False
3741,Healthcare,Medical Care Facilities (3),EHC,OPCH,0.4183685377402791,0.3606524627394441,0.018975521564209,False,,,,,-1.0,False
3742,Healthcare,Medical Care Facilities (3),EHC,ACHC,0.3364833639769353,0.3364833639769353,0.026037551116897,False,,,,,-1.0,False
3743,Healthcare,Medical Care Facilities (3),EHC,SEM,0.3010902640421053,0.0750816646268707,0.1011991129853696,False,,,,,-1.0,False
3744,Healthcare,Medical Care Facilities (3),EHC,SNDA,0.2033413259883571,0.1818199290215847,0.0494605999074683,False,,,,,-1.0,False
3745,Healthcare,Medical Care Facilities (3),EHC,HCSG,0.1187953333883409,0.0895919517657134,0.0361983984305683,False,,,,,-1.0,False
3746,Healthcare,Medical Care Facilities (3),EHC,PNTG,0.2496411766767537,0.172157410638398,0.0346867868757596,False,,,,,-1.0,False
3747,Healthcare,Medical Care Facilities (3),PACS,BKD,0.1811368622279857,0.0770366089635192,0.0471817816689048,False,,,,,-1.0,False
3748,Healthcare,Medical Care Facilities (3),PACS,OPCH,-0.0032399707821839,-0.03250821515085,0.0193115052050097,False,,,,,-1.0,False
3749,Healthcare,Medical Care Facilities (3),PACS,ACHC,0.2901057738783717,0.1583658177787007,0.0516935095100829,False,,,,,-1.0,False
3750,Healthcare,Medical Care Facilities (3),PACS,SEM,0.0319315124771175,0.0243706719501776,0.016379329354606,False,,,,,-1.0,False
3751,Healthcare,Medical Care Facilities (3),PACS,SNDA,0.225090782522951,0.1657146879349118,0.0243956064227265,False,,,,,-1.0,False
3752,Healthcare,Medical Care Facilities (3),PACS,HCSG,0.0404199819502674,-0.0489999542049691,0.0354223938116191,False,,,,,-1.0,False
3753,Healthcare,Medical Care Facilities (3),PACS,PNTG,0.0849795195885285,-0.1577526022655588,0.1052188355673001,False,,,,,-1.0,False
3754,Healthcare,Medical Care Facilities (3),BKD,OPCH,0.1326061868855058,0.0688983786101401,0.0336539763614428,False,,,,,-1.0,False
3755,Healthcare,Medical Care Facilities (3),BKD,ACHC,0.1367644362895726,0.0805128155590615,0.0395760192921459,False,,,,,-1.0,False
3756,Healthcare,Medical Care Facilities (3),BKD,SEM,-0.0795116488673484,-0.1037685183682283,0.0677657084888248,False,,,,,-1.0,False
3757,Healthcare,Medical Care Facilities (3),BKD,SNDA,0.4721694964497888,0.2626400153459358,0.0712529297557115,False,,,,,-1.0,False
3758,Healthcare,Medical Care Facilities (3),BKD,HCSG,0.2586987443866478,0.1963029019791591,0.0447904849266422,False,,,,,-1.0,False
3759,Healthcare,Medical Care Facilities (3),BKD,PNTG,0.3346593698000847,0.1259195106981313,0.0717351644949725,False,,,,,-1.0,False
3760,Healthcare,Medical Care Facilities (3),OPCH,ACHC,0.1466472787439418,0.1244242506139309,0.0184596568114797,False,,,,,-1.0,False
3761,Healthcare,Medical Care Facilities (3),OPCH,SEM,0.2578765735197528,-0.0288676187065655,0.1306598962142872,False,,,,,-1.0,False
3762,Healthcare,Medical Care Facilities (3),OPCH,SNDA,0.1019247014309963,0.0020662078875449,0.0376232698101778,False,,,,,-1.0,False
3763,Healthcare,Medical Care Facilities (3),OPCH,HCSG,0.0264073126402627,-0.0246699266328219,0.0182427393931962,False,,,,,-1.0,False
3764,Healthcare,Medical Care Facilities (3),OPCH,PNTG,0.0473622467118236,0.0473622467118236,0.0287767730375826,False,,,,,-1.0,False
3765,Healthcare,Medical Care Facilities (3),ACHC,SEM,0.1010611320183421,0.0225291939167144,0.0477758772949786,False,,,,,-1.0,False
3766,Healthcare,Medical Care Facilities (3),ACHC,SNDA,-0.0348735608065223,-0.0361101007710698,0.0151361770951038,False,,,,,-1.0,False
3767,Healthcare,Medical Care Facilities (3),ACHC,HCSG,0.1100495915583926,0.0692108577769123,0.0433763132026115,False,,,,,-1.0,False
3768,Healthcare,Medical Care Facilities (3),ACHC,PNTG,0.0002514019289896,-0.0722937158206823,0.0401184166927802,False,,,,,-1.0,False
3769,Healthcare,Medical Care Facilities (3),SEM,SNDA,-0.0019257434634127,-0.0019257434634127,0.037461234337564,False,,,,,-1.0,False
3770,Healthcare,Medical Care Facilities (3),SEM,HCSG,0.0195003947879408,0.0018833432939085,0.0361966340529192,False,,,,,-1.0,False
3771,Healthcare,Medical Care Facilities (3),SEM,PNTG,-0.0797615330917727,-0.1059216239488041,0.0527261651127751,False,,,,,-1.0,False
3772,Healthcare,Medical Care Facilities (3),SNDA,HCSG,0.1492423359890281,0.0780519533045206,0.0268682296082682,False,,,,,-1.0,False
3773,Healthcare,Medical Care Facilities (3),SNDA,PNTG,0.265766680592044,0.1084937492234729,0.0509073262555797,False,,,,,-1.0,False
3774,Healthcare,Medical Care Facilities (3),HCSG,PNTG,0.1749570311931187,0.1635041921322514,0.0102504463433944,False,,,,,-1.0,False
3775,Healthcare,Drug Manufacturers - Specialty & Generic (1),ZTS,VTRS,-0.183947279598614,-0.2025671652336231,0.0092330070072232,False,,,,,-1.0,False
3776,Healthcare,Drug Manufacturers - Specialty & Generic (1),ZTS,ELAN,0.386515558185422,0.3853631678640469,0.0166749743939813,False,,,,,-1.0,False
3777,Healthcare,Drug Manufacturers - Specialty & Generic (1),ZTS,HIMS,0.1575058838804564,0.1567145963408682,0.0149006061022377,False,,,,,-1.0,False
3778,Healthcare,Drug Manufacturers - Specialty & Generic (1),ZTS,AMRX,0.2991024740794785,0.2991024740794785,0.0150797587514148,False,,,,,-1.0,False
3779,Healthcare,Drug Manufacturers - Specialty & Generic (1),ZTS,PBH,0.2405889187403716,0.1467773005547087,0.0310794678868528,False,,,,,-1.0,False
3780,Healthcare,Drug Manufacturers - Specialty & Generic (1),ZTS,ANIP,0.1139237167788581,0.1139237167788581,0.0128972242513685,False,,,,,-1.0,False
3781,Healthcare,Drug Manufacturers - Specialty & Generic (1),ZTS,PRGO,0.2765975173101727,0.2504319098179495,0.0119434516489858,False,,,,,-1.0,False
3782,Healthcare,Drug Manufacturers - Specialty & Generic (1),ZTS,PAHC,0.6409290177666747,0.6409290177666747,0.009452240120684,False,,,,,-1.0,False
3783,Healthcare,Drug Manufacturers - Specialty & Generic (1),VTRS,ELAN,0.145851109479408,0.1382227537611653,0.0330187522123334,False,,,,,-1.0,False
3784,Healthcare,Drug Manufacturers - Specialty & Generic (1),VTRS,HIMS,-0.106301070546033,-0.106301070546033,0.0411833175296644,False,,,,,-1.0,False
3785,Healthcare,Drug Manufacturers - Specialty & Generic (1),VTRS,AMRX,0.3360402450282367,0.3083010631915208,0.0145675519413688,False,,,,,-1.0,False
3786,Healthcare,Drug Manufacturers - Specialty & Generic (1),VTRS,PBH,0.1287816242089972,0.0849659737971662,0.0272003794452631,False,,,,,-1.0,False
3787,Healthcare,Drug Manufacturers - Specialty & Generic (1),VTRS,ANIP,0.482927083149522,0.4290234685837993,0.0170865855421803,False,,,,,-1.0,False
3788,Healthcare,Drug Manufacturers - Specialty & Generic (1),VTRS,PRGO,0.1309619265305357,0.1309619265305357,0.0209607395954426,False,,,,,-1.0,False
3789,Healthcare,Drug Manufacturers - Specialty & Generic (1),VTRS,PAHC,0.1350489326519511,0.111462045560653,0.011299400559651,False,,,,,-1.0,False
3790,Healthcare,Drug Manufacturers - Specialty & Generic (1),ELAN,HIMS,0.178656810991858,0.178656810991858,0.0445000613265988,False,,,,,-1.0,False
3791,Healthcare,Drug Manufacturers - Specialty & Generic (1),ELAN,AMRX,0.3762082064624236,0.3679524121809588,0.0342842481586085,False,,,,,-1.0,False
3792,Healthcare,Drug Manufacturers - Specialty & Generic (1),ELAN,PBH,-0.022458701326302,-0.022458701326302,0.0352951445874116,False,,,,,-1.0,False
3793,Healthcare,Drug Manufacturers - Specialty & Generic (1),ELAN,ANIP,0.1268793682477574,0.1268793682477574,0.0409154276612569,False,,,,,-1.0,False
3794,Healthcare,Drug Manufacturers - Specialty & Generic (1),ELAN,PRGO,0.4146037783869138,0.3737247976577759,0.025980958212957,False,,,,,-1.0,False
3795,Healthcare,Drug Manufacturers - Specialty & Generic (1),ELAN,PAHC,0.4337471459408172,0.4337471459408172,0.0106263846746863,False,,,,,-1.0,False
3796,Healthcare,Drug Manufacturers - Specialty & Generic (1),HIMS,AMRX,0.1015067582064251,0.1015067582064251,0.0377082617539234,False,,,,,-1.0,False
3797,Healthcare,Drug Manufacturers - Specialty & Generic (1),HIMS,PBH,0.08888429910052,0.08888429910052,0.0612470930885745,False,,,,,-1.0,False
3798,Healthcare,Drug Manufacturers - Specialty & Generic (1),HIMS,ANIP,0.0106113611149281,0.0106113611149281,0.0531786275950103,False,,,,,-1.0,False
3799,Healthcare,Drug Manufacturers - Specialty & Generic (1),HIMS,PRGO,0.0726282291888252,0.038794010776119,0.0607983978350952,False,,,,,-1.0,False
3800,Healthcare,Drug Manufacturers - Specialty & Generic (1),HIMS,PAHC,-0.0265918432200505,-0.0265918432200505,0.0407126137572773,False,,,,,-1.0,False
3801,Healthcare,Drug Manufacturers - Specialty & Generic (1),AMRX,PBH,0.1301070275288957,0.1301070275288957,0.0428825094571201,False,,,,,-1.0,False
3802,Healthcare,Drug Manufacturers - Specialty & Generic (1),AMRX,ANIP,0.3760281520419184,0.3218856497115618,0.0265372572392647,False,,,,,-1.0,False
3803,Healthcare,Drug Manufacturers - Specialty & Generic (1),AMRX,PRGO,0.182269046113736,0.182269046113736,0.0457192860084563,False,,,,,-1.0,False
3804,Healthcare,Drug Manufacturers - Specialty & Generic (1),AMRX,PAHC,0.3061358770608952,0.3061358770608952,0.0125547462722768,False,,,,,-1.0,False
3805,Healthcare,Drug Manufacturers - Specialty & Generic (1),PBH,ANIP,0.3633475043316675,0.3633475043316675,0.0313194351678365,False,,,,,-1.0,False
3806,Healthcare,Drug Manufacturers - Specialty & Generic (1),PBH,PRGO,0.4144580132600206,0.3071448086601812,0.0352678293354456,False,,,,,-1.0,False
3807,Healthcare,Drug Manufacturers - Specialty & Generic (1),PBH,PAHC,0.2141481918938987,0.1638908276138174,0.0169014869369394,False,,,,,-1.0,False
3808,Healthcare,Drug Manufacturers - Specialty & Generic (1),ANIP,PRGO,0.269299991876066,0.269299991876066,0.0211542258846521,False,,,,,-1.0,False
3809,Healthcare,Drug Manufacturers - Specialty & Generic (1),ANIP,PAHC,0.3212572791574965,0.3200620770927531,0.0099855627078611,False,,,,,-1.0,False
3810,Healthcare,Drug Manufacturers - Specialty & Generic (1),PRGO,PAHC,0.2233435482415211,0.2188042161840442,0.0124885373737347,False,,,,,-1.0,False
3811,Healthcare,Drug Manufacturers - Specialty & Generic (2),UTHR,NBIX,0.3637480805975908,0.2304312911741958,0.0587755918560234,False,,,,,-1.0,False
3812,Healthcare,Drug Manufacturers - Specialty & Generic (2),UTHR,RGC,-0.1100247841843172,-0.2628652968835094,0.0522065738634839,False,,,,,-1.0,False
3813,Healthcare,Drug Manufacturers - Specialty & Generic (2),UTHR,LNTH,0.1872036587488139,-0.0146769364765853,0.0980874824740578,False,,,,,-1.0,False
3814,Healthcare,Drug Manufacturers - Specialty & Generic (2),UTHR,ALKS,0.3157467159598102,0.2127729728817209,0.0378816895156329,False,,,,,-1.0,False
3815,Healthcare,Drug Manufacturers - Specialty & Generic (2),UTHR,LQDA,0.1389631459438709,0.0324611376657551,0.0478131532479661,False,,,,,-1.0,False
3816,Healthcare,Drug Manufacturers - Specialty & Generic (2),UTHR,INDV,0.4402960009845931,0.2816059529832073,0.0500132940768474,False,,,,,-1.0,False
3817,Healthcare,Drug Manufacturers - Specialty & Generic (2),UTHR,KNSA,0.3029952580538084,0.0853321169980634,0.0875547214528389,False,,,,,-1.0,False
3818,Healthcare,Drug Manufacturers - Specialty & Generic (2),UTHR,SUPN,0.2246618708129742,0.131731495219797,0.034217749371961,False,,,,,-1.0,False
3819,Healthcare,Drug Manufacturers - Specialty & Generic (2),UTHR,BCRX,0.1464528413351546,0.0009027493446948,0.0615829790664173,False,,,,,-1.0,False
3820,Healthcare,Drug Manufacturers - Specialty & Generic (2),UTHR,AMLX,0.2938425254458724,0.0446666967633268,0.0995963594962099,False,,,,,-1.0,False
3821,Healthcare,Drug Manufacturers - Specialty & Generic (2),NBIX,RGC,-0.0971638076365715,-0.14974815813856,0.0292619476920281,False,,,,,-1.0,False
3822,Healthcare,Drug Manufacturers - Specialty & Generic (2),NBIX,LNTH,0.2153194067997056,0.2108102677786577,0.0283165867491746,False,,,,,-1.0,False
3823,Healthcare,Drug Manufacturers - Specialty & Generic (2),NBIX,ALKS,0.4425708510066796,0.4425708510066796,0.0081216581637593,False,,,,,-1.0,False
3824,Healthcare,Drug Manufacturers - Specialty & Generic (2),NBIX,LQDA,0.0942703835442579,0.0942703835442579,0.023763562495617,False,,,,,-1.0,False
3825,Healthcare,Drug Manufacturers - Specialty & Generic (2),NBIX,INDV,0.3942079378260398,0.3839731115442812,0.0128041773596016,False,,,,,-1.0,False
3826,Healthcare,Drug Manufacturers - Specialty & Generic (2),NBIX,KNSA,0.180357088409961,0.1739944637720066,0.0143122322106085,False,,,,,-1.0,False
3827,Healthcare,Drug Manufacturers - Specialty & Generic (2),NBIX,SUPN,0.3544709547168708,0.3544709547168708,0.0326838724251618,False,,,,,-1.0,False
3828,Healthcare,Drug Manufacturers - Specialty & Generic (2),NBIX,BCRX,0.18817761894378,0.1487790168968812,0.0291152166064048,False,,,,,-1.0,False
3829,Healthcare,Drug Manufacturers - Specialty & Generic (2),NBIX,AMLX,0.4083048890551105,0.3287135193081708,0.0245299125449427,False,,,,,-1.0,False
3830,Healthcare,Drug Manufacturers - Specialty & Generic (2),RGC,LNTH,-7.852606192134521e-05,-0.0807113977410627,0.037432951097777,False,,,,,-1.0,False
3831,Healthcare,Drug Manufacturers - Specialty & Generic (2),RGC,ALKS,-0.3037520544136817,-0.3037520544136817,0.0581390470386017,False,,,,,-1.0,False
3832,Healthcare,Drug Manufacturers - Specialty & Generic (2),RGC,LQDA,-0.0431813798931955,-0.1548936489791282,0.0431061333454857,False,,,,,-1.0,False
3833,Healthcare,Drug Manufacturers - Specialty & Generic (2),RGC,INDV,-0.0442591015628845,-0.0628201335602487,0.0364878419716684,False,,,,,-1.0,False
3834,Healthcare,Drug Manufacturers - Specialty & Generic (2),RGC,KNSA,-0.0193381962415994,-0.1256904310941904,0.0412720860471431,False,,,,,-1.0,False
3835,Healthcare,Drug Manufacturers - Specialty & Generic (2),RGC,SUPN,0.0714269299227284,-0.156055814458376,0.0971093419141349,False,,,,,-1.0,False
3836,Healthcare,Drug Manufacturers - Specialty & Generic (2),RGC,BCRX,-0.0883892307874199,-0.1883041587312741,0.0379325586564166,False,,,,,-1.0,False
3837,Healthcare,Drug Manufacturers - Specialty & Generic (2),RGC,AMLX,-0.1017139127668604,-0.2457137047689705,0.0497425333604039,False,,,,,-1.0,False
3838,Healthcare,Drug Manufacturers - Specialty & Generic (2),LNTH,ALKS,0.1149048233946574,0.0781096072830016,0.0254084125812692,False,,,,,-1.0,False
3839,Healthcare,Drug Manufacturers - Specialty & Generic (2),LNTH,LQDA,0.1739732611468099,0.1739732611468099,0.03579821900871,False,,,,,-1.0,False
3840,Healthcare,Drug Manufacturers - Specialty & Generic (2),LNTH,INDV,0.3444597768787281,0.3108294187740589,0.0203844270163453,False,,,,,-1.0,False
3841,Healthcare,Drug Manufacturers - Specialty & Generic (2),LNTH,KNSA,0.1895143721968415,0.1561022666707577,0.0203725782645426,False,,,,,-1.0,False
3842,Healthcare,Drug Manufacturers - Specialty & Generic (2),LNTH,SUPN,0.2323473467390458,0.1822052564339978,0.0223607057702794,False,,,,,-1.0,False
3843,Healthcare,Drug Manufacturers - Specialty & Generic (2),LNTH,BCRX,0.1597589835628939,0.1244611591201617,0.0320235279446193,False,,,,,-1.0,False
3844,Healthcare,Drug Manufacturers - Specialty & Generic (2),LNTH,AMLX,0.2329025167385878,0.1915026646604214,0.0264361783273859,False,,,,,-1.0,False
3845,Healthcare,Drug Manufacturers - Specialty & Generic (2),ALKS,LQDA,0.2490391795099315,0.2490391795099315,0.0182151409491155,False,,,,,-1.0,False
3846,Healthcare,Drug Manufacturers - Specialty & Generic (2),ALKS,INDV,0.2942768092741524,0.1976843007367381,0.0292650046793531,False,,,,,-1.0,False
3847,Healthcare,Drug Manufacturers - Specialty & Generic (2),ALKS,KNSA,0.0714288369273228,0.0714288369273228,0.0326823974764627,False,,,,,-1.0,False
3848,Healthcare,Drug Manufacturers - Specialty & Generic (2),ALKS,SUPN,0.2436208888877009,0.2436208888877009,0.0372828526330404,False,,,,,-1.0,False
3849,Healthcare,Drug Manufacturers - Specialty & Generic (2),ALKS,BCRX,0.278996612237719,0.0554856544865547,0.0763193432022128,False,,,,,-1.0,False
3850,Healthcare,Drug Manufacturers - Specialty & Generic (2),ALKS,AMLX,0.3462369113065796,0.3341399523892166,0.0170581657156203,False,,,,,-1.0,False
3851,Healthcare,Drug Manufacturers - Specialty & Generic (2),LQDA,INDV,0.1840551837614581,0.1734976551661484,0.0256679126434946,False,,,,,-1.0,False
3852,Healthcare,Drug Manufacturers - Specialty & Generic (2),LQDA,KNSA,0.1513552300418865,0.1071538161115478,0.0228999207298317,False,,,,,-1.0,False
3853,Healthcare,Drug Manufacturers - Specialty & Generic (2),LQDA,SUPN,-0.0504883989703946,-0.0504883989703946,0.0462244464991007,False,,,,,-1.0,False
3854,Healthcare,Drug Manufacturers - Specialty & Generic (2),LQDA,BCRX,0.3443283102261533,0.0991009815583221,0.0953411052801995,False,,,,,-1.0,False
3855,Healthcare,Drug Manufacturers - Specialty & Generic (2),LQDA,AMLX,0.2202537169618184,0.1807254835326894,0.0366848394703428,False,,,,,-1.0,False
3856,Healthcare,Drug Manufacturers - Specialty & Generic (2),INDV,KNSA,0.2476072723412563,0.2362971997108212,0.0080897843258586,False,,,,,-1.0,False
3857,Healthcare,Drug Manufacturers - Specialty & Generic (2),INDV,SUPN,0.3131746398024504,0.3131746398024504,0.0588262096660461,False,,,,,-1.0,False
3858,Healthcare,Drug Manufacturers - Specialty & Generic (2),INDV,BCRX,0.245013899656547,0.1688861491549324,0.0312417273529106,False,,,,,-1.0,False
3859,Healthcare,Drug Manufacturers - Specialty & Generic (2),INDV,AMLX,0.4537336357213153,0.4074609008765837,0.0159498898315073,False,,,,,-1.0,False
3860,Healthcare,Drug Manufacturers - Specialty & Generic (2),KNSA,SUPN,0.0146610658903859,0.0146610658903859,0.0246937979119512,False,,,,,-1.0,False
3861,Healthcare,Drug Manufacturers - Specialty & Generic (2),KNSA,BCRX,0.2031243784582703,0.1592356594916707,0.0195614662058913,False,,,,,-1.0,False
3862,Healthcare,Drug Manufacturers - Specialty & Generic (2),KNSA,AMLX,0.2246676359170002,0.1798925199550233,0.0227719546664823,False,,,,,-1.0,False
3863,Healthcare,Drug Manufacturers - Specialty & Generic (2),SUPN,BCRX,0.1302321929706038,0.1302321929706038,0.0264294239157675,False,,,,,-1.0,False
3864,Healthcare,Drug Manufacturers - Specialty & Generic (2),SUPN,AMLX,0.1053576514330958,0.0821265810122409,0.0513334843257826,False,,,,,-1.0,False
3865,Healthcare,Drug Manufacturers - Specialty & Generic (2),BCRX,AMLX,0.320576662867598,0.1734763871018823,0.0582460696312038,False,,,,,-1.0,False
3866,Healthcare,Health Information Services,VEEV,BTSG,-0.1919965509306887,-0.1919965509306887,0.0872686933446276,False,,,,,-1.0,False
3867,Healthcare,Health Information Services,VEEV,TEM,0.4259923010579636,0.4259923010579636,0.0287590200004276,False,,,,,-1.0,False
3868,Healthcare,Health Information Services,VEEV,HQY,0.4617514340901166,0.3603437133868294,0.0333648061895925,False,,,,,-1.0,False
3869,Healthcare,Health Information Services,VEEV,WAY,0.5253891317551906,0.3871412818210655,0.0470650778910125,False,,,,,-1.0,False
3870,Healthcare,Health Information Services,VEEV,DOCS,0.3950278200632298,0.368104009782887,0.008430386689036,False,,,,,-1.0,False
3871,Healthcare,Health Information Services,VEEV,PRVA,0.2444982891656019,0.2444982891656019,0.0167232611109707,False,,,,,-1.0,False
3872,Healthcare,Health Information Services,VEEV,TXG,0.1529279802768452,0.1529279802768452,0.0186380515960164,False,,,,,-1.0,False
3873,Healthcare,Health Information Services,VEEV,OMCL,0.1819252168005212,0.1139623274447912,0.0207556672474536,False,,,,,-1.0,False
3874,Healthcare,Health Information Services,BTSG,TEM,0.2178434670378407,0.1786548835052365,0.0143078491496811,False,,,,,-1.0,False
3875,Healthcare,Health Information Services,BTSG,HQY,0.0476457688742829,0.0476457688742829,0.0655802381685093,False,,,,,-1.0,False
3876,Healthcare,Health Information Services,BTSG,WAY,-0.1889677754691776,-0.1890534407949837,0.0424660311085424,False,,,,,-1.0,False
3877,Healthcare,Health Information Services,BTSG,DOCS,-0.1386400230820517,-0.1466161109727975,0.0422388181194449,False,,,,,-1.0,False
3878,Healthcare,Health Information Services,BTSG,PRVA,0.0771294798277354,-0.0074535401984692,0.0648781036569716,False,,,,,-1.0,False
3879,Healthcare,Health Information Services,BTSG,TXG,0.2836055359346247,0.2545068516181492,0.0157193217338274,False,,,,,-1.0,False
3880,Healthcare,Health Information Services,BTSG,OMCL,0.083923585640006,0.083923585640006,0.0512135509738075,False,,,,,-1.0,False
3881,Healthcare,Health Information Services,TEM,HQY,0.2037308346917877,0.2037308346917877,0.0377200745286357,False,,,,,-1.0,False
3882,Healthcare,Health Information Services,TEM,WAY,0.2509856013281563,0.2509856013281563,0.0290362236010732,False,,,,,-1.0,False
3883,Healthcare,Health Information Services,TEM,DOCS,0.1725679022781681,0.1725679022781681,0.0213456807020287,False,,,,,-1.0,False
3884,Healthcare,Health Information Services,TEM,PRVA,0.2347009712425803,0.181551867139851,0.0162237828035716,False,,,,,-1.0,False
3885,Healthcare,Health Information Services,TEM,TXG,0.5461920690992416,0.4366584419296851,0.0431148692684847,False,,,,,-1.0,False
3886,Healthcare,Health Information Services,TEM,OMCL,0.1620077298579705,0.1620077298579705,0.0366942564392071,False,,,,,-1.0,False
3887,Healthcare,Health Information Services,HQY,WAY,0.4877448333229337,0.3910580096085523,0.0365751920436294,False,,,,,-1.0,False
3888,Healthcare,Health Information Services,HQY,DOCS,0.1583426241402249,0.1408452531503505,0.0072149480725078,False,,,,,-1.0,False
3889,Healthcare,Health Information Services,HQY,PRVA,0.2260224852406028,0.2260224852406028,0.0200889152664139,False,,,,,-1.0,False
3890,Healthcare,Health Information Services,HQY,TXG,0.1540843763521228,0.1540843763521228,0.0464976825505496,False,,,,,-1.0,False
3891,Healthcare,Health Information Services,HQY,OMCL,0.1001992353326308,0.0801891919102232,0.0084230463916998,False,,,,,-1.0,False
3892,Healthcare,Health Information Services,WAY,DOCS,0.2950662395443046,0.2710910865690999,0.0076411093650888,False,,,,,-1.0,False
3893,Healthcare,Health Information Services,WAY,PRVA,0.2693636802427134,0.2386732854697052,0.0247284935777445,False,,,,,-1.0,False
3894,Healthcare,Health Information Services,WAY,TXG,0.0766326197471268,0.0551587032349986,0.0232744425436577,False,,,,,-1.0,False
3895,Healthcare,Health Information Services,WAY,OMCL,0.2713769399669817,0.2172318277671593,0.0205016886875757,False,,,,,-1.0,False
3896,Healthcare,Health Information Services,DOCS,PRVA,0.1377056639532144,0.1377056639532144,0.0196888197407521,False,,,,,-1.0,False
3897,Healthcare,Health Information Services,DOCS,TXG,0.0349011374596123,0.0349011374596123,0.0170747781469676,False,,,,,-1.0,False
3898,Healthcare,Health Information Services,DOCS,OMCL,0.1069190548886536,0.0913475146292085,0.0056687359314373,False,,,,,-1.0,False
3899,Healthcare,Health Information Services,PRVA,TXG,0.1656848334354536,0.1005901803831824,0.0246403870229233,False,,,,,-1.0,False
3900,Healthcare,Health Information Services,PRVA,OMCL,0.1344278413934864,0.1344278413934864,0.0232508327102757,False,,,,,-1.0,False
3901,Healthcare,Health Information Services,TXG,OMCL,0.1635724611687959,0.1635724611687959,0.0340230008080964,False,,,,,-1.0,False
3902,Financial Services,Banks - Diversified,JPM,C,0.4540368282142596,0.4540368282142596,0.0850644789022412,False,,,,,-1.0,False
3903,Financial Services,Banks - Diversified,JPM,NTB,0.3506067877034359,0.3506067877034359,0.0260538027130675,False,,,,,-1.0,False
3904,Financial Services,Banks - Diversified,BAC,C,0.5705521971241991,0.5705521971241991,0.0725390031412726,False,,,,,-1.0,False
3905,Financial Services,Banks - Diversified,BAC,NTB,0.4617548435719499,0.4296272706308504,0.0207931541667578,False,,,,,-1.0,False
3906,Financial Services,Banks - Diversified,WFC,C,0.4321617756798154,0.4321617756798154,0.0347451181893685,False,,,,,-1.0,False
3907,Financial Services,Banks - Diversified,WFC,NTB,0.5289633175148921,0.4712878797184918,0.0214536232158182,False,,,,,-1.0,False
3908,Financial Services,Banks - Diversified,C,NTB,0.2908603760615159,0.2908603760615159,0.0331692787222778,False,,,,,-1.0,False
3909,Financial Services,Credit Services (1),V,AXP,0.3037183529253778,0.3037183529253778,0.0520610231447197,False,,,,,-1.0,False
3910,Financial Services,Credit Services (1),V,PYPL,0.3157935848769459,0.3157935848769459,0.0914267411505235,False,,,,,-1.0,False
3911,Financial Services,Credit Services (1),V,AFRM,0.1896115303666844,0.1896115303666844,0.052624517821885,False,,,,,-1.0,False
3912,Financial Services,Credit Services (1),V,SOFI,0.018935863972984,0.018935863972984,0.0743285208757982,False,,,,,-1.0,False
3913,Financial Services,Credit Services (1),V,FCFS,-0.0617255067880377,-0.065625525840278,0.0159179189882623,False,,,,,-1.0,False
3914,Financial Services,Credit Services (1),V,NNI,0.2563323462649024,0.2556555965782275,0.0129625846389831,False,,,,,-1.0,False
3915,Financial Services,Credit Services (1),V,ENVA,0.0861447713704957,0.0729120802820175,0.0348148504376048,False,,,,,-1.0,False
3916,Financial Services,Credit Services (1),V,BFH,-0.1043984847864238,-0.1043984847864238,0.0663013875220759,False,,,,,-1.0,False
3917,Financial Services,Credit Services (1),V,SEZL,-0.0188710481028737,-0.0188710481028737,0.0841680011443496,False,,,,,-1.0,False
3918,Financial Services,Credit Services (1),V,WU,0.1670011746635706,0.130766954617255,0.0412937028992919,False,,,,,-1.0,False
3919,Financial Services,Credit Services (1),V,EZPW,-0.0952618482233657,-0.0953615251119446,0.0159351665760656,False,,,,,-1.0,False
3920,Financial Services,Credit Services (1),V,ECPG,0.1909812045024444,0.1657974444942506,0.0391217723783938,False,,,,,-1.0,False
3921,Financial Services,Credit Services (1),MA,AXP,0.2427039348171252,0.2427039348171252,0.0452571909913852,False,,,,,-1.0,False
3922,Financial Services,Credit Services (1),MA,PYPL,0.3212301849744184,0.3212301849744184,0.0810417589969959,False,,,,,-1.0,False
3923,Financial Services,Credit Services (1),MA,AFRM,0.1854072687846568,0.1854072687846568,0.0443231243010617,False,,,,,-1.0,False
3924,Financial Services,Credit Services (1),MA,SOFI,0.025435324215173,0.025435324215173,0.0650052717550338,False,,,,,-1.0,False
3925,Financial Services,Credit Services (1),MA,FCFS,-0.0869580197232858,-0.0942979804150865,0.0198870268128596,False,,,,,-1.0,False
3926,Financial Services,Credit Services (1),MA,NNI,0.1854629605747886,0.1836770919725725,0.0131994562400742,False,,,,,-1.0,False
3927,Financial Services,Credit Services (1),MA,ENVA,0.1239592710760862,0.1114765650622739,0.0283190939859326,False,,,,,-1.0,False
3928,Financial Services,Credit Services (1),MA,BFH,-0.0509658861328865,-0.0509658861328865,0.0534537435554055,False,,,,,-1.0,False
3929,Financial Services,Credit Services (1),MA,SEZL,-0.0330705042859671,-0.0330705042859671,0.0730428734865853,False,,,,,-1.0,False
3930,Financial Services,Credit Services (1),MA,WU,0.2204677995982605,0.139136814398071,0.041152180954451,False,,,,,-1.0,False
3931,Financial Services,Credit Services (1),MA,EZPW,-0.050073954667681,-0.1103092787236774,0.0311959422336176,False,,,,,-1.0,False
3932,Financial Services,Credit Services (1),MA,ECPG,0.1553249183549653,0.1192526937931353,0.0276566816585808,False,,,,,-1.0,False
3933,Financial Services,Credit Services (1),AXP,PYPL,0.4040770856083244,0.4040770856083244,0.0519990376292487,False,,,,,-1.0,False
3934,Financial Services,Credit Services (1),AXP,AFRM,0.5747204041462672,0.5741514996748952,0.017007978675251,False,,,,,-1.0,False
3935,Financial Services,Credit Services (1),AXP,SOFI,0.5328537245430368,0.5328537245430368,0.0216157251238991,False,,,,,-1.0,False
3936,Financial Services,Credit Services (1),AXP,FCFS,0.0634427664553759,-0.0281371345536894,0.0327153033978732,False,,,,,-1.0,False
3937,Financial Services,Credit Services (1),AXP,NNI,0.192430408396219,0.1835811948130291,0.0197563473943587,False,,,,,-1.0,False
3938,Financial Services,Credit Services (1),AXP,ENVA,0.4684050978625164,0.4374991772624699,0.0278709048397415,False,,,,,-1.0,False
3939,Financial Services,Credit Services (1),AXP,BFH,0.4471793812704958,0.4317558853753274,0.0311380078073329,False,,,,,-1.0,False
3940,Financial Services,Credit Services (1),AXP,SEZL,0.4255454426397316,0.4255454426397316,0.0429699075031889,False,,,,,-1.0,False
3941,Financial Services,Credit Services (1),AXP,WU,0.2839008936771688,0.2767060105103459,0.0413835264007791,False,,,,,-1.0,False
3942,Financial Services,Credit Services (1),AXP,EZPW,0.2498571125166741,0.1658704796896635,0.037583504028883,False,,,,,-1.0,False
3943,Financial Services,Credit Services (1),AXP,ECPG,0.4810599006230979,0.4606317826805206,0.0242428490748277,False,,,,,-1.0,False
3944,Financial Services,Credit Services (1),PYPL,AFRM,0.3140047131464843,0.3140047131464843,0.1520426017666244,False,,,,,-1.0,False
3945,Financial Services,Credit Services (1),PYPL,SOFI,0.1527352818887103,0.1527352818887103,0.1224809932916592,False,,,,,-1.0,False
3946,Financial Services,Credit Services (1),PYPL,FCFS,0.000346744213101,-0.1248198227588638,0.0503489212716638,False,,,,,-1.0,False
3947,Financial Services,Credit Services (1),PYPL,NNI,0.1529936155351764,0.1529936155351764,0.0436178007652502,False,,,,,-1.0,False
3948,Financial Services,Credit Services (1),PYPL,ENVA,0.1370982368838706,0.1330292411395887,0.0303198020942056,False,,,,,-1.0,False
3949,Financial Services,Credit Services (1),PYPL,BFH,0.0697926489555489,0.0697926489555489,0.0550832705659583,False,,,,,-1.0,False
3950,Financial Services,Credit Services (1),PYPL,SEZL,0.1906524209128224,0.1906524209128224,0.0842984410249487,False,,,,,-1.0,False
3951,Financial Services,Credit Services (1),PYPL,WU,0.2505787006649183,0.2330012820820913,0.0408750166271165,False,,,,,-1.0,False
3952,Financial Services,Credit Services (1),PYPL,EZPW,-0.0337854454065961,-0.0511824002501361,0.0236556580503064,False,,,,,-1.0,False
3953,Financial Services,Credit Services (1),PYPL,ECPG,0.0952137209077857,0.0952137209077857,0.0440729046184526,False,,,,,-1.0,False
3954,Financial Services,Credit Services (1),AFRM,FCFS,-0.0436084038561379,-0.0889097873354916,0.0158736079313772,False,,,,,-1.0,False
3955,Financial Services,Credit Services (1),AFRM,NNI,0.2581205864057014,0.230352960444328,0.0206093367401679,False,,,,,-1.0,False
3956,Financial Services,Credit Services (1),AFRM,ENVA,0.3746649988727884,0.3746649988727884,0.0243107806181671,False,,,,,-1.0,False
3957,Financial Services,Credit Services (1),AFRM,BFH,0.3322530223456353,0.3322530223456353,0.0269496524628576,False,,,,,-1.0,False
3958,Financial Services,Credit Services (1),AFRM,SEZL,0.6276667963382906,0.6276667963382906,0.0161170524557966,False,,,,,-1.0,False
3959,Financial Services,Credit Services (1),AFRM,WU,0.1662234229012099,0.1616395383739507,0.0776150464529775,False,,,,,-1.0,False
3960,Financial Services,Credit Services (1),AFRM,EZPW,0.1170779467611804,0.0677718065933083,0.0218158651113962,False,,,,,-1.0,False
3961,Financial Services,Credit Services (1),AFRM,ECPG,0.361560791490959,0.361560791490959,0.0223597521841328,False,,,,,-1.0,False
3962,Financial Services,Credit Services (1),SOFI,FCFS,-0.0140519228872705,-0.0645634797278068,0.0200850588854776,False,,,,,-1.0,False
3963,Financial Services,Credit Services (1),SOFI,NNI,0.1287006562214909,0.1287006562214909,0.0133865326497111,False,,,,,-1.0,False
3964,Financial Services,Credit Services (1),SOFI,ENVA,0.3998467146707597,0.3998467146707597,0.0338623233239318,False,,,,,-1.0,False
3965,Financial Services,Credit Services (1),SOFI,BFH,0.2454339401555067,0.2439562397167425,0.0266824294855417,False,,,,,-1.0,False
3966,Financial Services,Credit Services (1),SOFI,SEZL,0.5140372167230565,0.5140372167230565,0.0138643775875625,False,,,,,-1.0,False
3967,Financial Services,Credit Services (1),SOFI,WU,0.1242475534850368,0.1242475534850368,0.0593570517381887,False,,,,,-1.0,False
3968,Financial Services,Credit Services (1),SOFI,EZPW,0.1667026672902147,0.1293895911790062,0.0145458919220193,False,,,,,-1.0,False
3969,Financial Services,Credit Services (1),SOFI,ECPG,0.3121586608968215,0.3098867244118146,0.0208703065025258,False,,,,,-1.0,False
3970,Financial Services,Credit Services (1),FCFS,NNI,-0.202400779281236,-0.202400779281236,0.0351537299747266,False,,,,,-1.0,False
3971,Financial Services,Credit Services (1),FCFS,ENVA,0.0541453610171668,-0.0747803136033984,0.0436277837834373,False,,,,,-1.0,False
3972,Financial Services,Credit Services (1),FCFS,BFH,-0.0510485418431499,-0.1676809545868101,0.0378139100410732,False,,,,,-1.0,False
3973,Financial Services,Credit Services (1),FCFS,SEZL,-0.0222447243092688,-0.0517541959355325,0.0195343928129841,False,,,,,-1.0,False
3974,Financial Services,Credit Services (1),FCFS,WU,0.0115862898947356,-0.0113528793770468,0.0238089869911479,False,,,,,-1.0,False
3975,Financial Services,Credit Services (1),FCFS,EZPW,0.4696850746241464,0.4685641058676772,0.0287122736526329,False,,,,,-1.0,False
3976,Financial Services,Credit Services (1),FCFS,ECPG,0.2413562961341241,0.1290138663236373,0.0336967459967554,False,,,,,-1.0,False
3977,Financial Services,Credit Services (1),NNI,ENVA,0.1080193359566029,0.0957767656110408,0.0123788218970072,False,,,,,-1.0,False
3978,Financial Services,Credit Services (1),NNI,BFH,0.0605267958649953,0.0583100258999991,0.02775244595524,False,,,,,-1.0,False
3979,Financial Services,Credit Services (1),NNI,SEZL,0.176329628305234,0.1723789118155584,0.0174764874829793,False,,,,,-1.0,False
3980,Financial Services,Credit Services (1),NNI,WU,0.0392176180269861,0.0077889976601794,0.0162820884087737,False,,,,,-1.0,False
3981,Financial Services,Credit Services (1),NNI,EZPW,-0.0317597741787408,-0.0414048074880711,0.0156356910992398,False,,,,,-1.0,False
3982,Financial Services,Credit Services (1),NNI,ECPG,0.098073573382214,0.0663921583622565,0.01539777964223,False,,,,,-1.0,False
3983,Financial Services,Credit Services (1),ENVA,SEZL,0.3671875504726153,0.3671875504726153,0.0248815980575464,False,,,,,-1.0,False
3984,Financial Services,Credit Services (1),ENVA,WU,0.2686629793729507,0.2458758047132007,0.04401214903992,False,,,,,-1.0,False
3985,Financial Services,Credit Services (1),ENVA,EZPW,0.3153809034567548,0.1718289195102387,0.0589810063253434,False,,,,,-1.0,False
3986,Financial Services,Credit Services (1),ENVA,ECPG,0.5831314999871154,0.4919320577791748,0.0398315119379075,False,,,,,-1.0,False
3987,Financial Services,Credit Services (1),BFH,SEZL,0.3608819879078609,0.3608819879078609,0.0219176552435257,False,,,,,-1.0,False
3988,Financial Services,Credit Services (1),BFH,WU,0.2571144545323234,0.2571144545323234,0.0357776881688349,False,,,,,-1.0,False
3989,Financial Services,Credit Services (1),BFH,EZPW,0.3773322042032987,0.2216274930546478,0.0714671562921791,False,,,,,-1.0,False
3990,Financial Services,Credit Services (1),BFH,ECPG,0.4193105378762589,0.406228459516196,0.0247932949025595,False,,,,,-1.0,False
3991,Financial Services,Credit Services (1),SEZL,WU,0.0463089491276264,0.0463089491276264,0.0867518180924126,False,,,,,-1.0,False
3992,Financial Services,Credit Services (1),SEZL,EZPW,0.1964973158246754,0.1590239524163234,0.0288716845127795,False,,,,,-1.0,False
3993,Financial Services,Credit Services (1),SEZL,ECPG,0.1943933976993892,0.1943933976993892,0.0429295540800741,False,,,,,-1.0,False
3994,Financial Services,Credit Services (1),WU,EZPW,0.1235841617041279,0.1161711600978671,0.0242234617447098,False,,,,,-1.0,False
3995,Financial Services,Credit Services (1),WU,ECPG,0.3154048138694957,0.2904465627496452,0.0256555678804934,False,,,,,-1.0,False
3996,Financial Services,Credit Services (1),EZPW,ECPG,0.4292442789862914,0.3299560989023171,0.0469698756602155,False,,,,,-1.0,False
3997,Financial Services,Credit Services (2),COF,CACC,0.5364952257727736,0.4008118234436528,0.0623214444419279,False,,,,,-1.0,False
3998,Financial Services,Credit Services (2),COF,SLM,0.3590075873179464,0.224095845863692,0.0651292595406364,False,,,,,-1.0,False
3999,Financial Services,Credit Services (2),COF,UPST,0.4045482736801267,0.3852806433298006,0.0123626063257084,False,,,,,-1.0,False
4000,Financial Services,Credit Services (2),COF,AGM,0.4180975630506303,0.4180975630506303,0.0303235319678138,False,,,,,-1.0,False
4001,Financial Services,Credit Services (2),SYF,CACC,0.5184900819545624,0.4644955152789015,0.0276274302791111,False,,,,,-1.0,False
4002,Financial Services,Credit Services (2),SYF,SLM,0.5013793631010758,0.3636838269476712,0.0659629804722171,False,,,,,-1.0,False
4003,Financial Services,Credit Services (2),SYF,UPST,0.4099475163768428,0.4099475163768428,0.0125715410314449,False,,,,,-1.0,False
4004,Financial Services,Credit Services (2),SYF,AGM,0.3688398241781693,0.3688398241781693,0.0297893632652883,False,,,,,-1.0,False
4005,Financial Services,Credit Services (2),ALLY,OMF,0.6421554635246168,0.6211160610738269,0.0166440547694516,False,,,,,-1.0,False
4006,Financial Services,Credit Services (2),ALLY,CACC,0.4919422812875062,0.4888194231581686,0.0215537871546865,False,,,,,-1.0,False
4007,Financial Services,Credit Services (2),ALLY,SLM,0.456197265023861,0.3870080205914377,0.0313207881217669,False,,,,,-1.0,False
4008,Financial Services,Credit Services (2),ALLY,UPST,0.2982240760542136,0.2982240760542136,0.0088568974668318,False,,,,,-1.0,False
4009,Financial Services,Credit Services (2),ALLY,AGM,0.440784240280895,0.440784240280895,0.0255874104952096,False,,,,,-1.0,False
4010,Financial Services,Credit Services (2),OMF,CACC,0.4870990263560812,0.4299205290419559,0.0309698234761022,False,,,,,-1.0,False
4011,Financial Services,Credit Services (2),OMF,SLM,0.474713887160401,0.3194333369554034,0.0694210267920672,False,,,,,-1.0,False
4012,Financial Services,Credit Services (2),OMF,UPST,0.442745590593408,0.3579309291911003,0.0390789001551561,False,,,,,-1.0,False
4013,Financial Services,Credit Services (2),OMF,AGM,0.4401110576473291,0.4401110576473291,0.0240911841352745,False,,,,,-1.0,False
4014,Financial Services,Credit Services (2),CACC,SLM,0.1689824562158051,0.1353483029428183,0.0296210971470454,False,,,,,-1.0,False
4015,Financial Services,Credit Services (2),CACC,UPST,0.4516919387471146,0.3406351413372685,0.0488537798557072,False,,,,,-1.0,False
4016,Financial Services,Credit Services (2),CACC,AGM,0.4443925180907225,0.3530030472098198,0.0431130383726959,False,,,,,-1.0,False
4017,Financial Services,Credit Services (2),SLM,UPST,0.0819828025022352,0.0642109567855419,0.014440100123424,False,,,,,-1.0,False
4018,Financial Services,Credit Services (2),SLM,AGM,0.1167432134339473,0.1167432134339473,0.0159502581580308,False,,,,,-1.0,False
4019,Financial Services,Credit Services (2),UPST,AGM,0.377415510119744,0.377415510119744,0.0272657114022081,False,,,,,-1.0,False
4020,Financial Services,Capital Markets (1),MS,EVR,0.5641629770023094,0.5296795986321451,0.0187274956233135,False,,,,,-1.0,False
4021,Financial Services,Capital Markets (1),MS,SF,0.3978685282440061,0.3978685282440061,0.0270583734848123,False,,,,,-1.0,False
4022,Financial Services,Capital Markets (1),MS,HLI,0.2514797297078202,0.2464066084093717,0.0161259468994004,False,,,,,-1.0,False
4023,Financial Services,Capital Markets (1),MS,JEF,0.5154386173240086,0.5101812018701486,0.0222333812290288,False,,,,,-1.0,False
4024,Financial Services,Capital Markets (1),MS,PIPR,0.4465262611250029,0.4465262611250029,0.0185813717442337,False,,,,,-1.0,False
4025,Financial Services,Capital Markets (1),MS,MC,0.5010262606611927,0.4935746221833933,0.0169101684885133,False,,,,,-1.0,False
4026,Financial Services,Capital Markets (1),MS,LAZ,0.4061308902380795,0.3580466032870628,0.0247690714173779,False,,,,,-1.0,False
4027,Financial Services,Capital Markets (1),MS,PJT,0.4306343713010799,0.3157052245375988,0.0408101684061717,False,,,,,-1.0,False
4028,Financial Services,Capital Markets (1),MS,PWP,0.3265687410875019,0.3213173924439586,0.0404657076332782,False,,,,,-1.0,False
4029,Financial Services,Capital Markets (1),GS,EVR,0.5453967060789544,0.5453967060789544,0.0150305695735028,False,,,,,-1.0,False
4030,Financial Services,Capital Markets (1),GS,SF,0.3582337787739424,0.3582337787739424,0.0211620282276602,False,,,,,-1.0,False
4031,Financial Services,Capital Markets (1),GS,HLI,0.2810339666527703,0.1904638769050281,0.0338554932496408,False,,,,,-1.0,False
4032,Financial Services,Capital Markets (1),GS,JEF,0.5648127985597458,0.5094679498850677,0.0263858896106858,False,,,,,-1.0,False
4033,Financial Services,Capital Markets (1),GS,PIPR,0.4353764032133613,0.4353764032133613,0.0114630130104225,False,,,,,-1.0,False
4034,Financial Services,Capital Markets (1),GS,MC,0.5287323982934787,0.5096873825416045,0.0170203355055642,False,,,,,-1.0,False
4035,Financial Services,Capital Markets (1),GS,LAZ,0.3972178440949022,0.3452487684996599,0.0271440597906154,False,,,,,-1.0,False
4036,Financial Services,Capital Markets (1),GS,PJT,0.3907545482883172,0.2711144037634867,0.0470877029131318,False,,,,,-1.0,False
4037,Financial Services,Capital Markets (1),GS,PWP,0.3134879663667407,0.3134822796944229,0.039363320514795,False,,,,,-1.0,False
4038,Financial Services,Capital Markets (1),EVR,SF,0.4920407018185007,0.4920407018185007,0.0155070282688546,False,,,,,-1.0,False
4039,Financial Services,Capital Markets (1),EVR,HLI,0.6344332901390494,0.5393007287133896,0.0354919163669242,False,,,,,-1.0,False
4040,Financial Services,Capital Markets (1),EVR,JEF,0.5950919263948043,0.4661591334789333,0.0532191191161746,False,,,,,-1.0,False
4041,Financial Services,Capital Markets (1),EVR,PIPR,0.6166242822233466,0.6000592004885579,0.0114432605709062,False,,,,,-1.0,False
4042,Financial Services,Capital Markets (1),EVR,PJT,0.6645699694296077,0.5954466483059078,0.0320556334321714,False,,,,,-1.0,False
4043,Financial Services,Capital Markets (1),EVR,PWP,0.5290796841584698,0.4549315035688744,0.0335420621838026,False,,,,,-1.0,False
4044,Financial Services,Capital Markets (1),SF,HLI,0.4816278772292652,0.3610003877886133,0.0511629932798608,False,,,,,-1.0,False
4045,Financial Services,Capital Markets (1),SF,JEF,0.533720260664211,0.4034537241974564,0.0519926477942997,False,,,,,-1.0,False
4046,Financial Services,Capital Markets (1),SF,PIPR,0.5899711581554439,0.5899711581554439,0.0144799005398178,False,,,,,-1.0,False
4047,Financial Services,Capital Markets (1),SF,MC,0.5741291744679896,0.5741291744679896,0.0136627870616254,False,,,,,-1.0,False
4048,Financial Services,Capital Markets (1),SF,LAZ,0.4830378542047049,0.4830378542047049,0.0248819352300469,False,,,,,-1.0,False
4049,Financial Services,Capital Markets (1),SF,PJT,0.4898569559301956,0.4274510327711943,0.0363263043620242,False,,,,,-1.0,False
4050,Financial Services,Capital Markets (1),SF,PWP,0.4717913830613798,0.4300388147668773,0.022118870694743,False,,,,,-1.0,False
4051,Financial Services,Capital Markets (1),HLI,JEF,0.389977422583701,0.1970814341287051,0.0864324014943254,False,,,,,-1.0,False
4052,Financial Services,Capital Markets (1),HLI,PIPR,0.553910837153839,0.4407140168964265,0.0478406021586402,False,,,,,-1.0,False
4053,Financial Services,Capital Markets (1),HLI,MC,0.6308557963928347,0.4973739037958533,0.056625430051343,False,,,,,-1.0,False
4054,Financial Services,Capital Markets (1),HLI,LAZ,0.5321715524989984,0.4830835230674664,0.0262485982596369,False,,,,,-1.0,False
4055,Financial Services,Capital Markets (1),HLI,PJT,0.6396580196750482,0.5433506478749717,0.0473661730896631,False,,,,,-1.0,False
4056,Financial Services,Capital Markets (1),HLI,PWP,0.5459364648780335,0.3904229132851974,0.0687736265133072,False,,,,,-1.0,False
4057,Financial Services,Capital Markets (1),JEF,PIPR,0.4519048312854696,0.4251272419023533,0.0163391015556138,False,,,,,-1.0,False
4058,Financial Services,Capital Markets (1),JEF,MC,0.5289704988256738,0.4033734370053124,0.0495697808517235,False,,,,,-1.0,False
4059,Financial Services,Capital Markets (1),JEF,LAZ,0.4059658654221773,0.2940413783532054,0.0450684379197283,False,,,,,-1.0,False
4060,Financial Services,Capital Markets (1),JEF,PJT,0.4539717177700325,0.2883939787078879,0.064642023716452,False,,,,,-1.0,False
4061,Financial Services,Capital Markets (1),JEF,PWP,0.3960165121872116,0.299583868672693,0.0613222689311539,False,,,,,-1.0,False
4062,Financial Services,Capital Markets (1),PIPR,MC,0.5193901101849226,0.4733225259322215,0.0323397740499798,False,,,,,-1.0,False
4063,Financial Services,Capital Markets (1),PIPR,LAZ,0.5895905983434272,0.5672005990254119,0.0206744768884535,False,,,,,-1.0,False
4064,Financial Services,Capital Markets (1),PIPR,PJT,0.4203138114097082,0.3371003121396526,0.0292662897523913,False,,,,,-1.0,False
4065,Financial Services,Capital Markets (1),PIPR,PWP,0.4631048458415168,0.4421535589582836,0.0200193023094638,False,,,,,-1.0,False
4066,Financial Services,Capital Markets (1),MC,PWP,0.6564041776083066,0.5829387750455658,0.0297594683506397,False,,,,,-1.0,False
4067,Financial Services,Capital Markets (1),LAZ,PJT,0.5053854784648067,0.4946097133603387,0.0408589798478013,False,,,,,-1.0,False
4068,Financial Services,Capital Markets (1),LAZ,PWP,0.5001191724152748,0.5001191724152748,0.0168520170790735,False,,,,,-1.0,False
4069,Financial Services,Capital Markets (1),PJT,PWP,0.5822864844751073,0.4606837314045611,0.0524922545398571,False,,,,,-1.0,False
4070,Financial Services,Capital Markets (2),SCHW,IBKR,0.3351015632624037,0.2759581835276666,0.0234494433748312,False,,,,,-1.0,False
4071,Financial Services,Capital Markets (2),SCHW,HOOD,0.2297646948165043,0.2232398655776704,0.0120482301818987,False,,,,,-1.0,False
4072,Financial Services,Capital Markets (2),SCHW,TW,0.1811075511358635,0.10547422642026,0.0336954600911508,False,,,,,-1.0,False
4073,Financial Services,Capital Markets (2),SCHW,LPLA,0.6784939379576204,0.617972672146927,0.0277006919979039,False,,,,,-1.0,False
4074,Financial Services,Capital Markets (2),SCHW,SNEX,-0.0130715558534067,-0.0130715558534067,0.0150412169988704,False,,,,,-1.0,False
4075,Financial Services,Capital Markets (2),SCHW,XP,0.0467578247090646,0.0317439456724193,0.0135953367398999,False,,,,,-1.0,False
4076,Financial Services,Capital Markets (2),SCHW,VIRT,0.2071739386844785,0.1565628721653405,0.0208997148179424,False,,,,,-1.0,False
4077,Financial Services,Capital Markets (2),SCHW,BGC,0.1951454534344947,0.1899601187993064,0.021656696492325,False,,,,,-1.0,False
4078,Financial Services,Capital Markets (2),SCHW,MKTX,0.0962383409676737,-0.042198459799747,0.0490741995508202,False,,,,,-1.0,False
4079,Financial Services,Capital Markets (2),SCHW,MRX,0.0322346450742168,-0.0573759343803084,0.0397170272892205,False,,,,,-1.0,False
4080,Financial Services,Capital Markets (2),IBKR,HOOD,0.6517256041221904,0.6476118586200026,0.0133171159713227,False,,,,,-1.0,False
4081,Financial Services,Capital Markets (2),IBKR,TW,-0.1817989989250754,-0.1955668211034151,0.0143287078404667,False,,,,,-1.0,False
4082,Financial Services,Capital Markets (2),IBKR,LPLA,0.3476910758199162,0.2154557233320895,0.0420949518961035,False,,,,,-1.0,False
4083,Financial Services,Capital Markets (2),IBKR,SNEX,0.4360053931467539,0.2864226074382342,0.0573492159130549,False,,,,,-1.0,False
4084,Financial Services,Capital Markets (2),IBKR,XP,0.3602601487015356,0.3602601487015356,0.0605642757741097,False,,,,,-1.0,False
4085,Financial Services,Capital Markets (2),IBKR,VIRT,0.2969575524347644,0.1891230091507043,0.0409609665748078,False,,,,,-1.0,False
4086,Financial Services,Capital Markets (2),IBKR,BGC,0.2729415146660071,0.2729415146660071,0.0242333196306485,False,,,,,-1.0,False
4087,Financial Services,Capital Markets (2),IBKR,MKTX,-0.1204987736190368,-0.1204987736190368,0.0108194793405859,False,,,,,-1.0,False
4088,Financial Services,Capital Markets (2),IBKR,MRX,0.3089011239998075,0.0889405707512625,0.0811815183860555,False,,,,,-1.0,False
4089,Financial Services,Capital Markets (2),HOOD,TW,-0.1456168939778123,-0.2330087416252943,0.0479362073809072,False,,,,,-1.0,False
4090,Financial Services,Capital Markets (2),HOOD,LPLA,0.0853449910685101,0.0636430633140006,0.0078465493812867,False,,,,,-1.0,False
4091,Financial Services,Capital Markets (2),HOOD,SNEX,0.2972954262459473,0.2177044946641696,0.0426438517421726,False,,,,,-1.0,False
4092,Financial Services,Capital Markets (2),HOOD,XP,0.2764546269509498,0.2764546269509498,0.0605169036215227,False,,,,,-1.0,False
4093,Financial Services,Capital Markets (2),HOOD,VIRT,0.1355878846842477,0.0428722084096011,0.0333833389119919,False,,,,,-1.0,False
4094,Financial Services,Capital Markets (2),HOOD,BGC,0.0892168685509263,0.0892168685509263,0.0629403430263601,False,,,,,-1.0,False
4095,Financial Services,Capital Markets (2),HOOD,MKTX,-0.0207179623967229,-0.0646727412413119,0.0395478919881306,False,,,,,-1.0,False
4096,Financial Services,Capital Markets (2),HOOD,MRX,0.1357863018522226,0.0263700407014997,0.0444843096996869,False,,,,,-1.0,False
4097,Financial Services,Capital Markets (2),TW,LPLA,0.2343746459340356,0.1376823651539245,0.0465102844006815,False,,,,,-1.0,False
4098,Financial Services,Capital Markets (2),TW,SNEX,-0.0651019213869775,-0.0651019213869775,0.024410870906428,False,,,,,-1.0,False
4099,Financial Services,Capital Markets (2),TW,XP,-0.2115187363009478,-0.2115187363009478,0.0152123276271341,False,,,,,-1.0,False
4100,Financial Services,Capital Markets (2),TW,VIRT,0.282222532300395,0.282222532300395,0.0558390421417132,False,,,,,-1.0,False
4101,Financial Services,Capital Markets (2),TW,BGC,0.1276616712695589,0.1268640126169375,0.0357820837783052,False,,,,,-1.0,False
4102,Financial Services,Capital Markets (2),TW,MKTX,0.6504010289527574,0.5681379372063435,0.0312849051290364,False,,,,,-1.0,False
4103,Financial Services,Capital Markets (2),TW,MRX,0.0483719558271782,-0.019562479538379,0.0280740565979232,False,,,,,-1.0,False
4104,Financial Services,Capital Markets (2),LPLA,SNEX,0.0352594042660192,0.005481305007898,0.0184825832525018,False,,,,,-1.0,False
4105,Financial Services,Capital Markets (2),LPLA,XP,0.1074934282029878,0.1074934282029878,0.0252451303752699,False,,,,,-1.0,False
4106,Financial Services,Capital Markets (2),LPLA,VIRT,0.2279934312517863,0.2069961279940508,0.0248201675005971,False,,,,,-1.0,False
4107,Financial Services,Capital Markets (2),LPLA,BGC,0.1892375633223451,0.1158547298802682,0.0282407794541137,False,,,,,-1.0,False
4108,Financial Services,Capital Markets (2),LPLA,MKTX,0.0759205977020038,-0.0454220146973521,0.0540506645845479,False,,,,,-1.0,False
4109,Financial Services,Capital Markets (2),LPLA,MRX,0.1678775376753164,0.0960439878182965,0.0301617804045797,False,,,,,-1.0,False
4110,Financial Services,Capital Markets (2),SNEX,XP,0.1785606222659997,0.1422139485476505,0.0691736569626915,False,,,,,-1.0,False
4111,Financial Services,Capital Markets (2),SNEX,VIRT,0.4096169989754472,0.283732811675222,0.047636170703958,False,,,,,-1.0,False
4112,Financial Services,Capital Markets (2),SNEX,BGC,0.4970412155770208,0.3908030383426477,0.0555924654512346,False,,,,,-1.0,False
4113,Financial Services,Capital Markets (2),SNEX,MKTX,0.1311132345432491,0.1311132345432491,0.0339233403935741,False,,,,,-1.0,False
4114,Financial Services,Capital Markets (2),SNEX,MRX,0.5969524571900693,0.4239222189223632,0.0565328835761879,False,,,,,-1.0,False
4115,Financial Services,Capital Markets (2),XP,VIRT,-0.0721631829575618,-0.0721631829575618,0.0532573101287493,False,,,,,-1.0,False
4116,Financial Services,Capital Markets (2),XP,BGC,0.0391928653080339,0.0391928653080339,0.0607008946970959,False,,,,,-1.0,False
4117,Financial Services,Capital Markets (2),XP,MKTX,-0.1363315473720634,-0.1363315473720634,0.0129359757375049,False,,,,,-1.0,False
4118,Financial Services,Capital Markets (2),XP,MRX,0.0027815862693284,-0.036892533033543,0.0513630098031608,False,,,,,-1.0,False
4119,Financial Services,Capital Markets (2),VIRT,BGC,0.3380462262419923,0.2668472106362352,0.0385079642565236,False,,,,,-1.0,False
4120,Financial Services,Capital Markets (2),VIRT,MKTX,0.2039317538914509,0.2039317538914509,0.0379903304958293,False,,,,,-1.0,False
4121,Financial Services,Capital Markets (2),VIRT,MRX,0.550034378983366,0.4296711513207814,0.0441403175298208,False,,,,,-1.0,False
4122,Financial Services,Capital Markets (2),BGC,MKTX,0.1808556413289996,0.1735027023489131,0.0373781077516066,False,,,,,-1.0,False
4123,Financial Services,Capital Markets (2),BGC,MRX,0.3413880834010659,0.2202334835012027,0.0481693281838603,False,,,,,-1.0,False
4124,Financial Services,Capital Markets (2),MKTX,MRX,0.1395618212783667,0.0835832573161928,0.022994487485572,False,,,,,-1.0,False
4125,Financial Services,Capital Markets (3),IREN,MARA,0.6716531243922261,0.586487883802934,0.0279100933075078,False,,,,,-1.0,False
4126,Financial Services,Capital Markets (3),WULF,MARA,0.6561070981438815,0.6046306721328306,0.0223647562329587,False,,,,,-1.0,False
4127,Financial Services,Capital Markets (3),HUT,MARA,0.6733036942152288,0.5832143262506619,0.0300314227539361,False,,,,,-1.0,False
4128,Financial Services,Capital Markets (3),RIOT,MARA,0.6906512444104355,0.6169690709427872,0.025810531709631,False,,,,,-1.0,False
4129,Financial Services,Asset Management (1),BLK,BAM,0.6331013760000282,0.5358558870360645,0.0368291627965579,False,,,,,-1.0,False
4130,Financial Services,Asset Management (1),BLK,TROW,0.4457912141712201,0.4457912141712201,0.034915810359864,False,,,,,-1.0,False
4131,Financial Services,Asset Management (1),BLK,BEN,0.6386155784296503,0.5127479211805452,0.0446063844288117,False,,,,,-1.0,False
4132,Financial Services,Asset Management (1),BLK,SEIC,0.397466410863477,0.3564563160319632,0.017362676248663,False,,,,,-1.0,False
4133,Financial Services,Asset Management (1),BLK,JHG,0.2409991471584385,0.1682723381741365,0.0440526805184233,False,,,,,-1.0,False
4134,Financial Services,Asset Management (1),BLK,FHI,0.4912996120879783,0.4392967589900169,0.0155808756421083,False,,,,,-1.0,False
4135,Financial Services,Asset Management (1),BLK,CNS,0.5530804594285901,0.5448844478568485,0.0195396018036045,False,,,,,-1.0,False
4136,Financial Services,Asset Management (1),BLK,AB,0.3207477590206504,0.2676374409548381,0.0202075508752698,False,,,,,-1.0,False
4137,Financial Services,Asset Management (1),BLK,APAM,0.6067865163521783,0.6067865163521783,0.0176895101444574,False,,,,,-1.0,False
4138,Financial Services,Asset Management (1),BAM,TROW,0.240335751065445,0.240335751065445,0.047859811965829,False,,,,,-1.0,False
4139,Financial Services,Asset Management (1),BAM,BEN,0.4383778445442481,0.4383778445442481,0.0216871331728783,False,,,,,-1.0,False
4140,Financial Services,Asset Management (1),BAM,IVZ,0.4580721477972393,0.4333869020002884,0.0160600037396987,False,,,,,-1.0,False
4141,Financial Services,Asset Management (1),BAM,SEIC,0.175458366867313,0.138199635120717,0.0135610707113122,False,,,,,-1.0,False
4142,Financial Services,Asset Management (1),BAM,JHG,0.1777306939259754,0.0783886569245406,0.0486028175038101,False,,,,,-1.0,False
4143,Financial Services,Asset Management (1),BAM,FHI,0.3045250270616541,0.2742994465191967,0.0318959269555152,False,,,,,-1.0,False
4144,Financial Services,Asset Management (1),BAM,CNS,0.5186022112450583,0.4694369059357201,0.0209379189473026,False,,,,,-1.0,False
4145,Financial Services,Asset Management (1),BAM,AB,0.3695359952343977,0.2678872209034755,0.0384903779531533,False,,,,,-1.0,False
4146,Financial Services,Asset Management (1),BAM,APAM,0.5121147205088319,0.4667422537772675,0.0203474168600433,False,,,,,-1.0,False
4147,Financial Services,Asset Management (1),TROW,BEN,0.3704524372649436,0.3704524372649436,0.0410564240004416,False,,,,,-1.0,False
4148,Financial Services,Asset Management (1),TROW,IVZ,0.5200075476467819,0.5200075476467819,0.0304903158873952,False,,,,,-1.0,False
4149,Financial Services,Asset Management (1),TROW,SEIC,0.307828686759813,0.307828686759813,0.0621892408546077,False,,,,,-1.0,False
4150,Financial Services,Asset Management (1),TROW,JHG,0.2102465791622635,0.2102465791622635,0.0701413312413683,False,,,,,-1.0,False
4151,Financial Services,Asset Management (1),TROW,FHI,0.3712313248200386,0.3592664097768095,0.0286754529696756,False,,,,,-1.0,False
4152,Financial Services,Asset Management (1),TROW,CNS,0.3130986835022069,0.3130986835022069,0.0611326355653875,False,,,,,-1.0,False
4153,Financial Services,Asset Management (1),TROW,AB,0.2857722988974481,0.1315552695971839,0.0650872825519995,False,,,,,-1.0,False
4154,Financial Services,Asset Management (1),TROW,APAM,0.4239713496339363,0.4239713496339363,0.0443084381747994,False,,,,,-1.0,False
4155,Financial Services,Asset Management (1),BEN,IVZ,0.6003107767899464,0.5266511625904513,0.0309828321190531,False,,,,,-1.0,False
4156,Financial Services,Asset Management (1),BEN,SEIC,0.2637982048312476,0.2637982048312476,0.0325200887196421,False,,,,,-1.0,False
4157,Financial Services,Asset Management (1),BEN,JHG,-0.0103905973271023,-0.0103905973271023,0.0818797260019312,False,,,,,-1.0,False
4158,Financial Services,Asset Management (1),BEN,FHI,0.4864660810383577,0.4265254136403165,0.0205166743048214,False,,,,,-1.0,False
4159,Financial Services,Asset Management (1),BEN,CNS,0.4754473454978229,0.4754473454978229,0.0373515338808225,False,,,,,-1.0,False
4160,Financial Services,Asset Management (1),BEN,AB,0.3754034434472489,0.1770001221812057,0.08199095458603,False,,,,,-1.0,False
4161,Financial Services,Asset Management (1),BEN,APAM,0.3918688613802961,0.3918688613802961,0.0368980885547534,False,,,,,-1.0,False
4162,Financial Services,Asset Management (1),IVZ,SEIC,0.3658061043207928,0.3545019965814548,0.0400519799463304,False,,,,,-1.0,False
4163,Financial Services,Asset Management (1),IVZ,JHG,0.1694676791222505,0.1694676791222505,0.0221228684201957,False,,,,,-1.0,False
4164,Financial Services,Asset Management (1),IVZ,FHI,0.4603457536007437,0.4243361540503386,0.0203882775428041,False,,,,,-1.0,False
4165,Financial Services,Asset Management (1),IVZ,CNS,0.3583315613161881,0.3583315613161881,0.0411627257647366,False,,,,,-1.0,False
4166,Financial Services,Asset Management (1),IVZ,AB,0.2989069175557084,0.2126009701829045,0.0356239351206063,False,,,,,-1.0,False
4167,Financial Services,Asset Management (1),IVZ,APAM,0.3695365120977001,0.3695365120977001,0.0574439933492688,False,,,,,-1.0,False
4168,Financial Services,Asset Management (1),SEIC,JHG,0.0325510491998486,0.0325510491998486,0.0801690541816165,False,,,,,-1.0,False
4169,Financial Services,Asset Management (1),SEIC,FHI,0.2413993920775577,0.2309903334647071,0.0230217858043562,False,,,,,-1.0,False
4170,Financial Services,Asset Management (1),SEIC,CNS,0.2488349448599341,0.208612068221416,0.0280792134579329,False,,,,,-1.0,False
4171,Financial Services,Asset Management (1),SEIC,AB,0.1438681194654573,0.0980657847184014,0.0243783860236972,False,,,,,-1.0,False
4172,Financial Services,Asset Management (1),SEIC,APAM,0.2849575079407614,0.2849575079407614,0.0247915879132096,False,,,,,-1.0,False
4173,Financial Services,Asset Management (1),JHG,FHI,0.0108696911265061,-0.0154069842142942,0.0766308292351433,False,,,,,-1.0,False
4174,Financial Services,Asset Management (1),JHG,CNS,0.132564797467973,0.0686282419398205,0.0405796826753737,False,,,,,-1.0,False
4175,Financial Services,Asset Management (1),JHG,AB,0.0194651936541392,-0.0383518563119017,0.0347797209010596,False,,,,,-1.0,False
4176,Financial Services,Asset Management (1),JHG,APAM,0.0666545590450911,0.0666545590450911,0.0468140490178634,False,,,,,-1.0,False
4177,Financial Services,Asset Management (1),FHI,CNS,0.4328909857011695,0.4001109625441437,0.0351744381463741,False,,,,,-1.0,False
4178,Financial Services,Asset Management (1),FHI,AB,0.3272249681953412,0.2334651562186259,0.0356966213428395,False,,,,,-1.0,False
4179,Financial Services,Asset Management (1),FHI,APAM,0.4573169762782917,0.4040999206163866,0.0310149404728882,False,,,,,-1.0,False
4180,Financial Services,Asset Management (1),CNS,AB,0.3821605065347116,0.2871342642346925,0.0397818361419378,False,,,,,-1.0,False
4181,Financial Services,Asset Management (1),CNS,APAM,0.4972450128841592,0.4857176351832263,0.0265923423522479,False,,,,,-1.0,False
4182,Financial Services,Asset Management (1),AB,APAM,0.3230151494745302,0.2753896214491338,0.0304035931604797,False,,,,,-1.0,False
4183,Financial Services,Asset Management (2),BX,HLNE,0.6643591801140379,0.6471100332168941,0.0089647153953841,False,,,,,-1.0,False
4184,Financial Services,Asset Management (2),BX,MAIN,0.4643144414485127,0.4347999907091658,0.0124715690631011,False,,,,,-1.0,False
4185,Financial Services,Asset Management (2),BX,HTGC,0.4272587177853623,0.4272587177853623,0.0124766617478125,False,,,,,-1.0,False
4186,Financial Services,Asset Management (2),BX,GCMG,0.6148680833748987,0.5829404607432649,0.0202265885369818,False,,,,,-1.0,False
4187,Financial Services,Asset Management (2),BX,PAX,0.4071739873345296,0.3269766412064381,0.0394042124557619,False,,,,,-1.0,False
4188,Financial Services,Asset Management (2),BX,TRIN,0.3728566538905625,0.2715101815199295,0.0413275910478113,False,,,,,-1.0,False
4189,Financial Services,Asset Management (2),BX,CSWC,0.4602315938334091,0.4310313987307758,0.0118849290840134,False,,,,,-1.0,False
4190,Financial Services,Asset Management (2),BN,KKR,0.686078704279058,0.6118718797407107,0.0317490770271501,False,,,,,-1.0,False
4191,Financial Services,Asset Management (2),BN,APO,0.698191219375336,0.6297942063805811,0.0361414627817999,False,,,,,-1.0,False
4192,Financial Services,Asset Management (2),BN,ARES,0.6743174877599868,0.6082964679210029,0.021038746342109,False,,,,,-1.0,False
4193,Financial Services,Asset Management (2),BN,OWL,0.6350047522881109,0.5521375258900084,0.0294685303029756,False,,,,,-1.0,False
4194,Financial Services,Asset Management (2),BN,STEP,0.4693963023502451,0.4318246081637637,0.0138317107545873,False,,,,,-1.0,False
4195,Financial Services,Asset Management (2),BN,HLNE,0.5571879872674326,0.4866738464988995,0.0235019958236037,False,,,,,-1.0,False
4196,Financial Services,Asset Management (2),BN,MAIN,0.3817149154483708,0.3779542098725734,0.0226907137772735,False,,,,,-1.0,False
4197,Financial Services,Asset Management (2),BN,HTGC,0.3012892522009429,0.3012892522009429,0.061917445186548,False,,,,,-1.0,False
4198,Financial Services,Asset Management (2),BN,GCMG,0.5580520506219075,0.4829242677173785,0.0274972298080507,False,,,,,-1.0,False
4199,Financial Services,Asset Management (2),BN,PAX,0.3865747286974658,0.3697514090460148,0.019145159875567,False,,,,,-1.0,False
4200,Financial Services,Asset Management (2),BN,TRIN,0.3791567776631007,0.3791567776631007,0.0338489514030329,False,,,,,-1.0,False
4201,Financial Services,Asset Management (2),BN,CSWC,0.4994612470521646,0.4653770752306617,0.0439417004347536,False,,,,,-1.0,False
4202,Financial Services,Asset Management (2),KKR,OWL,0.5892145861392254,0.5887950593278686,0.0187003636861074,False,,,,,-1.0,False
4203,Financial Services,Asset Management (2),KKR,STEP,0.6312043055368735,0.6099055533511695,0.0095456116015636,False,,,,,-1.0,False
4204,Financial Services,Asset Management (2),KKR,HLNE,0.6542698863678391,0.5901886603018351,0.0235887904309372,False,,,,,-1.0,False
4205,Financial Services,Asset Management (2),KKR,MAIN,0.4314056503200402,0.3895375292590151,0.0171807337480141,False,,,,,-1.0,False
4206,Financial Services,Asset Management (2),KKR,HTGC,0.4690931190885313,0.4393787748680323,0.0207296982506138,False,,,,,-1.0,False
4207,Financial Services,Asset Management (2),KKR,GCMG,0.5714333356476173,0.4495455598316747,0.0495291675487404,False,,,,,-1.0,False
4208,Financial Services,Asset Management (2),KKR,PAX,0.4175564891230726,0.3171460485213932,0.0455079354053268,False,,,,,-1.0,False
4209,Financial Services,Asset Management (2),KKR,TRIN,0.3625555189619247,0.2712308369089174,0.0375245366088342,False,,,,,-1.0,False
4210,Financial Services,Asset Management (2),KKR,CSWC,0.4189121034886274,0.3641275211266089,0.0190938939562793,False,,,,,-1.0,False
4211,Financial Services,Asset Management (2),APO,STEP,0.5323864077907783,0.491733137067458,0.0180111253152671,False,,,,,-1.0,False
4212,Financial Services,Asset Management (2),APO,HLNE,0.5430875088922441,0.4774883708527974,0.0264126818808007,False,,,,,-1.0,False
4213,Financial Services,Asset Management (2),APO,MAIN,0.3615254015023986,0.3268377549690437,0.0235975849463354,False,,,,,-1.0,False
4214,Financial Services,Asset Management (2),APO,HTGC,0.3571073299161084,0.2668584590342311,0.0351698382135708,False,,,,,-1.0,False
4215,Financial Services,Asset Management (2),APO,GCMG,0.4884414326786317,0.3368594847187963,0.0600082411149131,False,,,,,-1.0,False
4216,Financial Services,Asset Management (2),APO,PAX,0.4455744420604274,0.3138091028730558,0.055811629802421,False,,,,,-1.0,False
4217,Financial Services,Asset Management (2),APO,TRIN,0.3615971838574385,0.2315027670914261,0.0552947083721019,False,,,,,-1.0,False
4218,Financial Services,Asset Management (2),APO,CSWC,0.3423973034835639,0.3035406792345942,0.0227594449724044,False,,,,,-1.0,False
4219,Financial Services,Asset Management (2),ARES,CG,0.6616784982105596,0.6481854891159369,0.0177340351927669,False,,,,,-1.0,False
4220,Financial Services,Asset Management (2),ARES,STEP,0.549744940770351,0.5295787406400845,0.0272423691539125,False,,,,,-1.0,False
4221,Financial Services,Asset Management (2),ARES,HLNE,0.6399764922257695,0.6114240823360406,0.0182855519350562,False,,,,,-1.0,False
4222,Financial Services,Asset Management (2),ARES,MAIN,0.5075109993221179,0.488757860939145,0.0161065959685782,False,,,,,-1.0,False
4223,Financial Services,Asset Management (2),ARES,HTGC,0.4106241311485923,0.3810694479726251,0.0152936923714141,False,,,,,-1.0,False
4224,Financial Services,Asset Management (2),ARES,GCMG,0.5759693274399088,0.5312541679702909,0.0265394432646131,False,,,,,-1.0,False
4225,Financial Services,Asset Management (2),ARES,PAX,0.4075345894090625,0.3548058534368128,0.0214841817767059,False,,,,,-1.0,False
4226,Financial Services,Asset Management (2),ARES,TRIN,0.3685056506490596,0.3202281943781712,0.0157731747214775,False,,,,,-1.0,False
4227,Financial Services,Asset Management (2),ARES,CSWC,0.3906725578235949,0.3674396357136181,0.0278213997829228,False,,,,,-1.0,False
4228,Financial Services,Asset Management (2),CG,OWL,0.646741711030931,0.627021113556661,0.0082609901257575,False,,,,,-1.0,False
4229,Financial Services,Asset Management (2),CG,STEP,0.6294150087300749,0.6150341247620889,0.006707818004966,False,,,,,-1.0,False
4230,Financial Services,Asset Management (2),CG,HLNE,0.6398818860882379,0.6160919850829059,0.0091461627309018,False,,,,,-1.0,False
4231,Financial Services,Asset Management (2),CG,MAIN,0.3967045303951486,0.3589913504916232,0.0180580680216702,False,,,,,-1.0,False
4232,Financial Services,Asset Management (2),CG,HTGC,0.3237403688856443,0.3237403688856443,0.0478522136478896,False,,,,,-1.0,False
4233,Financial Services,Asset Management (2),CG,GCMG,0.5578821871101486,0.4827236929223508,0.027896104460502,False,,,,,-1.0,False
4234,Financial Services,Asset Management (2),CG,PAX,0.5159309896122057,0.3940173332969185,0.0528536562545432,False,,,,,-1.0,False
4235,Financial Services,Asset Management (2),CG,TRIN,0.4125835725597602,0.4081082360049614,0.0154612623997784,False,,,,,-1.0,False
4236,Financial Services,Asset Management (2),CG,CSWC,0.4286815716657459,0.4170455909568849,0.0200359019179017,False,,,,,-1.0,False
4237,Financial Services,Asset Management (2),OWL,STEP,0.6194612964533737,0.6041200266166552,0.0097179990103559,False,,,,,-1.0,False
4238,Financial Services,Asset Management (2),OWL,HLNE,0.6348331227779638,0.6205862911507107,0.0136502208183572,False,,,,,-1.0,False
4239,Financial Services,Asset Management (2),OWL,MAIN,0.5247421641268639,0.5225632303493958,0.0106739660404837,False,,,,,-1.0,False
4240,Financial Services,Asset Management (2),OWL,HTGC,0.4635010599519505,0.4351122229618466,0.0177191976350508,False,,,,,-1.0,False
4241,Financial Services,Asset Management (2),OWL,GCMG,0.4782900124470286,0.4276481272663275,0.0182090104322817,False,,,,,-1.0,False
4242,Financial Services,Asset Management (2),OWL,PAX,0.4742062384349895,0.3656271222769145,0.0348685450762604,False,,,,,-1.0,False
4243,Financial Services,Asset Management (2),OWL,TRIN,0.4278796240871911,0.3395171936870194,0.0281026531649344,False,,,,,-1.0,False
4244,Financial Services,Asset Management (2),OWL,CSWC,0.3938644029240268,0.355274829703456,0.0288342866003276,False,,,,,-1.0,False
4245,Financial Services,Asset Management (2),STEP,MAIN,0.2646584173279988,0.2646584173279988,0.0365109446302039,False,,,,,-1.0,False
4246,Financial Services,Asset Management (2),STEP,HTGC,0.2497784082630675,0.2497784082630675,0.0470311703951298,False,,,,,-1.0,False
4247,Financial Services,Asset Management (2),STEP,GCMG,0.5598696236049899,0.5117877165255176,0.0215777633176247,False,,,,,-1.0,False
4248,Financial Services,Asset Management (2),STEP,PAX,0.3126887341736458,0.2916102945039463,0.0191376924127404,False,,,,,-1.0,False
4249,Financial Services,Asset Management (2),STEP,TRIN,0.2300293431031296,0.2243808498563416,0.039392248035759,False,,,,,-1.0,False
4250,Financial Services,Asset Management (2),STEP,CSWC,0.2958889279391968,0.2647539924140965,0.0221157006988164,False,,,,,-1.0,False
4251,Financial Services,Asset Management (2),HLNE,MAIN,0.3592835036774471,0.351845303208165,0.0114838348200611,False,,,,,-1.0,False
4252,Financial Services,Asset Management (2),HLNE,HTGC,0.3515815745908842,0.3439689546691092,0.0379448954281408,False,,,,,-1.0,False
4253,Financial Services,Asset Management (2),HLNE,GCMG,0.5291632739266533,0.5176169406855755,0.0228486711998127,False,,,,,-1.0,False
4254,Financial Services,Asset Management (2),HLNE,PAX,0.4273170930123379,0.3615371026127177,0.0280981097999509,False,,,,,-1.0,False
4255,Financial Services,Asset Management (2),HLNE,TRIN,0.3252216096563658,0.2947330443852522,0.0298335175625237,False,,,,,-1.0,False
4256,Financial Services,Asset Management (2),HLNE,CSWC,0.3070372769695275,0.2819789329376971,0.0233691823979448,False,,,,,-1.0,False
4257,Financial Services,Asset Management (2),MAIN,HTGC,0.5058909359896064,0.5044075180472067,0.0176727750279953,False,,,,,-1.0,False
4258,Financial Services,Asset Management (2),MAIN,GCMG,0.3973761724584088,0.391618943422962,0.0463394596883517,False,,,,,-1.0,False
4259,Financial Services,Asset Management (2),MAIN,PAX,0.2312638034344409,0.2312638034344409,0.0286208521018695,False,,,,,-1.0,False
4260,Financial Services,Asset Management (2),MAIN,TRIN,0.4232596861474053,0.4188588870584364,0.0181008340936642,False,,,,,-1.0,False
4261,Financial Services,Asset Management (2),MAIN,CSWC,0.4469480986548046,0.4469480986548046,0.0286229795707163,False,,,,,-1.0,False
4262,Financial Services,Asset Management (2),HTGC,GCMG,0.2923030616579333,0.2912393125961336,0.0551191362691447,False,,,,,-1.0,False
4263,Financial Services,Asset Management (2),HTGC,PAX,0.2884084256686272,0.2884084256686272,0.0534665924117233,False,,,,,-1.0,False
4264,Financial Services,Asset Management (2),HTGC,TRIN,0.5238662956075859,0.5238662956075859,0.0354059545827847,False,,,,,-1.0,False
4265,Financial Services,Asset Management (2),HTGC,CSWC,0.3938390418352167,0.3938390418352167,0.0328773865261197,False,,,,,-1.0,False
4266,Financial Services,Asset Management (2),GCMG,PAX,0.4710391628042494,0.449349596581197,0.0239059604245884,False,,,,,-1.0,False
4267,Financial Services,Asset Management (2),GCMG,TRIN,0.3067837585039704,0.2699613271074406,0.0740610583842804,False,,,,,-1.0,False
4268,Financial Services,Asset Management (2),GCMG,CSWC,0.37443645158239,0.3356504452311684,0.046724258744721,False,,,,,-1.0,False
4269,Financial Services,Asset Management (2),PAX,TRIN,0.2749954068949135,0.2749954068949135,0.0637220512564159,False,,,,,-1.0,False
4270,Financial Services,Asset Management (2),PAX,CSWC,0.1960905199356527,0.1960905199356527,0.0655020489086135,False,,,,,-1.0,False
4271,Financial Services,Asset Management (2),TRIN,CSWC,0.5492389064293912,0.5492389064293912,0.0390530632385751,False,,,,,-1.0,False
4272,Financial Services,Asset Management (3),ARCC,BXSL,0.6133367096451299,0.6098439444770236,0.0446143374416948,False,,,,,-1.0,False
4273,Financial Services,Asset Management (3),ARCC,OBDC,0.5758530568928732,0.5758530568928732,0.0518574454724188,False,,,,,-1.0,False
4274,Financial Services,Asset Management (3),ARCC,GBDC,0.649727400158479,0.649727400158479,0.0150924517206844,False,,,,,-1.0,False
4275,Financial Services,Asset Management (3),ARCC,TSLX,0.4521030965246378,0.4521030965246378,0.0342802032603392,False,,,,,-1.0,False
4276,Financial Services,Asset Management (3),ARCC,MSDL,0.6029441195384634,0.5982003784101699,0.0104315387050701,False,,,,,-1.0,False
4277,Financial Services,Asset Management (3),BXSL,OBDC,0.5049300891361039,0.4986134379894629,0.0635133201108628,False,,,,,-1.0,False
4278,Financial Services,Asset Management (3),BXSL,GBDC,0.4624326601023792,0.4624326601023792,0.0632581346293079,False,,,,,-1.0,False
4279,Financial Services,Asset Management (3),BXSL,FSK,0.6636643156990087,0.647523333558376,0.0100055317353439,False,,,,,-1.0,False
4280,Financial Services,Asset Management (3),BXSL,TSLX,0.3598792849857588,0.3598792849857588,0.039763594301583,False,,,,,-1.0,False
4281,Financial Services,Asset Management (3),BXSL,MSDL,0.5908285889195936,0.5908285889195936,0.0202559734305322,False,,,,,-1.0,False
4282,Financial Services,Asset Management (3),OBDC,GBDC,0.3346504588269046,0.3322480626963359,0.0524974291935312,False,,,,,-1.0,False
4283,Financial Services,Asset Management (3),OBDC,FSK,0.5485155763390878,0.543371532944214,0.0360462377265018,False,,,,,-1.0,False
4284,Financial Services,Asset Management (3),OBDC,TSLX,0.3276700810425011,0.3276700810425011,0.030982530700159,False,,,,,-1.0,False
4285,Financial Services,Asset Management (3),OBDC,MSDL,0.5284338316202764,0.4573304918542319,0.0311934182344612,False,,,,,-1.0,False
4286,Financial Services,Asset Management (3),GBDC,FSK,0.4557995561362198,0.4374710293097524,0.0108588715179563,False,,,,,-1.0,False
4287,Financial Services,Asset Management (3),GBDC,TSLX,0.360742878165866,0.360742878165866,0.0450252550006461,False,,,,,-1.0,False
4288,Financial Services,Asset Management (3),GBDC,MSDL,0.4664001423188086,0.4664001423188086,0.0299933881298241,False,,,,,-1.0,False
4289,Financial Services,Asset Management (3),FSK,TSLX,0.4147904634292544,0.4051938293057822,0.0045700500451352,False,,,,,-1.0,False
4290,Financial Services,Asset Management (3),FSK,MSDL,0.5584068534856824,0.5442743839912925,0.0119900414173403,False,,,,,-1.0,False
4291,Financial Services,Asset Management (3),TSLX,MSDL,0.4501979956784512,0.424281631840771,0.0089281751332825,False,,,,,-1.0,False
4292,Financial Services,Asset Management (4),AMP,STT,0.3744972251015764,0.3735905023228028,0.0343059738929777,False,,,,,-1.0,False
4293,Financial Services,Asset Management (4),AMP,NTRS,0.4209640774538748,0.4197478900817258,0.0234963267893554,False,,,,,-1.0,False
4294,Financial Services,Asset Management (4),AMP,PFG,0.4188276834479352,0.3925943795976829,0.025490637379775,False,,,,,-1.0,False
4295,Financial Services,Asset Management (4),AMP,TPG,0.3954541304744389,0.3734954327677283,0.0221652070783742,False,,,,,-1.0,False
4296,Financial Services,Asset Management (4),AMP,CRBG,0.3165106347653985,0.3014163535035032,0.0230268375440065,False,,,,,-1.0,False
4297,Financial Services,Asset Management (4),AMP,EQH,0.4097140891117773,0.3593148642964399,0.0210758172935681,False,,,,,-1.0,False
4298,Financial Services,Asset Management (4),AMP,AMG,0.495170331573858,0.495170331573858,0.056643178208522,False,,,,,-1.0,False
4299,Financial Services,Asset Management (4),AMP,VCTR,0.5509421289596267,0.5509421289596267,0.0252195932560538,False,,,,,-1.0,False
4300,Financial Services,Asset Management (4),AMP,WT,0.2679031459303019,0.2679031459303019,0.0237261641774558,False,,,,,-1.0,False
4301,Financial Services,Asset Management (4),STT,NTRS,0.6073640473644164,0.6073640473644164,0.0362995241946109,False,,,,,-1.0,False
4302,Financial Services,Asset Management (4),STT,RJF,0.457482086241799,0.4501656741745123,0.0186937368214132,False,,,,,-1.0,False
4303,Financial Services,Asset Management (4),STT,PFG,0.2527203754415319,0.2527203754415319,0.0642800841093947,False,,,,,-1.0,False
4304,Financial Services,Asset Management (4),STT,TPG,0.3574490092001615,0.3078690840854934,0.019010564104853,False,,,,,-1.0,False
4305,Financial Services,Asset Management (4),STT,CRBG,0.2758738642763285,0.2721320819955871,0.0424639688649644,False,,,,,-1.0,False
4306,Financial Services,Asset Management (4),STT,EQH,0.1677099331333764,0.1677099331333764,0.0437421913763936,False,,,,,-1.0,False
4307,Financial Services,Asset Management (4),STT,AMG,0.4662741417702526,0.4128978771813158,0.0254167987522348,False,,,,,-1.0,False
4308,Financial Services,Asset Management (4),STT,VCTR,0.4328183918570804,0.4257161870903091,0.0077561585122473,False,,,,,-1.0,False
4309,Financial Services,Asset Management (4),STT,WT,0.3457483584715118,0.3457483584715118,0.0260540545596484,False,,,,,-1.0,False
4310,Financial Services,Asset Management (4),NTRS,RJF,0.4031017353179917,0.4031017353179917,0.0340829842004888,False,,,,,-1.0,False
4311,Financial Services,Asset Management (4),NTRS,PFG,0.2274939678469738,0.2103214001856652,0.0274139100112953,False,,,,,-1.0,False
4312,Financial Services,Asset Management (4),NTRS,TPG,0.2850315254472203,0.1985283182145629,0.029815830342325,False,,,,,-1.0,False
4313,Financial Services,Asset Management (4),NTRS,CRBG,0.1696325156000014,0.1696325156000014,0.0201902596341627,False,,,,,-1.0,False
4314,Financial Services,Asset Management (4),NTRS,EQH,0.25082367268189,0.2338436864641809,0.012740154345268,False,,,,,-1.0,False
4315,Financial Services,Asset Management (4),NTRS,AMG,0.3808101876825583,0.3808101876825583,0.0412985141087674,False,,,,,-1.0,False
4316,Financial Services,Asset Management (4),NTRS,VCTR,0.401646597514435,0.3622676819243612,0.0147879668205084,False,,,,,-1.0,False
4317,Financial Services,Asset Management (4),NTRS,WT,0.3604376959080585,0.3482707155479557,0.0102094710548422,False,,,,,-1.0,False
4318,Financial Services,Asset Management (4),RJF,PFG,0.3367036907567818,0.3123041340358887,0.0241240831689476,False,,,,,-1.0,False
4319,Financial Services,Asset Management (4),RJF,TPG,0.4063215069351454,0.3688833099480768,0.030535958542396,False,,,,,-1.0,False
4320,Financial Services,Asset Management (4),RJF,CRBG,0.3715845905003334,0.3715845905003334,0.020054246398471,False,,,,,-1.0,False
4321,Financial Services,Asset Management (4),RJF,EQH,0.3984891818457026,0.3984891818457026,0.0202127719296244,False,,,,,-1.0,False
4322,Financial Services,Asset Management (4),RJF,AMG,0.4862433042111874,0.4862433042111874,0.034884839849799,False,,,,,-1.0,False
4323,Financial Services,Asset Management (4),RJF,VCTR,0.5164331568591216,0.5164331568591216,0.0164151653806921,False,,,,,-1.0,False
4324,Financial Services,Asset Management (4),RJF,WT,0.3925459493215367,0.3925459493215367,0.0101131838601202,False,,,,,-1.0,False
4325,Financial Services,Asset Management (4),PFG,TPG,0.2420676926401451,0.2247487929083747,0.0237521008162644,False,,,,,-1.0,False
4326,Financial Services,Asset Management (4),PFG,CRBG,0.295263511110048,0.295263511110048,0.0338422890735983,False,,,,,-1.0,False
4327,Financial Services,Asset Management (4),PFG,EQH,0.4315786809429433,0.4315786809429433,0.019779742238827,False,,,,,-1.0,False
4328,Financial Services,Asset Management (4),PFG,AMG,0.2751791071664511,0.2473403592774841,0.016756704729702,False,,,,,-1.0,False
4329,Financial Services,Asset Management (4),PFG,VCTR,0.451538071420332,0.3954138681544339,0.0399870926847195,False,,,,,-1.0,False
4330,Financial Services,Asset Management (4),PFG,WT,0.0949824615595542,0.0949824615595542,0.0564882064119963,False,,,,,-1.0,False
4331,Financial Services,Asset Management (4),TPG,CRBG,0.4526369534032599,0.3939841612281716,0.0184573986418949,False,,,,,-1.0,False
4332,Financial Services,Asset Management (4),TPG,EQH,0.373808023249832,0.2943662057988434,0.0251549189523756,False,,,,,-1.0,False
4333,Financial Services,Asset Management (4),TPG,AMG,0.4324451238816348,0.3974677186701914,0.020885674147036,False,,,,,-1.0,False
4334,Financial Services,Asset Management (4),TPG,VCTR,0.4029058461202441,0.3285780355665452,0.0286419233291427,False,,,,,-1.0,False
4335,Financial Services,Asset Management (4),TPG,WT,0.2978929705936343,0.2626626084462579,0.0162063923026728,False,,,,,-1.0,False
4336,Financial Services,Asset Management (4),CRBG,AMG,0.367209218067331,0.3124637429292249,0.0398641149512829,False,,,,,-1.0,False
4337,Financial Services,Asset Management (4),CRBG,VCTR,0.3514469964909024,0.3513565119273061,0.0459608613894029,False,,,,,-1.0,False
4338,Financial Services,Asset Management (4),CRBG,WT,0.1803728103609259,0.1803728103609259,0.0705151870159922,False,,,,,-1.0,False
4339,Financial Services,Asset Management (4),EQH,AMG,0.3098628370073318,0.3098628370073318,0.0331936537626368,False,,,,,-1.0,False
4340,Financial Services,Asset Management (4),EQH,VCTR,0.4010174843540169,0.3799421504038918,0.0449655664900625,False,,,,,-1.0,False
4341,Financial Services,Asset Management (4),EQH,WT,0.1866176334170488,0.1866176334170488,0.0580993193819316,False,,,,,-1.0,False
4342,Financial Services,Asset Management (4),AMG,VCTR,0.5385515265324073,0.5385515265324073,0.0362091417443839,False,,,,,-1.0,False
4343,Financial Services,Asset Management (4),AMG,WT,0.3370264520029086,0.3370264520029086,0.0263844043001521,False,,,,,-1.0,False
4344,Financial Services,Asset Management (4),VCTR,WT,0.4181765632785257,0.4049344808004379,0.0246266340267569,False,,,,,-1.0,False
4345,Financial Services,Insurance - Property & Casualty (1),CB,TRV,0.6083244690464714,0.6083244690464714,0.0530866274626608,False,,,,,-1.0,False
4346,Financial Services,Insurance - Property & Casualty (1),CB,L,0.6366634463820586,0.5786003509320008,0.0204943724978014,False,,,,,-1.0,False
4347,Financial Services,Insurance - Property & Casualty (1),CB,CNA,0.6028215283859386,0.5286388258729571,0.0293215935691402,False,,,,,-1.0,False
4348,Financial Services,Insurance - Property & Casualty (1),CB,SIGI,0.6532452830540115,0.5833638435610846,0.0239696559737275,False,,,,,-1.0,False
4349,Financial Services,Insurance - Property & Casualty (1),CB,RLI,0.6534764445443281,0.5803076222673366,0.0251530018536092,False,,,,,-1.0,False
4350,Financial Services,Insurance - Property & Casualty (1),CB,HMN,0.6255503147539944,0.6119655314819232,0.0233671320142202,False,,,,,-1.0,False
4351,Financial Services,Insurance - Property & Casualty (1),CB,KMPR,0.486652708063661,0.4030109529840416,0.0426257540721482,False,,,,,-1.0,False
4352,Financial Services,Insurance - Property & Casualty (1),TRV,CINF,0.641167459169162,0.6354220343012944,0.0291589435849006,False,,,,,-1.0,False
4353,Financial Services,Insurance - Property & Casualty (1),TRV,WRB,0.5826132856335237,0.5826132856335237,0.0322915077443836,False,,,,,-1.0,False
4354,Financial Services,Insurance - Property & Casualty (1),TRV,L,0.5387709783971869,0.5387709783971869,0.064097638788242,False,,,,,-1.0,False
4355,Financial Services,Insurance - Property & Casualty (1),TRV,CNA,0.4974948503099504,0.4974948503099504,0.0370058144046255,False,,,,,-1.0,False
4356,Financial Services,Insurance - Property & Casualty (1),TRV,SIGI,0.4721299794845262,0.4721299794845262,0.0350732090305265,False,,,,,-1.0,False
4357,Financial Services,Insurance - Property & Casualty (1),TRV,RLI,0.5241010844728146,0.4756602269972194,0.0299626680888313,False,,,,,-1.0,False
4358,Financial Services,Insurance - Property & Casualty (1),TRV,HMN,0.5394000775380089,0.5394000775380089,0.0359090476757687,False,,,,,-1.0,False
4359,Financial Services,Insurance - Property & Casualty (1),TRV,KMPR,0.3555427991901247,0.3555427991901247,0.0679052940017448,False,,,,,-1.0,False
4360,Financial Services,Insurance - Property & Casualty (1),CINF,WRB,0.5989772291372953,0.5666514582210737,0.0279891675126835,False,,,,,-1.0,False
4361,Financial Services,Insurance - Property & Casualty (1),CINF,CNA,0.6127047410055128,0.5942809458818646,0.0209559142045648,False,,,,,-1.0,False
4362,Financial Services,Insurance - Property & Casualty (1),CINF,SIGI,0.6559386568183146,0.6418911954736641,0.0118729746826665,False,,,,,-1.0,False
4363,Financial Services,Insurance - Property & Casualty (1),CINF,RLI,0.6301315032721136,0.5041434565308004,0.043455856144011,False,,,,,-1.0,False
4364,Financial Services,Insurance - Property & Casualty (1),CINF,HMN,0.6592000258838631,0.6099789356357445,0.0204882879970331,False,,,,,-1.0,False
4365,Financial Services,Insurance - Property & Casualty (1),CINF,KMPR,0.4225379464806686,0.417992215806539,0.0374215539074065,False,,,,,-1.0,False
4366,Financial Services,Insurance - Property & Casualty (1),WRB,L,0.5267535972722976,0.5194877295756386,0.0104371963351337,False,,,,,-1.0,False
4367,Financial Services,Insurance - Property & Casualty (1),WRB,CNA,0.4417166580943754,0.4212402834994205,0.0095789179800594,False,,,,,-1.0,False
4368,Financial Services,Insurance - Property & Casualty (1),WRB,SIGI,0.4421189139342448,0.4421189139342448,0.0180217343525949,False,,,,,-1.0,False
4369,Financial Services,Insurance - Property & Casualty (1),WRB,RLI,0.5749988513622597,0.548276367227633,0.0116811860870161,False,,,,,-1.0,False
4370,Financial Services,Insurance - Property & Casualty (1),WRB,HMN,0.425868581516783,0.425868581516783,0.0167743369385208,False,,,,,-1.0,False
4371,Financial Services,Insurance - Property & Casualty (1),WRB,KMPR,0.4106329230245333,0.3727221343323606,0.015701876255362,False,,,,,-1.0,False
4372,Financial Services,Insurance - Property & Casualty (1),L,SIGI,0.6263585982785679,0.5526592099055588,0.0248453333166509,False,,,,,-1.0,False
4373,Financial Services,Insurance - Property & Casualty (1),L,RLI,0.5504103785082691,0.5018852498964212,0.0233037284093931,False,,,,,-1.0,False
4374,Financial Services,Insurance - Property & Casualty (1),L,HMN,0.6082027683966823,0.5733666652736357,0.0180034698714689,False,,,,,-1.0,False
4375,Financial Services,Insurance - Property & Casualty (1),L,KMPR,0.4114346635945252,0.4114346635945252,0.0296272459752783,False,,,,,-1.0,False
4376,Financial Services,Insurance - Property & Casualty (1),CNA,SIGI,0.5382888960280374,0.522530385237496,0.0104098405672969,False,,,,,-1.0,False
4377,Financial Services,Insurance - Property & Casualty (1),CNA,RLI,0.5855232894742811,0.5229496418817693,0.0237820655880705,False,,,,,-1.0,False
4378,Financial Services,Insurance - Property & Casualty (1),CNA,HMN,0.5691526251150663,0.5222274762708321,0.0242720819179478,False,,,,,-1.0,False
4379,Financial Services,Insurance - Property & Casualty (1),CNA,KMPR,0.4417817760948149,0.3497825040883953,0.0319075862246061,False,,,,,-1.0,False
4380,Financial Services,Insurance - Property & Casualty (1),SIGI,RLI,0.4220805858112182,0.3771288689576516,0.0231132183021251,False,,,,,-1.0,False
4381,Financial Services,Insurance - Property & Casualty (1),SIGI,HMN,0.6083799160032208,0.5795610043159882,0.0176136665387038,False,,,,,-1.0,False
4382,Financial Services,Insurance - Property & Casualty (1),SIGI,KMPR,0.303050006371828,0.303050006371828,0.0275922239191671,False,,,,,-1.0,False
4383,Financial Services,Insurance - Property & Casualty (1),RLI,HMN,0.5615949338378176,0.5202336154463286,0.0187315805548888,False,,,,,-1.0,False
4384,Financial Services,Insurance - Property & Casualty (1),RLI,KMPR,0.4529083169399236,0.3024459690832235,0.0508511846868801,False,,,,,-1.0,False
4385,Financial Services,Insurance - Property & Casualty (1),HMN,KMPR,0.3469969227352493,0.3469969227352493,0.0362839820961407,False,,,,,-1.0,False
4386,Financial Services,Insurance - Property & Casualty (2),PGR,AFG,0.6123967223580908,0.5145746450218717,0.033785810476473,False,,,,,-1.0,False
4387,Financial Services,Insurance - Property & Casualty (2),PGR,KNSL,0.5083163956333226,0.35164412106822,0.0537053526383956,False,,,,,-1.0,False
4388,Financial Services,Insurance - Property & Casualty (2),PGR,THG,0.5687337420278168,0.5049800006307976,0.0248784647186608,False,,,,,-1.0,False
4389,Financial Services,Insurance - Property & Casualty (2),PGR,PLMR,0.5374406905065643,0.4462928216629841,0.0346980324168995,False,,,,,-1.0,False
4390,Financial Services,Insurance - Property & Casualty (2),PGR,SKWD,0.3966196507589502,0.2329844905926364,0.0554517093649326,False,,,,,-1.0,False
4391,Financial Services,Insurance - Property & Casualty (2),PGR,UFCS,0.4547600135810352,0.2866701410180067,0.0610356282952538,False,,,,,-1.0,False
4392,Financial Services,Insurance - Property & Casualty (2),AFG,KNSL,0.4485522362210419,0.4017169634707536,0.0187555359094412,False,,,,,-1.0,False
4393,Financial Services,Insurance - Property & Casualty (2),AFG,PLMR,0.4474606667169366,0.3872734900984359,0.0263201428595317,False,,,,,-1.0,False
4394,Financial Services,Insurance - Property & Casualty (2),AFG,SKWD,0.4951206072548345,0.4349447433892558,0.0198651317604072,False,,,,,-1.0,False
4395,Financial Services,Insurance - Property & Casualty (2),AFG,UFCS,0.5746965266952831,0.528596497577552,0.0175041744528495,False,,,,,-1.0,False
4396,Financial Services,Insurance - Property & Casualty (2),KNSL,THG,0.4141924862645154,0.3548829380333181,0.0218089116148114,False,,,,,-1.0,False
4397,Financial Services,Insurance - Property & Casualty (2),KNSL,PLMR,0.7188605727239472,0.53973058985456,0.0573193178688418,False,,,,,-1.0,False
4398,Financial Services,Insurance - Property & Casualty (2),KNSL,SKWD,0.5685448375985181,0.4808620539383836,0.0274461301841613,False,,,,,-1.0,False
4399,Financial Services,Insurance - Property & Casualty (2),KNSL,UFCS,0.4623350301258828,0.3634318398879881,0.0331595624308142,False,,,,,-1.0,False
4400,Financial Services,Insurance - Property & Casualty (2),THG,PLMR,0.4695397860682695,0.4621580620649357,0.0261263411633137,False,,,,,-1.0,False
4401,Financial Services,Insurance - Property & Casualty (2),THG,SKWD,0.5541667908518864,0.5425534711475907,0.0096781966393454,False,,,,,-1.0,False
4402,Financial Services,Insurance - Property & Casualty (2),THG,UFCS,0.5864723637449881,0.5332416554333071,0.0192956049834048,False,,,,,-1.0,False
4403,Financial Services,Insurance - Property & Casualty (2),PLMR,SKWD,0.6817347356827541,0.6275941784453088,0.0183644044090437,False,,,,,-1.0,False
4404,Financial Services,Insurance - Property & Casualty (2),PLMR,UFCS,0.5509408436574388,0.4809037874602007,0.0293597371658042,False,,,,,-1.0,False
4405,Financial Services,Insurance - Property & Casualty (2),SKWD,UFCS,0.5635570831963086,0.4988691281925042,0.0224058865132235,False,,,,,-1.0,False
4406,Financial Services,Insurance - Property & Casualty (5),ALL,AIZ,0.4508691849140202,0.4508691849140202,0.0221738531343471,False,,,,,-1.0,False
4407,Financial Services,Insurance - Property & Casualty (5),ALL,ORI,0.527544423061111,0.4210224337274656,0.0417796289157272,False,,,,,-1.0,False
4408,Financial Services,Insurance - Property & Casualty (5),ALL,HGTY,0.3711118735097175,0.3091382649150101,0.0689846240377191,False,,,,,-1.0,False
4409,Financial Services,Insurance - Property & Casualty (5),ALL,STC,0.3375405770506705,0.2571605379989811,0.0434841522144038,False,,,,,-1.0,False
4410,Financial Services,Insurance - Property & Casualty (5),ALL,HCI,0.4050884670081615,0.3399994198318233,0.0227109218440585,False,,,,,-1.0,False
4411,Financial Services,Insurance - Property & Casualty (5),AIZ,ORI,0.5032709670281831,0.484895570819168,0.008643882270144,False,,,,,-1.0,False
4412,Financial Services,Insurance - Property & Casualty (5),AIZ,HGTY,0.361828977523509,0.3400020414341444,0.0117241108890724,False,,,,,-1.0,False
4413,Financial Services,Insurance - Property & Casualty (5),AIZ,STC,0.4094329927114164,0.3856942286719043,0.010324979649039,False,,,,,-1.0,False
4414,Financial Services,Insurance - Property & Casualty (5),AIZ,HCI,0.4570497552546052,0.4457426985477919,0.014680608606153,False,,,,,-1.0,False
4415,Financial Services,Insurance - Property & Casualty (5),ORI,HGTY,0.3857463200615316,0.3366073614458595,0.0372303734065421,False,,,,,-1.0,False
4416,Financial Services,Insurance - Property & Casualty (5),ORI,STC,0.4118713814570368,0.356217247496427,0.0220308165210657,False,,,,,-1.0,False
4417,Financial Services,Insurance - Property & Casualty (5),ORI,HCI,0.5030937543120937,0.456694815907408,0.021467984913671,False,,,,,-1.0,False
4418,Financial Services,Insurance - Property & Casualty (5),HGTY,STC,0.4431224051670881,0.4067013009293864,0.0152678367609975,False,,,,,-1.0,False
4419,Financial Services,Insurance - Property & Casualty (5),HGTY,HCI,0.3784831558959865,0.3216305001776462,0.0217594621441986,False,,,,,-1.0,False
4420,Financial Services,Insurance - Property & Casualty (5),STC,HCI,0.4882317475166204,0.4646879581011509,0.0155579549565867,False,,,,,-1.0,False
4421,Financial Services,Financial Data & Stock Exchanges,SPGI,CME,0.2508242231482949,0.2455411811750949,0.0397203275139002,False,,,,,-1.0,False
4422,Financial Services,Financial Data & Stock Exchanges,SPGI,ICE,0.5476900519246864,0.5218399783643534,0.0310653242130598,False,,,,,-1.0,False
4423,Financial Services,Financial Data & Stock Exchanges,SPGI,NDAQ,0.5274544286430769,0.504202863185837,0.0116722770110095,False,,,,,-1.0,False
4424,Financial Services,Financial Data & Stock Exchanges,SPGI,COIN,0.1309698219875893,0.1309698219875893,0.0604270418030932,False,,,,,-1.0,False
4425,Financial Services,Financial Data & Stock Exchanges,SPGI,CBOE,-0.0091886087877337,-0.018734198995274,0.0258519929266503,False,,,,,-1.0,False
4426,Financial Services,Financial Data & Stock Exchanges,SPGI,TRU,0.6784492128022966,0.638136881453435,0.0146192672814081,False,,,,,-1.0,False
4427,Financial Services,Financial Data & Stock Exchanges,SPGI,FDS,0.6027870570404852,0.5952166179959251,0.0209070832730986,False,,,,,-1.0,False
4428,Financial Services,Financial Data & Stock Exchanges,SPGI,MORN,0.6002469270126988,0.6002469270126988,0.0175469496205916,False,,,,,-1.0,False
4429,Financial Services,Financial Data & Stock Exchanges,CME,ICE,0.644002541350055,0.5564322534298506,0.0335504565479716,False,,,,,-1.0,False
4430,Financial Services,Financial Data & Stock Exchanges,CME,MCO,0.1094397534062743,-0.022274075559305,0.0682095546819359,False,,,,,-1.0,False
4431,Financial Services,Financial Data & Stock Exchanges,CME,NDAQ,0.4001546881607059,0.294553162419329,0.0451868255825796,False,,,,,-1.0,False
4432,Financial Services,Financial Data & Stock Exchanges,CME,COIN,0.0162326801061081,-0.0057492843924922,0.0493778687485705,False,,,,,-1.0,False
4433,Financial Services,Financial Data & Stock Exchanges,CME,MSCI,0.359707374255648,0.2549485429838919,0.0451906962693507,False,,,,,-1.0,False
4434,Financial Services,Financial Data & Stock Exchanges,CME,CBOE,0.5830917659471896,0.5830917659471896,0.0146399221454493,False,,,,,-1.0,False
4435,Financial Services,Financial Data & Stock Exchanges,CME,TRU,-0.009754468329599,-0.0455039284137608,0.0333781789823892,False,,,,,-1.0,False
4436,Financial Services,Financial Data & Stock Exchanges,CME,FDS,0.1282808619726026,0.0866985380064925,0.0211640884830269,False,,,,,-1.0,False
4437,Financial Services,Financial Data & Stock Exchanges,CME,MORN,0.1616638677128902,0.151049637290356,0.014899942150456,False,,,,,-1.0,False
4438,Financial Services,Financial Data & Stock Exchanges,ICE,MCO,0.484937628426416,0.4019512833686887,0.0399521463887149,False,,,,,-1.0,False
4439,Financial Services,Financial Data & Stock Exchanges,ICE,NDAQ,0.5713593647037418,0.5640022030248555,0.0320507455715671,False,,,,,-1.0,False
4440,Financial Services,Financial Data & Stock Exchanges,ICE,COIN,0.1468434518124846,0.1468434518124846,0.0395142923921911,False,,,,,-1.0,False
4441,Financial Services,Financial Data & Stock Exchanges,ICE,MSCI,0.5570577971705168,0.4813651088429097,0.0366346074887119,False,,,,,-1.0,False
4442,Financial Services,Financial Data & Stock Exchanges,ICE,CBOE,0.2546965231891163,0.2454432533558716,0.0143766537828779,False,,,,,-1.0,False
4443,Financial Services,Financial Data & Stock Exchanges,ICE,TRU,0.4024142384160064,0.3466850773774508,0.0191529590025866,False,,,,,-1.0,False
4444,Financial Services,Financial Data & Stock Exchanges,ICE,FDS,0.4306375094843775,0.3835885670611652,0.0162464276228794,False,,,,,-1.0,False
4445,Financial Services,Financial Data & Stock Exchanges,ICE,MORN,0.4560997480340402,0.4560997480340402,0.0074933788068335,False,,,,,-1.0,False
4446,Financial Services,Financial Data & Stock Exchanges,MCO,NDAQ,0.4405170279089788,0.3794591568696193,0.02082030990321,False,,,,,-1.0,False
4447,Financial Services,Financial Data & Stock Exchanges,MCO,COIN,0.011594985297367,0.011594985297367,0.0552594688806766,False,,,,,-1.0,False
4448,Financial Services,Financial Data & Stock Exchanges,MCO,MSCI,0.6049026197931746,0.5912739598591434,0.015324824335042,False,,,,,-1.0,False
4449,Financial Services,Financial Data & Stock Exchanges,MCO,CBOE,-0.0857556791775529,-0.1186321971435054,0.0156373850645601,False,,,,,-1.0,False
4450,Financial Services,Financial Data & Stock Exchanges,MCO,TRU,0.6914727336394181,0.5986261179191674,0.0375052474407641,False,,,,,-1.0,False
4451,Financial Services,Financial Data & Stock Exchanges,MCO,FDS,0.5733163552732409,0.5542089193850995,0.0070845923413822,False,,,,,-1.0,False
4452,Financial Services,Financial Data & Stock Exchanges,MCO,MORN,0.5792201214076683,0.5361751565303093,0.0270414062215145,False,,,,,-1.0,False
4453,Financial Services,Financial Data & Stock Exchanges,NDAQ,COIN,0.2446225656529181,0.2446225656529181,0.0607365657140179,False,,,,,-1.0,False
4454,Financial Services,Financial Data & Stock Exchanges,NDAQ,MSCI,0.4392791363960647,0.4076345123733259,0.0302477296150876,False,,,,,-1.0,False
4455,Financial Services,Financial Data & Stock Exchanges,NDAQ,CBOE,0.3357312053670115,0.2318427591314542,0.0407343974349796,False,,,,,-1.0,False
4456,Financial Services,Financial Data & Stock Exchanges,NDAQ,TRU,0.4401003887901332,0.4310333905628086,0.0055154364229175,False,,,,,-1.0,False
4457,Financial Services,Financial Data & Stock Exchanges,NDAQ,FDS,0.3903650288487273,0.3738988109291532,0.0171437306747254,False,,,,,-1.0,False
4458,Financial Services,Financial Data & Stock Exchanges,NDAQ,MORN,0.4162327150231842,0.3574648873227995,0.0223169754647245,False,,,,,-1.0,False
4459,Financial Services,Financial Data & Stock Exchanges,COIN,MSCI,-0.058123442229715,-0.058123442229715,0.0963594089382291,False,,,,,-1.0,False
4460,Financial Services,Financial Data & Stock Exchanges,COIN,CBOE,0.0424715180065217,0.0424715180065217,0.028650603677213,False,,,,,-1.0,False
4461,Financial Services,Financial Data & Stock Exchanges,COIN,TRU,0.0434991319713761,0.0434991319713761,0.0657008257710823,False,,,,,-1.0,False
4462,Financial Services,Financial Data & Stock Exchanges,COIN,FDS,-0.00849266636499,-0.00849266636499,0.0508529548964921,False,,,,,-1.0,False
4463,Financial Services,Financial Data & Stock Exchanges,COIN,MORN,-0.0156715135827638,-0.0156715135827638,0.0556098284812833,False,,,,,-1.0,False
4464,Financial Services,Financial Data & Stock Exchanges,MSCI,CBOE,0.1590984348413708,0.1468153394086521,0.0109494454016301,False,,,,,-1.0,False
4465,Financial Services,Financial Data & Stock Exchanges,MSCI,TRU,0.5006425116395631,0.4437434250754485,0.0251118520629874,False,,,,,-1.0,False
4466,Financial Services,Financial Data & Stock Exchanges,MSCI,FDS,0.5110179672578793,0.5014047640822251,0.0102258694103508,False,,,,,-1.0,False
4467,Financial Services,Financial Data & Stock Exchanges,MSCI,MORN,0.5859258439071162,0.5859258439071162,0.0243115461808369,False,,,,,-1.0,False
4468,Financial Services,Financial Data & Stock Exchanges,CBOE,TRU,-0.1173960035945979,-0.1216218973833605,0.0245973775736273,False,,,,,-1.0,False
4469,Financial Services,Financial Data & Stock Exchanges,CBOE,FDS,-0.0016767134590396,-0.0338392743447842,0.0118282482602164,False,,,,,-1.0,False
4470,Financial Services,Financial Data & Stock Exchanges,CBOE,MORN,0.1290858230136927,0.1264713776863989,0.0010699286973737,False,,,,,-1.0,False
4471,Financial Services,Financial Data & Stock Exchanges,TRU,FDS,0.488924702834766,0.4325663331440498,0.0201238388500899,False,,,,,-1.0,False
4472,Financial Services,Financial Data & Stock Exchanges,TRU,MORN,0.5171170972751166,0.4760583014332684,0.0193933995431219,False,,,,,-1.0,False
4473,Financial Services,Banks - Regional (1),PNC,FHN,0.5764087608135533,0.5462408350899987,0.0304308549424711,False,,,,,-1.0,False
4474,Financial Services,Banks - Regional (1),PNC,UMBF,0.5261056488303408,0.488003815290373,0.0171625928849534,False,,,,,-1.0,False
4475,Financial Services,Banks - Regional (1),PNC,BOKF,0.6795974673520528,0.5776611412929646,0.0384511981686631,False,,,,,-1.0,False
4476,Financial Services,Banks - Regional (1),PNC,CBSH,0.6835037922273834,0.5973904052561088,0.0330174414493729,False,,,,,-1.0,False
4477,Financial Services,Banks - Regional (1),PNC,SYBT,0.5649495044996742,0.4989425510611431,0.0221923320175017,False,,,,,-1.0,False
4478,Financial Services,Banks - Regional (1),TFC,FHN,0.6085146212493654,0.6085146212493654,0.0366652306760714,False,,,,,-1.0,False
4479,Financial Services,Banks - Regional (1),TFC,UMBF,0.5889969528464113,0.5889969528464113,0.026953670849059,False,,,,,-1.0,False
4480,Financial Services,Banks - Regional (1),TFC,SYBT,0.5901355762831978,0.5901355762831978,0.0162238704378298,False,,,,,-1.0,False
4481,Financial Services,Banks - Regional (1),FITB,KEY,0.662866023755881,0.6350829589485502,0.0128974126581762,False,,,,,-1.0,False
4482,Financial Services,Banks - Regional (1),FITB,FHN,0.5598271809138008,0.5598271809138008,0.0646207251723474,False,,,,,-1.0,False
4483,Financial Services,Banks - Regional (1),FITB,UMBF,0.547265974680429,0.5333061310662418,0.0217594774931416,False,,,,,-1.0,False
4484,Financial Services,Banks - Regional (1),FITB,SYBT,0.6774353243000154,0.6388562855271979,0.015335806810529,False,,,,,-1.0,False
4485,Financial Services,Banks - Regional (1),HBAN,FHN,0.6172901780837434,0.6172901780837434,0.0466796140469062,False,,,,,-1.0,False
4486,Financial Services,Banks - Regional (1),MTB,FHN,0.6063149787734321,0.6063149787734321,0.0713887505495593,False,,,,,-1.0,False
4487,Financial Services,Banks - Regional (1),CFG,FHN,0.5801078447787216,0.5801078447787216,0.0350963300164036,False,,,,,-1.0,False
4488,Financial Services,Banks - Regional (1),CFG,UMBF,0.5782863246621925,0.5300161108736513,0.021669683341436,False,,,,,-1.0,False
4489,Financial Services,Banks - Regional (1),CFG,BOKF,0.716383645750944,0.6037304289708354,0.0472323303253277,False,,,,,-1.0,False
4490,Financial Services,Banks - Regional (1),CFG,CBSH,0.6818704013665298,0.5938447694384641,0.0375440897194174,False,,,,,-1.0,False
4491,Financial Services,Banks - Regional (1),CFG,SYBT,0.6083340452182722,0.4732818934925624,0.0553488167581496,False,,,,,-1.0,False
4492,Financial Services,Banks - Regional (1),KEY,FHN,0.6210762334760652,0.6210762334760652,0.0538666492804421,False,,,,,-1.0,False
4493,Financial Services,Banks - Regional (1),KEY,CBSH,0.6617687852819812,0.6122960265740732,0.017813663397595,False,,,,,-1.0,False
4494,Financial Services,Banks - Regional (1),KEY,SYBT,0.6075351266901753,0.5974557776998329,0.0130576907204074,False,,,,,-1.0,False
4495,Financial Services,Banks - Regional (1),FHN,UMBF,0.6249911800659961,0.6249911800659961,0.0559856901671795,False,,,,,-1.0,False
4496,Financial Services,Banks - Regional (1),FHN,BOKF,0.6365123362206099,0.6365123362206099,0.0327752689532965,False,,,,,-1.0,False
4497,Financial Services,Banks - Regional (1),FHN,CBSH,0.641408712748412,0.641408712748412,0.0257911815034399,False,,,,,-1.0,False
4498,Financial Services,Banks - Regional (1),FHN,SYBT,0.5020714419462388,0.5020714419462388,0.0445897338746138,False,,,,,-1.0,False
4499,Financial Services,Banks - Regional (1),UMBF,CBSH,0.6560329772485729,0.6317639475056509,0.0146383099708757,False,,,,,-1.0,False
4500,Financial Services,Banks - Regional (1),UMBF,SYBT,0.6389657193954983,0.6118361603748973,0.0117475637624309,False,,,,,-1.0,False
4501,Financial Services,Banks - Regional (2),USB,WTFC,0.6489237966300215,0.6086725150914197,0.0447461259038412,False,,,,,-1.0,False
4502,Financial Services,Banks - Regional (2),USB,RNST,0.6605011746248259,0.6472581712343896,0.0154885951326248,False,,,,,-1.0,False
4503,Financial Services,Banks - Regional (2),USB,CBU,0.6265633049154115,0.61563229485989,0.0157673149449144,False,,,,,-1.0,False
4504,Financial Services,Banks - Regional (2),WTFC,CBU,0.7655777234517083,0.6425832189858636,0.0575467159584497,False,,,,,-1.0,False
